src_idx,tgt_idx,src_x,src_y,src_z,tgt_x,tgt_y,tgt_z,fpfh_l2_distance,residual_after_transform,is_geometrically_consistent
0.000000000000000000e+00,6.000000000000000000e+00,4.090763854980468750e+01,-7.723316669464111328e+00,2.686229467391967773e+00,3.864107513427734375e+01,-1.508972406387329102e+00,6.038280725479125977e-01,0.000000000000000000e+00,1.107397711422726516e+01,0.000000000000000000e+00
3.000000000000000000e+00,1.259000000000000000e+03,4.082753372192382812e+01,-7.012741088867187500e+00,9.074396491050720215e-01,4.434240818023681641e+00,-4.567138671875000000e+00,-8.416523933410644531e-01,5.659791926521889849e+01,3.452413090208199264e+01,0.000000000000000000e+00
5.000000000000000000e+00,5.780000000000000000e+02,4.078682327270507812e+01,-7.309891700744628906e+00,8.193265199661254883e-01,1.676262855529785156e+01,-4.263728141784667969e+00,-8.164479136466979980e-01,5.558124851113191056e+01,2.273683447231818988e+01,0.000000000000000000e+00
8.000000000000000000e+00,2.575000000000000000e+03,4.073350524902343750e+01,-7.127403497695922852e+00,7.793510556221008301e-01,5.329867362976074219e+00,-1.175114586949348450e-01,-1.160083770751953125e+00,5.719667365933776182e+01,3.479943227126231164e+01,0.000000000000000000e+00
1.700000000000000000e+01,4.350000000000000000e+02,4.036588287353515625e+01,-8.455704689025878906e+00,4.011225998401641846e-01,1.811425781250000000e+01,-4.128744602203369141e+00,9.645145535469055176e-01,4.693271928949070571e+01,2.137027095663573562e+01,0.000000000000000000e+00
2.900000000000000000e+01,5.700000000000000000e+02,3.847240829467773438e+01,-1.517765223979949951e-01,3.872296586632728577e-02,9.562006950378417969e+00,-1.019620418548583984e+01,-8.023719787597656250e-01,0.000000000000000000e+00,2.769601102878411325e+01,0.000000000000000000e+00
3.000000000000000000e+01,5.400000000000000000e+01,4.038814544677734375e+01,-8.974987030029296875e+00,3.655410930514335632e-02,2.541712379455566406e+01,-2.802244186401367188e+00,7.994185447692871094e+00,0.000000000000000000e+00,1.798155689493006548e+01,0.000000000000000000e+00
4.200000000000000000e+01,2.994000000000000000e+03,4.036715316772460938e+01,-6.604914665222167969e+00,-2.130857855081558228e-01,2.240794372558593750e+01,-4.569075425465901397e+00,-1.113251805305480957e+00,2.958006303308949470e+01,1.674474545704359585e+01,0.000000000000000000e+00
4.500000000000000000e+01,3.080000000000000000e+02,4.071263504028320312e+01,-8.027822494506835938e+00,-2.836124897003173828e-01,2.541483879089355469e+01,-2.838068485260009766e+00,4.520166516304016113e-01,4.308086030983920978e+01,1.590571281861904573e+01,0.000000000000000000e+00
4.800000000000000000e+01,1.370000000000000000e+02,4.072335433959960938e+01,-8.301566123962402344e+00,-4.005883634090423584e-01,2.735669708251953125e+01,-4.083681106567382812e+00,1.697870075702667236e+00,3.875534937284420067e+01,1.390056157172258722e+01,0.000000000000000000e+00
5.100000000000000000e+01,9.950000000000000000e+02,3.901879882812500000e+01,1.944406390190124512e+00,6.449241042137145996e-01,5.268500900268554688e+01,2.914475059509277344e+01,-1.766792178153991699e+00,2.672356253991485886e+01,3.523488233414263959e+01,0.000000000000000000e+00
5.900000000000000000e+01,3.100000000000000000e+02,4.043765258789062500e+01,-7.615811347961425781e+00,-2.871648669242858887e-01,2.671934509277343750e+01,-2.201460123062133789e+00,4.492938518524169922e-01,4.742692897648576889e+01,1.486207035786540764e+01,0.000000000000000000e+00
7.400000000000000000e+01,3.470000000000000000e+02,4.105797195434570312e+01,6.363111495971679688e+00,-2.754428625106811523e+00,2.478808784484863281e+01,-4.131121158599853516e+00,8.368267059326171875e+00,4.466747503046775591e+00,1.960812429195095419e+01,0.000000000000000000e+00
7.500000000000000000e+01,5.100000000000000000e+01,2.935670661926269531e+01,-2.990776598453521729e-01,2.891421556472778320e+00,2.535165596008300781e+01,-3.126840114593505859e+00,8.433961868286132812e+00,0.000000000000000000e+00,5.852069552661539831e+00,0.000000000000000000e+00
9.000000000000000000e+01,3.236000000000000000e+03,2.829787063598632812e+01,-1.740908980369567871e+00,1.892987966537475586e+00,4.678370285034179688e+01,-4.735033035278320312e+00,-2.567657947540283203e+00,2.944029992854027000e+01,2.093124175719921354e+01,0.000000000000000000e+00
9.100000000000000000e+01,2.848000000000000000e+03,3.316262435913085938e+01,-8.110413551330566406e+00,1.872527837753295898e+00,1.772324371337890625e+01,-4.118029117584228516e+00,3.302090764045715332e-01,7.871241610138928024e+01,1.495430793955603122e+01,0.000000000000000000e+00
9.200000000000000000e+01,2.406000000000000000e+03,2.704187965393066406e+01,-9.263696670532226562e+00,1.818364739418029785e+00,3.994467163085937500e+01,5.290023088455200195e-01,-2.414965867996215820e+00,2.605269909648886539e+01,2.070690837960685116e+01,0.000000000000000000e+00
9.500000000000000000e+01,3.344000000000000000e+03,2.811801910400390625e+01,-6.232969090342521667e-02,1.774031758308410645e+00,3.756684875488281250e+01,-1.392899513244628906e+01,-1.397678613662719727e+00,4.535486430972503769e+01,1.583221091273554038e+01,0.000000000000000000e+00
1.090000000000000000e+02,3.514000000000000000e+03,2.668683052062988281e+01,-1.000555706024169922e+01,1.648674845695495605e+00,4.822412872314453125e+01,2.964163398742675781e+01,-1.163235425949096680e+00,9.217201780194191940e+01,4.917086517031180648e+01,0.000000000000000000e+00
1.140000000000000000e+02,1.058000000000000000e+03,3.090236473083496094e+01,-1.006737995147705078e+01,1.598759651184082031e+00,3.793433888753255445e+01,-1.098267300923665424e+01,3.047312597433726178e-01,3.873471504754031969e+01,1.037540362497661839e+01,0.000000000000000000e+00
1.160000000000000000e+02,2.969000000000000000e+03,3.079192924499511719e+01,-9.824403762817382812e+00,1.589385390281677246e+00,2.243136405944824219e+01,-4.536203861236572266e+00,-1.185620903968811035e+00,3.138422818684511384e+01,1.065534426140759727e+01,0.000000000000000000e+00
1.180000000000000000e+02,1.532000000000000000e+03,2.764855194091796875e+01,-7.608051776885986328e+00,1.583459377288818359e+00,3.326055102878146386e+01,2.649186642964680871e+01,-2.719265964296129212e+00,3.481101116476068569e+01,3.830827839219923447e+01,0.000000000000000000e+00
1.270000000000000000e+02,2.264000000000000000e+03,3.182994556427001953e+01,-8.731644630432128906e+00,1.563618302345275879e+00,7.464619636535644531e+00,-4.355320930480957031e+00,-3.464152812957763672e-01,3.394274530974062287e+01,2.307020827491484738e+01,0.000000000000000000e+00
1.330000000000000000e+02,3.026000000000000000e+03,3.537402153015136719e+01,-8.394008636474609375e+00,1.534452855587005615e+00,2.244318580627441406e+01,-4.198090553283691406e+00,-9.785658121109008789e-01,3.134326651516733264e+01,1.328592154175621687e+01,0.000000000000000000e+00
1.400000000000000000e+02,3.669000000000000000e+03,3.396742057800292969e+01,-8.590619087219238281e+00,1.509108483791351318e+00,2.933780860900878906e+01,-1.224737834930419922e+01,1.521208047866821289e+00,3.386872911259953867e+01,1.849002552406814548e+00,0.000000000000000000e+00
1.460000000000000000e+02,2.177000000000000000e+03,3.086022377014160156e+01,-1.010282516479492188e+01,1.490196824073791504e+00,1.401733016967773438e+01,-4.028064250946044922e+00,-9.028206467628479004e-01,3.597890541207568305e+01,1.700988416448121399e+01,0.000000000000000000e+00
1.490000000000000000e+02,3.589000000000000000e+03,3.065655326843261719e+01,-1.003754043579101562e+01,1.481220602989196777e+00,3.331068801879882812e+01,2.680264091491699219e+01,-2.596914529800415039e+00,3.147571699412337409e+01,4.083079768389018938e+01,0.000000000000000000e+00
1.510000000000000000e+02,2.164000000000000000e+03,3.209775543212890625e+01,-1.214474105834960938e+01,1.478171586990356445e+00,4.401032447814941406e+00,-3.214622497558593750e+00,-9.657006859779357910e-01,3.849960480018162201e+01,2.760817150222246497e+01,0.000000000000000000e+00
1.550000000000000000e+02,1.781000000000000000e+03,3.088366190592448035e+01,-1.000779406229654889e+01,1.467836419741312737e+00,2.593962478637695312e+01,-2.884950399398803711e+00,8.693879246711730957e-01,3.375878762482050632e+01,1.075280666873564073e+01,0.000000000000000000e+00
1.640000000000000000e+02,8.190000000000000000e+02,3.081622314453125000e+01,-9.564333915710449219e+00,1.429886341094970703e+00,1.427340793609619141e+01,-4.103211879730224609e+00,-1.278543710708618164e+00,3.210302422482320139e+01,1.652943184100687191e+01,0.000000000000000000e+00
1.680000000000000000e+02,3.661000000000000000e+03,3.080495452880859375e+01,-9.844004631042480469e+00,1.427893280982971191e+00,1.417480468750000000e+01,-4.264604568481445312e+00,-1.181993603706359863e+00,3.438729905373000406e+01,1.661937757098606028e+01,0.000000000000000000e+00
1.770000000000000000e+02,1.310000000000000000e+02,2.773262278238932410e+01,-7.916568279266357422e+00,1.449614167213439941e+00,3.119097900390625000e+01,-1.251451015472412109e+01,1.720814704895019531e+00,3.586494775561443760e+01,6.314014263887361089e+00,0.000000000000000000e+00
1.840000000000000000e+02,3.212000000000000000e+03,3.082683897018432617e+01,-9.903608560562133789e+00,1.426564335823059082e+00,4.232069015502929688e+01,1.649781036376953125e+01,-2.174276351928710938e+00,3.038105163462516600e+01,3.332031210762981743e+01,0.000000000000000000e+00
1.900000000000000000e+02,2.300000000000000000e+03,3.219057464599609375e+01,-1.182038021087646484e+01,1.364788293838500977e+00,4.582781314849853516e+00,-3.191662549972534180e+00,-1.044203758239746094e+00,4.071050747418217242e+01,2.743023333042341250e+01,0.000000000000000000e+00
1.950000000000000000e+02,1.540000000000000000e+03,2.792246437072753906e+01,-9.940186500549316406e+00,1.353380680084228516e+00,5.558917236328125000e+01,2.909004020690917969e+01,-3.158267736434936523e+00,2.203288936771502549e+01,5.222927880632648368e+01,0.000000000000000000e+00
2.000000000000000000e+02,2.458000000000000000e+03,3.079759025573730469e+01,-1.003086757659912109e+01,1.669705510139465332e+00,1.186233901977539062e+01,-9.440793991088867188e+00,-6.517450213432312012e-01,4.914267541600322176e+01,1.666626075798504658e+01,0.000000000000000000e+00
2.010000000000000000e+02,8.460000000000000000e+02,2.768272018432617188e+01,-7.978546619415283203e+00,1.347139954566955566e+00,3.129064178466796875e+01,-1.255411148071289062e+01,1.726216912269592285e+00,3.081432348094055840e+01,6.466128698067676872e+00,0.000000000000000000e+00
2.070000000000000000e+02,3.154000000000000000e+03,3.186184628804524621e+01,-8.616055170694986387e+00,1.331954161326090569e+00,3.335462951660156250e+01,2.655899238586425781e+01,-2.593562841415405273e+00,2.937257774182032932e+01,3.916014375674902936e+01,0.000000000000000000e+00
2.120000000000000000e+02,3.090000000000000000e+03,3.087041473388671875e+01,-1.012657499313354492e+01,1.344517827033996582e+00,3.318685913085937500e+01,2.695900344848632812e+01,-2.863168001174926758e+00,3.373564906085294979e+01,4.106633595501837419e+01,0.000000000000000000e+00
2.230000000000000000e+02,1.970000000000000000e+02,3.287781524658203125e+01,-8.622553507486978575e+00,1.344069401423136467e+00,3.006429862976074219e+01,-1.222881793975830078e+01,1.246097087860107422e+00,2.722104330996909383e+01,1.993230491207851895e-01,1.000000000000000000e+00
2.320000000000000000e+02,1.410000000000000000e+02,2.816256141662597656e+01,-1.172701641917228699e-01,1.264822483062744141e+00,2.717943382263183594e+01,-3.632719278335571289e+00,1.663147687911987305e+00,3.093155853605091465e+01,8.645626132878959647e-01,1.000000000000000000e+00
2.510000000000000000e+02,7.880000000000000000e+02,3.194283676147460938e+01,-8.508832931518554688e+00,1.220128774642944336e+00,1.443192958831787109e+01,-4.143253803253173828e+00,-1.418787121772766113e+00,3.036981552062720269e+01,1.696036209799300920e+01,0.000000000000000000e+00
2.540000000000000000e+02,9.700000000000000000e+01,2.665489959716796875e+01,-7.286089420318603516e+00,1.216400027275085449e+00,2.575183868408203125e+01,-5.636168003082275391e+00,2.075165510177612305e+00,0.000000000000000000e+00,4.935500947429830809e+00,0.000000000000000000e+00
2.580000000000000000e+02,3.499000000000000000e+03,3.162888336181640625e+01,-8.739252567291259766e+00,1.243246912956237793e+00,1.081188535690307617e+01,-9.636880874633789062e+00,-1.763041391968727112e-01,3.015776650759716304e+01,1.827964454709695019e+01,0.000000000000000000e+00
2.600000000000000000e+02,1.143000000000000000e+03,2.945101356506347656e+01,-1.000462818145751953e+01,1.201942682266235352e+00,1.186037349700927734e+01,-4.096160888671875000e+00,-1.135990142822265625e+00,2.917470229096928946e+01,1.745839731408531037e+01,0.000000000000000000e+00
2.650000000000000000e+02,1.660000000000000000e+02,3.076315879821777344e+01,-9.881319046020507812e+00,1.193829894065856934e+00,2.754108810424804688e+01,-2.716291189193725586e+00,1.670476317405700684e+00,3.691390220540002787e+01,1.057937598296473602e+01,0.000000000000000000e+00
2.670000000000000000e+02,1.291000000000000000e+03,3.403257560729980469e+01,-8.422379970550537109e+00,1.229928493499755859e+00,1.241485977172851562e+01,-4.127501487731933594e+00,-1.157976031303405762e+00,2.902576227712469148e+01,2.066412064499852974e+01,0.000000000000000000e+00
2.770000000000000000e+02,2.213000000000000000e+03,2.985210609436035156e+01,-1.188355255126953125e+01,1.169804811477661133e+00,5.338204860687255859e+00,-3.731433868408203125e+00,-8.920863270759582520e-01,3.585115151250053600e+01,2.432342020562503393e+01,0.000000000000000000e+00
2.800000000000000000e+02,6.570000000000000000e+02,3.401388168334960938e+01,-8.401397705078125000e+00,1.168509364128112793e+00,1.455462169647216797e+01,-4.545944690704345703e+00,-1.018224239349365234e+00,3.303131932040214735e+01,1.850568539716388017e+01,0.000000000000000000e+00
2.860000000000000000e+02,2.360000000000000000e+02,3.294559860229492188e+01,-8.508827209472656250e+00,1.142040371894836426e+00,3.036637306213378906e+01,-1.235961437225341797e+01,1.055391430854797363e+00,2.774410999746998030e+01,3.165199472474828912e-01,1.000000000000000000e+00
2.940000000000000000e+02,2.640000000000000000e+02,3.164671325683593750e+01,-8.888713836669921875e+00,1.377576828002929688e+00,2.567164230346679688e+01,-4.075279235839843750e+00,8.995867371559143066e-01,3.300007551480625523e+01,8.930392088498512848e+00,0.000000000000000000e+00
2.950000000000000000e+02,3.830000000000000000e+03,3.418601989746093750e+01,-8.539239883422851562e+00,1.114396333694458008e+00,3.117511177062988281e+01,-1.249775695800781250e+01,1.406881809234619141e+00,2.489541235781158690e+01,3.363440871686375067e-01,1.000000000000000000e+00
3.030000000000000000e+02,9.560000000000000000e+02,2.783078193664550781e+01,-1.065651297569274902e+00,1.093795895576477051e+00,2.711812210083007812e+01,-2.992601394653320312e+00,8.217093348503112793e-01,2.879959429727325215e+01,1.699060249395194955e+00,0.000000000000000000e+00
3.040000000000000000e+02,3.713000000000000000e+03,3.163711166381835938e+01,-8.723845481872558594e+00,1.104609727859497070e+00,7.806054830551147461e+00,-4.326974868774414062e+00,-8.806236684322357178e-01,2.995376802922485027e+01,2.257748635381082636e+01,0.000000000000000000e+00
3.250000000000000000e+02,4.820000000000000000e+02,3.171244049072265625e+01,-8.831254959106445312e+00,9.805395007133483887e-01,1.096826934814453125e+01,-9.620046615600585938e+00,-1.600676774978637695e-01,3.375116967065368101e+01,1.819190410989433460e+01,0.000000000000000000e+00
3.340000000000000000e+02,2.539000000000000000e+03,3.130344200134277344e+01,-7.367609500885009766e+00,9.104833006858825684e-01,5.279952526092529297e+00,-2.861930370330810547e+00,-1.090753555297851562e+00,7.206086765449555287e+01,2.481516784699193323e+01,0.000000000000000000e+00
3.350000000000000000e+02,1.082000000000000000e+03,3.391677093505859375e+01,-8.399316787719726562e+00,9.011877179145812988e-01,1.212242031097412109e+01,-3.965465068817138672e+00,-9.253108501434326172e-01,2.873654620616985866e+01,2.081707324630067646e+01,0.000000000000000000e+00
3.400000000000000000e+02,1.050000000000000000e+02,2.772260093688964844e+01,-1.289381623268127441e+00,8.496580719947814941e-01,2.726879119873046875e+01,-5.222692966461181641e+00,2.008668661117553711e+00,3.252027896804499818e+01,1.928303744339882275e+00,0.000000000000000000e+00
3.420000000000000000e+02,2.237000000000000000e+03,2.708379745483398438e+01,-6.004346013069152832e-01,8.094286322593688965e-01,2.556426811218261719e+01,-2.957296609878540039e+00,5.345893502235412598e-01,4.008993942039817426e+01,8.450388654837385216e-01,1.000000000000000000e+00
3.480000000000000000e+02,3.272000000000000000e+03,2.812351608276367188e+01,-6.263290643692016602e-01,7.019954919815063477e-01,2.792500495910644531e+01,-5.176080703735351562e+00,2.138148307800292969e+00,2.672523377600899863e+01,2.478971672024695927e+00,0.000000000000000000e+00
3.530000000000000000e+02,8.000000000000000000e+01,2.841017532348632812e+01,-1.983133196830749512e+00,6.410725712776184082e-01,2.675535583496093750e+01,-4.201998233795166016e+00,2.423887729644775391e+00,2.436603642106847900e+01,1.917348894388975822e+00,0.000000000000000000e+00
3.550000000000000000e+02,2.190000000000000000e+02,2.830702018737792969e+01,-1.102449893951416016e+00,6.123093962669372559e-01,2.673026275634765625e+01,-2.440404891967773438e+00,1.131821990013122559e+00,4.487450090937991121e+01,1.887375938539547660e+00,0.000000000000000000e+00
3.820000000000000000e+02,3.479000000000000000e+03,2.688042259216308594e+01,-2.349873542785644531e+00,3.858424127101898193e-01,1.728321647644042969e+01,-1.972023606300354004e+00,-8.363527059555053711e-01,3.426855890227346890e+01,8.426268290047747911e+00,0.000000000000000000e+00
3.900000000000000000e+02,4.520000000000000000e+02,2.813745880126953125e+01,-6.582836508750915527e-01,2.526747584342956543e-01,2.623650550842285156e+01,-4.032939434051513672e+00,2.109268680214881897e-02,5.036488979679948841e+01,4.620580513047949922e-01,1.000000000000000000e+00
3.950000000000000000e+02,1.006000000000000000e+03,2.715508270263671875e+01,-2.024890661239624023e+00,1.633641570806503296e-01,6.832670593261718750e+01,-1.267914652824401855e+00,7.879900455474853516e+00,3.293779811166709237e+01,4.395175299032585770e+01,0.000000000000000000e+00
4.000000000000000000e+02,2.312000000000000000e+03,3.033264160156250000e+01,-1.341726899147033691e+00,1.228384301066398621e-01,1.202088832855224609e+01,-3.088218212127685547e+00,-1.050934553146362305e+00,2.859690309933809971e+01,1.654772460033742831e+01,0.000000000000000000e+00
4.100000000000000000e+02,1.941000000000000000e+03,2.770397567749023438e+01,-4.079695791006088257e-02,-7.015609741210937500e-02,3.853792953491210938e+01,-5.018289089202880859e+00,1.079868748784065247e-01,4.828878120021597908e+01,1.270074482011116856e+01,0.000000000000000000e+00
4.140000000000000000e+02,1.238000000000000000e+03,2.812662696838378906e+01,-1.409453630447387695e+00,-1.054679080843925476e-01,9.405611991882324219e+00,-3.977665066719055176e+00,-7.953400909900665283e-01,4.177949452378583572e+01,1.685855723328525002e+01,0.000000000000000000e+00
4.180000000000000000e+02,2.062000000000000000e+03,2.948094940185546875e+01,-6.770460009574890137e-01,-2.357578575611114502e-01,1.088157590230306049e+01,-4.866234779357910156e+00,-1.021387894948323494e+00,7.303341453521538540e+01,1.683301854993773716e+01,0.000000000000000000e+00
4.260000000000000000e+02,4.000000000000000000e+00,3.111667060852050781e+01,-1.527289867401123047e+01,-4.370858967304229736e-01,3.805386352539062500e+01,-1.215462017059326172e+01,9.343166351318359375e-01,8.059418086059656616e+01,1.242997457250884530e+01,0.000000000000000000e+00
4.270000000000000000e+02,3.602000000000000000e+03,3.089710807800292969e+01,-1.258403968811035156e+01,-5.090512633323669434e-01,5.073384475708007812e+01,2.906934356689453125e+01,-1.712706804275512695e+00,6.254262575670733781e+01,5.062635133716621993e+01,0.000000000000000000e+00
4.290000000000000000e+02,1.770000000000000000e+03,2.714368438720703125e+01,-8.723706007003784180e-01,-6.345841288566589355e-01,6.746086883544921875e+01,-1.566770911216735840e+00,7.424361705780029297e+00,2.230821694829025503e+01,4.293743629231502013e+01,0.000000000000000000e+00
4.310000000000000000e+02,3.539000000000000000e+03,3.117348098754882812e+01,-1.249472236633300781e+01,-7.302150130271911621e-01,5.148170471191406250e+01,2.949685287475585938e+01,-1.737974524497985840e+00,3.763020811494143913e+01,5.116293289789557974e+01,0.000000000000000000e+00
4.320000000000000000e+02,1.247000000000000000e+03,2.729389953613281250e+01,-3.813516497611999512e-01,-1.162215471267700195e+00,8.719527244567871094e+00,-9.250006675720214844e+00,-1.357901453971862793e+00,3.755331194542286966e+01,1.779299556992359044e+01,0.000000000000000000e+00
4.460000000000000000e+02,2.173000000000000000e+03,2.553115558624267578e+01,-2.005017638206481934e+00,-1.666865706443786621e+00,7.369142055511474609e+00,-7.018657922744750977e-01,-9.406203627586364746e-01,4.117551808119232248e+01,1.673768907883854595e+01,0.000000000000000000e+00
4.510000000000000000e+02,1.324000000000000000e+03,2.545305633544921875e+01,-2.274754524230957031e+00,-1.890681982040405273e+00,1.135642242431640625e+01,-4.605429172515869141e+00,-1.079035878181457520e+00,4.551057638495750268e+01,1.214271859086994532e+01,0.000000000000000000e+00
4.550000000000000000e+02,3.718000000000000000e+03,2.545165634155273438e+01,-2.190507173538208008e+00,-1.985713362693786621e+00,1.929868698120117188e+01,-4.278635978698730469e+00,-1.257897257804870605e+00,4.857964598894800190e+01,4.280787443516367752e+00,0.000000000000000000e+00
4.590000000000000000e+02,9.130000000000000000e+02,2.897189521789550781e+01,3.702696859836578369e-01,2.201091051101684570e+00,5.747920227050781250e+01,2.930302429199218750e+01,-2.097683668136596680e+00,2.097176551844615844e+01,4.436654999460176185e+01,0.000000000000000000e+00
4.680000000000000000e+02,1.220000000000000000e+03,3.101789855957031250e+01,-1.547475910186767578e+01,5.480974912643432617e-01,1.136958885192871094e+01,-3.413797378540039062e+00,-1.491558909416198730e+00,6.489867017679577543e+01,2.238210118285118355e+01,0.000000000000000000e+00
4.920000000000000000e+02,3.300000000000000000e+01,2.890436172485351562e+01,4.565137326717376709e-01,1.053660750389099121e+00,3.765373992919921875e+01,-1.363034057617187500e+01,1.813046447932720184e-02,2.410016255964984211e+01,1.508111763521962700e+01,0.000000000000000000e+00
4.950000000000000000e+02,1.830000000000000000e+03,2.731021499633789062e+01,1.119906544685363770e+00,9.658095240592956543e-01,3.863364791870117188e+01,-2.024237811565399170e-01,-2.320529699325561523e+00,6.597257342208175146e+01,1.347701224100018891e+01,0.000000000000000000e+00
4.960000000000000000e+02,2.440000000000000000e+02,2.769183349609375000e+01,4.863837659358978271e-01,9.174439907073974609e-01,2.639013671875000000e+01,-2.639254808425903320e+00,1.012230873107910156e+00,3.904919835864755129e+01,3.685860857341182739e-01,1.000000000000000000e+00
5.020000000000000000e+02,3.120000000000000000e+02,2.751395797729492188e+01,3.226294517517089844e-01,8.005847930908203125e-01,2.625736045837402344e+01,-4.236165046691894531e+00,4.190629720687866211e-01,4.332871433175447606e+01,1.628468497549286020e+00,0.000000000000000000e+00
5.050000000000000000e+02,3.689000000000000000e+03,2.748125457763671875e+01,4.489129185676574707e-01,7.220396399497985840e-01,2.526582145690917969e+01,-2.977148532867431641e+00,1.231465935707092285e+00,4.574995557805305424e+01,7.321993856350654806e-01,1.000000000000000000e+00
5.260000000000000000e+02,6.640000000000000000e+02,2.807240867614746094e+01,5.901696085929870605e-01,1.953313350677490234e-01,2.531963539123535156e+01,-2.671628236770629883e+00,6.852475404739379883e-01,4.031759588967137375e+01,1.150147143943222705e+00,0.000000000000000000e+00
5.290000000000000000e+02,3.196000000000000000e+03,2.816072654724121094e+01,3.527352213859558105e-01,9.138926863670349121e-02,2.544326782226562500e+01,-2.536597251892089844e+00,6.041046380996704102e-01,3.856401412593541522e+01,1.123157037425433158e+00,0.000000000000000000e+00
5.340000000000000000e+02,1.765000000000000000e+03,2.810368537902832031e+01,3.861595988273620605e-01,-2.731124162673950195e-01,1.383320331573486328e+01,2.414096146821975708e-01,-1.345526099205017090e+00,3.664764401975632779e+01,1.300352646666709155e+01,0.000000000000000000e+00
5.390000000000000000e+02,5.310000000000000000e+02,1.975408554077148438e+01,-9.452001571655273438e+00,1.329938411712646484e+00,8.421049118041992188e+00,-1.144872379302978516e+01,-6.469098329544067383e-01,0.000000000000000000e+00,8.798253099200936234e+00,0.000000000000000000e+00
5.780000000000000000e+02,1.240000000000000000e+03,1.989885902404785156e+01,-1.063934803009033203e+00,4.841865301132202148e-01,8.177324676513671875e+01,9.564198493957519531e+00,-4.365520954132080078e+00,2.379105860234921010e+01,6.513412843736732327e+01,0.000000000000000000e+00
5.800000000000000000e+02,1.644000000000000000e+03,1.853621673583984375e+01,-1.120494365692138672e+01,4.466608762741088867e-01,1.188364791870117188e+01,-2.624329626560211182e-01,-1.101521253585815430e+00,3.321455721653820348e+01,1.348700988544538859e+01,0.000000000000000000e+00
5.830000000000000000e+02,2.673000000000000000e+03,2.000811386108398438e+01,-1.073028683662414551e+00,3.577073514461517334e-01,1.293479614257812500e+02,1.063306427001953125e+01,-2.974383592605590820e+00,2.041241452319315286e+01,1.120533492045656772e+02,0.000000000000000000e+00
5.860000000000000000e+02,3.471000000000000000e+03,1.860260009765625000e+01,-8.657542228698730469e+00,3.251105844974517822e-01,5.243943405151367188e+01,8.751317024230957031e+00,-3.024450302124023438e+00,3.255646921484236600e+01,4.148738350453913171e+01,0.000000000000000000e+00
5.950000000000000000e+02,5.200000000000000000e+01,1.760778999328613281e+01,-1.203927612304687500e+01,1.954796463251113892e-01,2.502650260925292969e+01,-4.935304164886474609e+00,8.173748970031738281e+00,0.000000000000000000e+00,1.586673087760096834e+01,0.000000000000000000e+00
5.980000000000000000e+02,1.951000000000000000e+03,2.080632781982421875e+01,-2.745716333389282227e+00,1.920152902603149414e-01,1.569245529174804688e+01,-5.069268941879272461e-01,-1.270087957382202148e+00,4.665213597430976478e+01,5.708639221216780690e+00,0.000000000000000000e+00
6.040000000000000000e+02,3.419000000000000000e+03,1.862443351745605469e+01,-1.057865238189697266e+01,1.278274357318878174e-01,8.424041748046875000e+00,-3.730214595794677734e+00,-1.105743527412414551e+00,3.226808028241762116e+01,1.149641025260601523e+01,0.000000000000000000e+00
6.090000000000000000e+02,1.060000000000000000e+02,1.857628059387207031e+01,-1.044274234771728516e+01,8.164054900407791138e-02,3.127591514587402344e+01,-1.225664615631103516e+01,1.999187111854553223e+00,4.872810418682339417e+01,1.570482454357290969e+01,0.000000000000000000e+00
6.130000000000000000e+02,1.680000000000000000e+02,1.636891555786132812e+01,-1.456734085083007812e+01,5.101754516363143921e-02,2.714918518066406250e+01,-5.987694263458251953e+00,1.424009323120117188e+00,2.569197271427670870e+01,1.751082973918860120e+01,0.000000000000000000e+00
6.300000000000000000e+02,2.409000000000000000e+03,1.828353309631347656e+01,-1.082828044891357422e+01,-4.248099029064178467e-02,3.044628143310546875e+01,-1.230578136444091797e+01,1.166915178298950195e+00,3.156537101823931835e+01,1.515346127406141186e+01,0.000000000000000000e+00
6.340000000000000000e+02,3.603000000000000000e+03,2.080186843872070312e+01,-2.427198410034179688e+00,-6.277818977832794189e-02,1.905083847045898438e+01,-4.711345195770263672e+00,-5.679041892290115356e-02,4.996530955555168418e+01,2.670880590195103821e-01,1.000000000000000000e+00
6.360000000000000000e+02,2.883000000000000000e+03,2.074894142150878906e+01,-2.614954471588134766e+00,-6.457312777638435364e-02,7.493481159210205078e+00,-7.618125677108764648e-01,-1.285658121109008789e+00,2.938130499642949545e+01,1.207565052436818576e+01,0.000000000000000000e+00
6.420000000000000000e+02,6.600000000000000000e+01,2.952534103393554688e+01,-9.978221058845520020e-01,1.032236814498901367e+00,2.701156806945800781e+01,-3.055495738983154297e+00,2.893076419830322266e+00,2.725208232458320978e+01,2.222849275534591662e+00,0.000000000000000000e+00
6.520000000000000000e+02,2.851000000000000000e+03,2.070275688171386719e+01,-2.684283733367919922e+00,-1.149601414799690247e-01,2.358009338378906250e+01,-4.704640388488769531e+00,-1.676656961441040039e+00,3.408909374343552656e+01,5.172030767075619373e+00,0.000000000000000000e+00
6.630000000000000000e+02,7.860000000000000000e+02,2.712995529174804688e+01,-1.060809612274169922e+00,4.184575676918029785e-01,2.709029769897460938e+01,-2.995871543884277344e+00,1.483112335205078125e+00,4.370450152484502127e+01,2.294934533972906365e+00,0.000000000000000000e+00
6.670000000000000000e+02,4.860000000000000000e+02,2.070500183105468750e+01,-2.562265157699584961e+00,-1.981813609600067139e-01,1.867669582366943359e+01,-4.990859270095825195e+00,-1.639195382595062256e-01,3.965393066123746024e+01,2.306729669711933828e-01,1.000000000000000000e+00
6.750000000000000000e+02,2.185000000000000000e+03,3.406768798828125000e+01,-8.548875808715820312e+00,1.382512092590332031e+00,1.486289978027343750e+01,-4.038898468017578125e+00,-1.289093852043151855e+00,2.882221193066757792e+01,1.861325477571781306e+01,0.000000000000000000e+00
6.790000000000000000e+02,3.460000000000000000e+02,4.117185211181640625e+01,6.382358074188232422e+00,-2.630574703216552734e+00,2.485963535308837891e+01,-4.205683708190917969e+00,8.501255989074707031e+00,1.738743708228823515e+00,1.967093845960209464e+01,0.000000000000000000e+00
6.870000000000000000e+02,2.819000000000000000e+03,2.075221443176269531e+01,-2.599672079086303711e+00,-2.614966630935668945e-01,1.595883274078369141e+01,-4.117186566193898334e-01,-7.859192887941995886e-01,3.751229826152519564e+01,5.299655019926936994e+00,0.000000000000000000e+00
7.010000000000000000e+02,3.102000000000000000e+03,1.844961738586425781e+01,-8.721094131469726562e+00,-3.276604712009429932e-01,3.357939147949218750e+01,2.609517097473144531e+01,-2.853878021240234375e+00,6.054911531478273190e+01,4.093074414052602350e+01,0.000000000000000000e+00
7.090000000000000000e+02,3.128000000000000000e+03,3.409809494018554688e+01,-8.618209838867187500e+00,1.030139207839965820e+00,3.341796493530273438e+01,2.642497062683105469e+01,-2.723355770111083984e+00,3.049252753873128086e+01,3.909757177079434598e+01,0.000000000000000000e+00
7.190000000000000000e+02,1.020000000000000000e+02,2.009894371032714844e+01,-9.962053298950195312e+00,-4.208602607250213623e-01,2.755725669860839844e+01,-4.039615631103515625e+00,2.056223869323730469e+00,6.145752653348554162e+01,1.329032903714828073e+01,0.000000000000000000e+00
7.210000000000000000e+02,5.730000000000000000e+02,1.833482551574707031e+01,-1.010900211334228516e+01,-4.229600131511688232e-01,2.658453178405761719e+01,-5.315341949462890625e+00,2.042354106903076172e+00,4.340222473317315632e+01,1.318567624638286162e+01,0.000000000000000000e+00
7.230000000000000000e+02,2.231000000000000000e+03,2.039321327209472656e+01,-2.530195713043212891e+00,-4.268618524074554443e-01,1.716067123413085938e+01,-2.879069646199544419e+00,-7.743197083473205566e-01,4.317220550868598394e+01,2.304501745060036910e+00,0.000000000000000000e+00
7.410000000000000000e+02,2.680000000000000000e+02,1.888749885559082031e+01,-1.095561861991882324e+00,2.003119945526123047e+00,2.562577056884765625e+01,-2.100607395172119141e+00,8.261271715164184570e-01,4.949734690211144539e+01,8.695836406221996384e+00,0.000000000000000000e+00
7.600000000000000000e+02,1.958000000000000000e+03,1.362181663513183594e+01,-2.411134481430053711e+00,1.363917469978332520e+00,3.850836515426635742e+00,-3.639566898345947266e+00,-9.813356399536132812e-01,4.756975452201393040e+01,8.264465167444114968e+00,0.000000000000000000e+00
7.610000000000000000e+02,2.932000000000000000e+03,1.933120346069335938e+01,-3.150882422924041748e-01,1.229847192764282227e+00,1.213435592651367188e+02,2.515909194946289062e+01,2.856131792068481445e-01,1.663015671365617720e+01,1.073215629726722113e+02,0.000000000000000000e+00
7.640000000000000000e+02,1.550000000000000000e+03,1.916119194030761719e+01,-2.675944566726684570e-01,9.672116637229919434e-01,2.861973190307617188e+01,-5.259833812713623047e+00,7.458108663558959961e-01,3.250867043183533411e+01,1.152919768139932621e+01,0.000000000000000000e+00
7.650000000000000000e+02,3.787000000000000000e+03,1.929437065124511719e+01,-1.032701373100280762e+00,8.778073191642761230e-01,7.588578033447265625e+01,9.063455581665039062e+00,-3.817383527755737305e+00,2.601524246079561209e+01,5.983403200196490701e+01,0.000000000000000000e+00
7.660000000000000000e+02,1.116000000000000000e+03,1.177749824523925781e+01,-1.519843006134033203e+01,6.432202458381652832e-01,6.956350708007812500e+01,-1.236406564712524414e+00,1.068160820007324219e+01,2.357022603955158502e+01,6.380843635769718247e+01,0.000000000000000000e+00
7.680000000000000000e+02,1.030000000000000000e+03,1.380751895904541016e+01,-1.181843185424804688e+01,4.864912033081054688e-01,1.724547195434570312e+01,-3.233963251113891602e+00,-3.833433628082275391e+00,0.000000000000000000e+00,1.267004270543662514e+01,0.000000000000000000e+00
7.710000000000000000e+02,3.248000000000000000e+03,1.420821285247802734e+01,-1.170666408538818359e+01,3.123603761196136475e-01,1.736188697814941406e+01,-1.349458098411560059e+00,-1.073059916496276855e+00,2.553024871462112433e+00,1.337458882935615101e+01,0.000000000000000000e+00
7.770000000000000000e+02,1.196000000000000000e+03,2.831474304199218750e+01,-1.267564773559570312e+00,1.904067277908325195e+00,1.535392150878906250e+02,1.087089157104492188e+01,-2.661480665206909180e+00,2.626275052164262491e-01,1.281048903121410376e+02,0.000000000000000000e+00
7.800000000000000000e+02,3.014000000000000000e+03,2.053644498189290246e+01,-2.598384618759155273e+00,-1.804366658131281442e-01,2.346506385803222727e+01,-4.686942005157471058e+00,-1.526925611495971724e+00,3.873594630539537320e+01,5.139541377115197207e+00,0.000000000000000000e+00
7.820000000000000000e+02,3.179000000000000000e+03,9.895668983459472656e+00,-1.007239723205566406e+01,-1.051762029528617859e-01,3.773138046264648438e+01,-1.110223007202148438e+01,-3.014461696147918701e-01,7.000471389010203893e+01,3.063340841195285336e+01,0.000000000000000000e+00
7.930000000000000000e+02,2.698000000000000000e+03,2.760126495361328125e+01,6.774199604988098145e-01,1.344018578529357910e+00,2.692548942565917969e+01,-4.257669925689697266e+00,1.433165550231933594e+00,5.009372955133981975e+01,2.071293512247546875e+00,0.000000000000000000e+00
8.170000000000000000e+02,9.350000000000000000e+02,1.160422420501708984e+01,-9.288736343383789062e+00,-4.513349533081054688e-01,1.214071655273437500e+02,2.520535659790039062e+01,5.695742964744567871e-01,2.127365312031745148e+01,1.180207693062858993e+02,0.000000000000000000e+00
8.260000000000000000e+02,2.577000000000000000e+03,2.747164344787597656e+01,-6.328012794256210327e-02,4.855968058109283447e-01,2.641725921630859375e+01,-2.760931253433227539e+00,5.387228131294250488e-01,3.262272501458154039e+01,7.798530827207693639e-01,1.000000000000000000e+00
8.400000000000000000e+02,9.160000000000000000e+02,1.818403434753417969e+01,-8.967700004577636719e+00,-8.784926682710647583e-02,5.175078201293945312e+01,8.375186920166015625e+00,-2.529920816421508789e+00,2.783183624421324964e+01,4.115697762284808192e+01,0.000000000000000000e+00
8.450000000000000000e+02,2.537000000000000000e+03,2.919932365417480469e+01,5.278546810150146484e-01,-1.799657642841339111e-01,3.846213531494140625e+01,-3.715300083160400391e+00,7.606405615806579590e-01,0.000000000000000000e+00,1.100272895756915048e+01,0.000000000000000000e+00
8.510000000000000000e+02,3.557000000000000000e+03,1.919752311706542969e+01,-1.191452503204345703e+00,1.121427893638610840e+00,8.024953460693359375e+01,9.124472618103027344e+00,-4.277454853057861328e+00,2.604477408123594273e+01,6.430787012444582729e+01,0.000000000000000000e+00
8.760000000000000000e+02,6.510000000000000000e+02,9.824677467346191406e+00,-8.784349441528320312e+00,-3.278410434722900391e-01,3.145328521728515625e+01,-1.241826629638671875e+01,1.505702972412109375e+00,2.974048194524666755e+01,2.448125813648633198e+01,0.000000000000000000e+00
8.770000000000000000e+02,3.109000000000000000e+03,9.810480117797851562e+00,-8.799649238586425781e+00,-4.508240222930908203e-01,1.125848007202148438e+01,-1.403660655021667480e+00,-1.098943471908569336e+00,3.499286331600381317e+01,9.287153667202273866e+00,0.000000000000000000e+00
8.810000000000000000e+02,3.415000000000000000e+03,1.146931362152099609e+01,-1.620461106300354004e+00,4.191838264465332031e+00,1.241098785400390625e+02,2.441135978698730469e+01,9.942613840103149414e-01,0.000000000000000000e+00,1.176733291961887318e+02,0.000000000000000000e+00
8.820000000000000000e+02,1.299000000000000000e+03,1.138623619079589844e+01,-1.618124365806579590e+00,4.013140201568603516e+00,1.241119155883789062e+02,2.432284355163574219e+01,6.043592691421508789e-01,0.000000000000000000e+00,1.177383366163162464e+02,0.000000000000000000e+00
8.860000000000000000e+02,2.860000000000000000e+02,1.107342624664306641e+01,-2.545779466629028320e+00,1.947540283203125000e+00,2.681020355224609375e+01,-3.838511466979980469e+00,2.413428783416748047e+00,2.828765550981185228e+01,1.764300554021061984e+01,0.000000000000000000e+00
8.870000000000000000e+02,1.035000000000000000e+03,1.096578311920166016e+01,-2.591172933578491211e+00,1.861087083816528320e+00,2.520867729187011719e+01,-3.977634429931640625e+00,1.744181275367736816e+00,2.645345709252441679e+01,1.615644415341780515e+01,0.000000000000000000e+00
8.880000000000000000e+02,9.800000000000000000e+01,9.559723854064941406e+00,-3.721916675567626953e+00,1.686002612113952637e+00,2.681091690063476562e+01,-3.929286718368530273e+00,2.064872264862060547e+00,4.023286744602913245e+01,1.929853854890035336e+01,0.000000000000000000e+00
8.930000000000000000e+02,3.200000000000000000e+02,1.003720283508300781e+01,-3.810100078582763672e+00,1.648948073387145996e+00,3.122229385375976562e+01,-1.094418716430664062e+01,3.189449906349182129e-01,3.153450764319929078e+01,2.408117529867304896e+01,0.000000000000000000e+00
8.960000000000000000e+02,1.514000000000000000e+03,1.071008300781250000e+01,-4.413453578948974609e+00,1.486003279685974121e+00,6.716886043548583984e+00,-6.923663616180419922e+00,-8.557210564613342285e-01,0.000000000000000000e+00,3.460999992440195516e+00,0.000000000000000000e+00
8.970000000000000000e+02,1.886000000000000000e+03,1.109834575653076172e+01,-2.205676317214965820e+00,1.380677103996276855e+00,4.891312599182128906e+00,4.190642833709716797e+00,-1.087220668792724609e+00,9.399144214035044342e+01,9.077528603163136367e+00,0.000000000000000000e+00
9.100000000000000000e+02,1.817000000000000000e+03,1.148082447052001953e+01,-3.071783781051635742e+00,2.384276241064071655e-01,9.138471603393554688e+00,-2.250531435012817383e+00,-1.030417799949645996e+00,4.706832722877003761e+01,2.477590498389509399e+00,0.000000000000000000e+00
9.170000000000000000e+02,1.280000000000000000e+02,9.677753448486328125e+00,-3.810714721679687500e+00,1.091109752655029297e+00,2.771847343444824219e+01,-4.863968849182128906e+00,1.742406010627746582e+00,2.263262288072013106e+01,2.009205373868047317e+01,0.000000000000000000e+00
9.230000000000000000e+02,2.330000000000000000e+02,1.118107509613037109e+01,-3.374625444412231445e+00,8.489563465118408203e-01,2.628629302978515625e+01,-4.862936973571777344e+00,1.074347019195556641e+00,5.399880721827791774e+01,1.711422804353820837e+01,0.000000000000000000e+00
9.320000000000000000e+02,1.605000000000000000e+03,9.735986709594726562e+00,-3.795796155929565430e+00,-2.575472295284271240e-01,7.422492027282714844e+00,-7.161054015159606934e-01,-1.307532548904418945e+00,3.286251478468066978e+01,4.205920240424850576e+00,0.000000000000000000e+00
9.450000000000000000e+02,1.128000000000000000e+03,9.716397285461425781e+00,-3.912672758102416992e+00,-4.187209904193878174e-01,1.706038475036621094e+01,1.769252866506576538e-01,-1.140998959541320801e+00,3.635434229454559585e+01,1.069780522148208313e+01,0.000000000000000000e+00
9.510000000000000000e+02,3.610000000000000000e+03,9.832253456115722656e+00,-8.944876670837402344e+00,-2.179062068462371826e-01,1.103532028198242188e+01,-4.351882457733154297e+00,-1.307302236557006836e+00,4.035690324897206693e+01,6.834379951418910970e+00,0.000000000000000000e+00
9.520000000000000000e+02,2.220000000000000000e+02,1.148275089263916016e+01,-2.047638893127441406e+00,-5.863502621650695801e-01,2.615250205993652344e+01,-3.397105693817138672e+00,1.863912820816040039e+00,4.198721529204961911e+01,1.667568839165685901e+01,0.000000000000000000e+00
9.530000000000000000e+02,4.550000000000000000e+02,1.152192974090576172e+01,-1.040033221244812012e+00,-8.114076852798461914e-01,1.740726852416992188e+01,-4.934963226318359375e+00,5.196176767349243164e-01,2.716750327781323193e+01,8.172228592243927281e+00,0.000000000000000000e+00
9.560000000000000000e+02,1.510000000000000000e+02,1.102004051208496094e+01,-1.884964466094970703e+00,-8.750760555267333984e-01,2.719086456298828125e+01,-5.773097991943359375e+00,1.504186272621154785e+00,3.768051552729704667e+01,1.834617736356742768e+01,0.000000000000000000e+00
9.620000000000000000e+02,2.200000000000000000e+03,1.116559791564941406e+01,1.055592671036720276e-01,-1.049597382545471191e+00,4.141167163848876953e+00,4.002262115478515625e+00,-1.106313586235046387e+00,3.746706623336068986e+01,7.400234753743885285e+00,0.000000000000000000e+00
9.640000000000000000e+02,2.852000000000000000e+03,1.162672710418701172e+01,-7.023303508758544922e-01,-1.099854826927185059e+00,1.744229698181152344e+01,-3.496788978576660156e+00,1.015329957008361816e+00,3.958636840291813996e+01,7.916103230463447105e+00,0.000000000000000000e+00
9.680000000000000000e+02,3.540000000000000000e+02,1.147607517242431641e+01,-1.943969964981079102e+00,-1.116629719734191895e+00,2.472564506530761719e+01,-4.842801094055175781e+00,1.023732423782348633e+00,4.043290869259336517e+01,1.531524983458903222e+01,0.000000000000000000e+00
9.710000000000000000e+02,1.800000000000000000e+01,1.046129226684570312e+01,-1.567856431007385254e+00,-1.167307853698730469e+00,3.850569152832031250e+01,-3.587010383605957031e+00,4.030056893825531006e-01,1.251754178818233854e+01,2.988060408718672178e+01,0.000000000000000000e+00
9.790000000000000000e+02,2.200000000000000000e+02,9.735519409179687500e+00,-3.428823947906494141e+00,-6.290575265884399414e-01,2.910685539245605469e+01,-1.230415725708007812e+01,1.131482601165771484e+00,3.466726850674386640e+01,2.285783002589218782e+01,0.000000000000000000e+00
9.840000000000000000e+02,2.857000000000000000e+03,2.070674705505371094e+01,-2.607388734817504883e+00,1.161607541143894196e-02,2.364256477355957031e+01,-4.830906867980957031e+00,-1.610398292541503906e+00,3.888598003653783763e+01,5.233937809443021116e+00,0.000000000000000000e+00
9.880000000000000000e+02,1.317000000000000000e+03,2.841966629028320312e+01,-1.755989074707031250e+00,1.622120738029479980e+00,3.103514480590820312e+01,-1.115345859527587891e+01,2.245282381772994995e-01,3.155148491124899834e+01,7.854074835478860095e+00,0.000000000000000000e+00
9.930000000000000000e+02,1.444000000000000000e+03,1.045316314697265625e+01,-2.563630342483520508e+00,-7.031768560409545898e-01,1.065330123901367188e+01,-1.067712187767028809e+00,-1.306871891021728516e+00,3.765952406875429403e+01,3.378402161803999437e+00,0.000000000000000000e+00
9.990000000000000000e+02,1.585000000000000000e+03,1.042790126800537109e+01,-2.763266801834106445e+00,-7.407076954841613770e-01,2.926265335083007812e+01,-1.241125392913818359e+01,1.652089834213256836e+00,3.233958961748855643e+01,2.259404331992374182e+01,0.000000000000000000e+00
1.004000000000000000e+03,3.294000000000000000e+03,9.881120204925537109e+00,-3.196096897125244141e+00,-7.473883032798767090e-01,4.483326721191406250e+01,-4.378517150878906250e+00,-1.936581790447235107e+00,3.308407175916804732e+01,3.695615500331451386e+01,0.000000000000000000e+00
1.008000000000000000e+03,1.699000000000000000e+03,1.077175617218017578e+01,-2.739868640899658203e+00,-8.018563985824584961e-01,4.226205571492513258e+01,1.632990964253743371e+01,-2.274194637934366714e+00,3.040182749880603552e+01,3.904837696788209200e+01,0.000000000000000000e+00
1.022000000000000000e+03,2.717000000000000000e+03,9.592681884765625000e+00,-3.911563396453857422e+00,-8.921478986740112305e-01,1.643740653991699219e+01,1.220582842826843262e+00,-1.212945103645324707e+00,4.050673787605747123e+01,1.077290926318451270e+01,0.000000000000000000e+00
1.030000000000000000e+03,5.060000000000000000e+02,2.730762290954589844e+01,2.184430837631225586e+00,9.598550200462341309e-01,1.639990043640136719e+01,-2.732645034790039062e+00,-4.387388229370117188e-01,3.188664185663414585e+01,9.757075374186447547e+00,0.000000000000000000e+00
1.044000000000000000e+03,1.456000000000000000e+03,1.014987182617187500e+01,-3.100674390792846680e+00,-9.796041250228881836e-01,1.238127136230468750e+01,-4.265696048736572266e+00,-1.028839707374572754e+00,3.095424451502245944e+01,4.210852340748612477e+00,0.000000000000000000e+00
1.063000000000000000e+03,3.812000000000000000e+03,1.075065040588378906e+01,-2.651013851165771484e+00,-1.032630681991577148e+00,4.495678138732910156e+01,-4.496891498565673828e+00,-2.045220851898193359e+00,2.595479483089684436e+01,3.615417526541333615e+01,0.000000000000000000e+00
1.074000000000000000e+03,7.520000000000000000e+02,1.118282794952392578e+01,-3.184916257858276367e+00,-1.116576433181762695e+00,1.491039848327636719e+01,-3.075611114501953125e+00,-1.211189866065979004e+00,4.438398634324459380e+01,5.847363846589363590e+00,0.000000000000000000e+00
1.079000000000000000e+03,3.134000000000000000e+03,1.020129871368408203e+01,-2.910286426544189453e+00,-1.189637780189514160e+00,2.271003532409667969e+01,-4.617938995361328125e+00,-1.419926047325134277e+00,3.356082323888723096e+01,1.447947160508220321e+01,0.000000000000000000e+00
1.092000000000000000e+03,9.120000000000000000e+02,1.087043285369873047e+01,-3.096002340316772461e+00,-3.322473049163818359e+00,6.847705841064453125e+01,-1.610391616821289062e+00,7.089312076568603516e+00,2.694046082122379460e+01,6.050753377814901768e+01,0.000000000000000000e+00
1.101000000000000000e+03,1.710000000000000000e+02,9.330340385437011719e+00,-3.341275930404663086e+00,-1.623305082321166992e-01,3.149573326110839844e+01,-1.236603355407714844e+01,1.405571460723876953e+00,2.740086637933519853e+01,2.552624940988901514e+01,0.000000000000000000e+00
1.104000000000000000e+03,2.923000000000000000e+03,1.019864273071289062e+01,-3.054589033126831055e+00,-1.251071214675903320e+00,2.274050712585449219e+01,-4.674676895141601562e+00,-1.345329761505126953e+00,3.835094776878658251e+01,1.452244366318184632e+01,0.000000000000000000e+00
1.120000000000000000e+03,2.429000000000000000e+03,9.351620674133300781e+00,-3.590093612670898438e+00,-3.452367782592773438e-01,1.122544574737548828e+01,-1.494257092475891113e+00,-1.065814018249511719e+00,3.053373116117464647e+01,4.988231583583096374e+00,0.000000000000000000e+00
1.123000000000000000e+03,3.218000000000000000e+03,3.081165885925292969e+01,-1.000861644744873047e+01,1.244640827178955078e+00,4.226359176635742188e+01,1.630888938903808594e+01,-2.167793512344360352e+00,2.906227242953611878e+01,3.320867911984930743e+01,0.000000000000000000e+00
1.134000000000000000e+03,1.603000000000000000e+03,9.342056274414062500e+00,-3.331521511077880859e+00,-4.104213714599609375e-01,5.464481353759765625e+00,-3.799314498901367188e+00,-8.864419162273406982e-01,3.101760958358502052e+01,2.046778996943796614e+00,0.000000000000000000e+00
1.136000000000000000e+03,6.190000000000000000e+02,3.145476531982421875e+01,-7.074857711791992188e+00,1.070018887519836426e+00,1.675883817672729492e+01,-4.265042781829833984e+00,-8.844220638275146484e-01,5.763240609916045543e+01,1.380833427963951188e+01,0.000000000000000000e+00
1.137000000000000000e+03,5.550000000000000000e+02,9.406476974487304688e+00,-2.971590042114257812e+00,-4.200721681118011475e-01,1.577671146392822266e+01,-5.535928905010223389e-01,-7.218372523784637451e-01,4.348589515452290044e+01,8.966731879932027027e+00,0.000000000000000000e+00
1.144000000000000000e+03,6.200000000000000000e+01,7.058169364929199219e+00,-5.043225765228271484e+00,-7.195092439651489258e-01,2.660448646545410156e+01,-3.780985832214355469e+00,3.393294572830200195e+00,2.665092329329816323e+01,2.215379440942900757e+01,0.000000000000000000e+00
1.148000000000000000e+03,3.570000000000000000e+02,8.801164627075195312e+00,-1.195811986923217773e+00,-8.716746568679809570e-01,2.504946708679199219e+01,-2.370201826095581055e+00,9.045286476612091064e-01,4.413485528007859671e+01,1.805127101891771702e+01,0.000000000000000000e+00
1.176000000000000000e+03,1.693000000000000000e+03,8.756649971008300781e+00,-1.216249704360961914e+00,-1.142275333404541016e+00,9.043385187784830137e+00,-1.859038154284159416e+00,-1.111966371536254883e+00,3.469915137103642166e+01,2.037239956764238524e+00,0.000000000000000000e+00
1.190000000000000000e+03,4.750000000000000000e+02,9.202393531799316406e+00,-4.273643195629119873e-01,-1.179634332656860352e+00,1.875821352005004883e+01,-4.981001138687133789e+00,-1.013871878385543823e-01,4.314132647084558414e+01,1.181671495113454817e+01,0.000000000000000000e+00
1.191000000000000000e+03,3.642000000000000000e+03,8.895186424255371094e+00,-1.825289726257324219e+00,-1.186987519264221191e+00,2.245156860351562500e+01,-4.479544639587402344e+00,-1.330773115158081055e+00,3.330664353868034055e+01,1.547523199422337825e+01,0.000000000000000000e+00
1.202000000000000000e+03,1.797000000000000000e+03,9.329925537109375000e+00,-5.249521136283874512e-01,-1.232065081596374512e+00,2.818713903427124023e+00,3.882658720016479492e+00,-1.137766480445861816e+00,4.789381334096783149e+01,7.193180051659417984e+00,0.000000000000000000e+00
1.206000000000000000e+03,3.604000000000000000e+03,1.671796798706054688e+01,-1.445889854431152344e+01,1.725444346666336060e-01,1.878384208679199219e+01,-6.539975404739379883e-01,-7.336643338203430176e-01,2.131114772282121450e+01,1.644944144960700072e+01,0.000000000000000000e+00
1.208000000000000000e+03,1.470000000000000000e+02,8.693457603454589844e+00,-3.576593399047851562e-01,-1.253161311149597168e+00,3.129075622558593750e+01,-1.227905273437500000e+01,1.580203175544738770e+00,3.203925538326869571e+01,2.677783537851449935e+01,0.000000000000000000e+00
1.209000000000000000e+03,1.406000000000000000e+03,9.461676597595214844e+00,-3.516213655471801758e+00,-4.112119078636169434e-01,1.105903959274291992e+01,-1.036583542823791504e+00,-1.115617692470550537e+00,2.595125431738047084e+01,5.024423368968371939e+00,0.000000000000000000e+00
1.226000000000000000e+03,2.571000000000000000e+03,1.873262596130371094e+01,-1.088497257232666016e+01,4.021318629384040833e-02,1.085352389017740826e+01,-1.178987105687459236e+00,-1.070263624191284180e+00,3.246620119764901347e+01,1.271618003907180494e+01,0.000000000000000000e+00
1.233000000000000000e+03,2.561000000000000000e+03,9.539372762044271425e+00,-3.113361120223999023e+00,-3.566385805606842041e-01,7.778293132781982422e+00,-4.348893642425537109e+00,-9.703376293182373047e-01,2.805536566584879665e+01,8.938914217935181039e-01,1.000000000000000000e+00
1.240000000000000000e+03,2.031000000000000000e+03,7.922700881958007812e+00,3.597404956817626953e+00,-1.380314946174621582e+00,3.574799299240112305e+00,3.417906045913696289e+00,-1.039932966232299805e+00,3.429688481475565709e+01,3.246219656181077884e+00,0.000000000000000000e+00
1.242000000000000000e+03,5.300000000000000000e+02,8.930684089660644531e+00,-2.419258594512939453e+00,-1.446658611297607422e+00,2.808389663696289062e+01,-2.773900985717773438e+00,1.525844573974609375e+00,3.498750847793052543e+01,2.121995546150052547e+01,0.000000000000000000e+00
1.269000000000000000e+03,2.576000000000000000e+03,2.949086570739746094e+01,3.934890329837799072e-01,1.453961491584777832e+00,4.019084930419921875e+01,-1.044954061508178711e+00,-2.144932746887207031e+00,6.834333344183963277e+01,1.308098200161466806e+01,0.000000000000000000e+00
1.271000000000000000e+03,9.100000000000000000e+02,1.499217376708984375e+02,2.777225875854492188e+01,-3.745291233062744141e+00,6.964314270019531250e+01,-1.942577362060546875e+00,1.133683490753173828e+01,0.000000000000000000e+00,8.322876012930086631e+01,0.000000000000000000e+00
1.272000000000000000e+03,2.548000000000000000e+03,1.985336875915527344e+01,-8.797578811645507812e+00,6.813029646873474121e-01,1.713082504272460938e+01,-3.749130010604858398e+00,-3.798569440841674805e+00,0.000000000000000000e+00,8.509458848835015132e+00,0.000000000000000000e+00
1.274000000000000000e+03,2.001000000000000000e+03,7.958892059326171875e+01,1.856254959106445312e+01,-4.459174156188964844e+00,5.714247131347656250e+01,2.962574386596679688e+01,-3.240439176559448242e+00,0.000000000000000000e+00,3.046234641559108169e+01,0.000000000000000000e+00
1.276000000000000000e+03,1.240000000000000000e+02,7.091576385498046875e+01,6.186958789825439453e+00,6.750249385833740234e+00,2.584860229492187500e+01,-5.164024353027343750e+00,2.783862352371215820e+00,2.289510046057780457e+01,4.407745864187983642e+01,0.000000000000000000e+00
1.278000000000000000e+03,1.463000000000000000e+03,6.919132995605468750e+01,6.433805465698242188e+00,6.365542411804199219e+00,2.649983024597167969e+01,-3.632661104202270508e+00,2.548261880874633789e+00,2.564211198044680629e+01,4.168153700892233360e+01,0.000000000000000000e+00
1.280000000000000000e+03,8.510000000000000000e+02,5.411686325073242188e+01,3.519515991210937500e+01,-2.674943208694458008e+00,8.123694610595703125e+01,9.553413391113281250e+00,-3.702415227890014648e+00,1.198687700257931610e+01,3.140435390072159905e+01,0.000000000000000000e+00
1.297000000000000000e+03,3.139000000000000000e+03,2.941694068908691406e+01,-9.713751792907714844e+00,1.370926737785339355e+00,1.188221740722656250e+01,-3.971619606018066406e+00,-1.064806818962097168e+00,2.500207590029718219e+01,1.736817368216080837e+01,0.000000000000000000e+00
1.300000000000000000e+03,2.830000000000000000e+03,7.233364868164062500e+01,-2.137177085876464844e+01,6.967997550964355469e+00,1.387900066375732422e+01,1.630753040313720703e+00,-3.664492070674896240e-01,0.000000000000000000e+00,6.273933114879086759e+01,0.000000000000000000e+00
1.303000000000000000e+03,9.550000000000000000e+02,5.473512649536132812e+01,3.566925430297851562e+01,-3.111712694168090820e+00,1.519862365722656250e+02,1.019299125671386719e+01,-4.397952556610107422e+00,1.665025867504962775e+01,9.680374684098562454e+01,0.000000000000000000e+00
1.305000000000000000e+03,1.405000000000000000e+03,5.373993682861328125e+01,3.561660766601562500e+01,-3.067440748214721680e+00,1.228130493164062500e+02,2.589396095275878906e+01,-8.768461942672729492e-01,0.000000000000000000e+00,6.684969393074754862e+01,0.000000000000000000e+00
1.306000000000000000e+03,2.564000000000000000e+03,5.384965515136718750e+01,1.480900859832763672e+01,-2.896300077438354492e+00,6.730600738525390625e+01,-2.538004159927368164e+00,7.452683925628662109e+00,3.492390123435928473e+01,2.025415722028962762e+01,0.000000000000000000e+00
1.308000000000000000e+03,9.470000000000000000e+02,5.210562515258789062e+01,1.465572166442871094e+01,-2.809865236282348633e+00,5.151631927490234375e+01,2.944757461547851562e+01,-1.554348707199096680e+00,7.322635941034081952e+01,2.091428195683449687e+01,0.000000000000000000e+00
1.310000000000000000e+03,9.410000000000000000e+02,1.607267608642578125e+02,3.005653762817382812e+01,-4.016384124755859375e+00,6.972701263427734375e+01,-1.742069482803344727e+00,1.068528556823730469e+01,1.643244130243934675e+00,9.392851187740838270e+01,0.000000000000000000e+00
1.312000000000000000e+03,1.973000000000000000e+03,1.598800201416015625e+02,2.989834594726562500e+01,-3.995208501815795898e+00,1.527745971679687500e+02,9.910977363586425781e+00,-2.156260013580322266e+00,3.769510122653576989e+00,8.258640857159434745e+00,0.000000000000000000e+00
1.324000000000000000e+03,3.783000000000000000e+03,1.497264556884765625e+02,2.800618171691894531e+01,-3.387371301651000977e+00,6.951609802246093750e+01,-1.742883443832397461e+00,1.155239009857177734e+01,1.960727709975111921e+01,8.317307610338824020e+01,0.000000000000000000e+00
1.331000000000000000e+03,3.438000000000000000e+03,5.371277618408203125e+01,3.559676742553710938e+01,-2.265109300613403320e+00,1.509627227783203125e+02,1.066228771209716797e+01,-2.616149902343750000e+00,0.000000000000000000e+00,9.670881066957126393e+01,0.000000000000000000e+00
1.353000000000000000e+03,9.570000000000000000e+02,5.460683059692382812e+01,3.575276947021484375e+01,-2.702047109603881836e+00,1.489615783691406250e+02,-9.721214294433593750e+00,1.325525283813476562e+01,8.936599965088189990e+00,1.011246665179124733e+02,0.000000000000000000e+00
1.354000000000000000e+03,2.799000000000000000e+03,5.451068115234375000e+01,1.522787380218505859e+01,-2.497074604034423828e+00,2.662490844726562500e+01,-5.331040382385253906e+00,1.460371494293212891e+00,5.032514517706907498e+01,3.141495107695941869e+01,0.000000000000000000e+00
1.367000000000000000e+03,2.109000000000000000e+03,1.094912147521972656e+01,-2.764403700828552246e+00,-7.417127490043640137e-01,1.170386981964111328e+01,-2.985400259494781494e-01,-1.064000487327575684e+00,3.063665392479185101e+01,4.478772478198560947e+00,0.000000000000000000e+00
1.383000000000000000e+03,7.700000000000000000e+01,1.497650909423828125e+01,-8.173926353454589844e+00,5.891619995236396790e-02,3.106557083129882812e+01,-1.119443321228027344e+01,2.450156927108764648e+00,3.193258488802092998e+01,1.888818416878538642e+01,0.000000000000000000e+00
1.384000000000000000e+03,1.326000000000000000e+03,1.486165714263916016e+01,-7.632649898529052734e+00,-1.129672050476074219e+00,2.610413551330566406e+01,-2.808125734329223633e+00,6.154090762138366699e-01,3.033456136811717840e+01,1.525339106467781214e+01,0.000000000000000000e+00
1.386000000000000000e+03,8.620000000000000000e+02,1.917338752746582031e+01,-1.468207120895385742e+00,-1.140367150306701660e+00,1.753938293457031250e+01,-3.915081739425659180e+00,1.209449648857116699e+00,3.489873501729857708e+01,2.213613348984847295e+00,0.000000000000000000e+00
1.394000000000000000e+03,3.289000000000000000e+03,1.741616058349609375e+01,1.675650835037231445e+00,-1.101217150688171387e+00,4.512567138671875000e+01,-4.526895999908447266e+00,-1.946584224700927734e+00,3.129872059955871322e+01,2.949843786224624154e+01,0.000000000000000000e+00
1.395000000000000000e+03,1.178000000000000000e+03,2.534025573730468750e+01,-2.200915575027465820e+00,-1.798753976821899414e+00,2.575179862976074219e+01,-4.059782028198242188e+00,1.046413660049438477e+00,3.205586407808168303e+01,3.710999821268091914e+00,0.000000000000000000e+00
1.396000000000000000e+03,2.628000000000000000e+03,4.066765975952148438e+01,-6.897490978240966797e+00,6.552003026008605957e-01,7.151929855346679688e+00,-1.324828982353210449e+00,-1.131561279296875000e+00,4.663367318705437725e+01,3.256666824995791387e+01,0.000000000000000000e+00
1.406000000000000000e+03,1.175000000000000000e+03,1.379858303070068359e+01,-2.522967100143432617e+00,-1.176203846931457520e+00,7.692990303039550781e+00,-9.133228659629821777e-01,-1.280137300491333008e+00,3.294842127807947207e+01,5.168649533964764231e+00,0.000000000000000000e+00
1.409000000000000000e+03,1.032000000000000000e+03,1.430512905120849609e+01,-7.807980537414550781e+00,-1.177515387535095215e+00,1.441818046569824219e+01,-4.223793029785156250e+00,-9.270102977752685547e-01,2.879312041394785027e+01,5.691299613222057019e+00,0.000000000000000000e+00
1.410000000000000000e+03,1.615000000000000000e+03,3.522254943847656250e+01,-8.256258010864257812e+00,1.006532430648803711e+00,1.676540184020996094e+01,-1.146640852093696594e-01,-1.418417811393737793e+00,3.771955599517406910e+01,1.997134890930790618e+01,0.000000000000000000e+00
1.420000000000000000e+03,7.800000000000000000e+01,4.022746276855468750e+01,5.159159302711486816e-01,-1.285726856440305710e-02,2.703806495666503906e+01,-4.286518096923828125e+00,2.440617322921752930e+00,2.412305474734485955e+01,1.167401211632486557e+01,0.000000000000000000e+00
1.421000000000000000e+03,1.505000000000000000e+03,2.944966506958007812e+01,-9.707239151000976562e+00,1.548097610473632812e+00,7.940971851348876953e+00,-4.314204692840576172e+00,-8.220589160919189453e-01,2.761575030543308173e+01,2.067587780107898610e+01,0.000000000000000000e+00
1.424000000000000000e+03,2.701000000000000000e+03,1.766928672790527344e+01,7.092981338500976562e-01,-1.139798879623413086e+00,1.645757484436035156e+01,1.212773442268371582e+00,-1.262391328811645508e+00,3.953670149626082519e+01,2.452479507523453339e+00,0.000000000000000000e+00
1.450000000000000000e+03,7.910000000000000000e+02,1.045617675781250000e+01,-1.606981658935546875e+01,-2.908023893833160400e-01,2.730175018310546875e+01,-5.994411468505859375e+00,8.309296965599060059e-01,0.000000000000000000e+00,2.316598063944536179e+01,0.000000000000000000e+00
1.453000000000000000e+03,3.132000000000000000e+03,1.798984336853027344e+01,-1.936626076698303223e+00,-1.211265087127685547e+00,4.354772567749023438e+00,7.854913473129272461e-01,-1.129534721374511719e+00,2.753956061429471092e+01,1.263335743506081954e+01,0.000000000000000000e+00
1.455000000000000000e+03,1.348000000000000000e+03,2.794402122497558594e+01,-9.734579324722290039e-01,7.804183959960937500e-01,2.661699867248535156e+01,-3.544430971145629883e+00,2.110868453979492188e+00,2.679954601420061877e+01,1.395036807360659603e+00,0.000000000000000000e+00
1.465000000000000000e+03,2.792000000000000000e+03,2.943530845642089844e+01,-1.003090476989746094e+01,1.410606384277343750e+00,1.110450839996337891e+01,-1.404004216194152832e+00,-1.059567928314208984e+00,3.125973915948490145e+01,1.961580915301885852e+01,0.000000000000000000e+00
1.472000000000000000e+03,3.506000000000000000e+03,1.064668941497802734e+01,-2.626477479934692383e+00,-1.022970318794250488e+00,2.239370854695637902e+01,-4.557329336802165010e+00,-1.256528457005818611e+00,3.169393455613282740e+01,1.369813618078000950e+01,0.000000000000000000e+00
1.474000000000000000e+03,3.370000000000000000e+03,1.731946182250976562e+01,3.014943838119506836e+00,-1.006819009780883789e+00,1.216516335805257221e+01,9.111048777898153039e-01,-1.222997268040974861e+00,7.559534363966923820e+01,3.894044334990860445e+00,0.000000000000000000e+00
1.476000000000000000e+03,2.961000000000000000e+03,1.436714935302734375e+01,-8.024818897247314453e+00,-1.220174014568328857e+00,2.935059356689453125e+01,-1.222548198699951172e+01,1.445801138877868652e+00,2.660976424033527010e+01,1.796145422960150384e+01,0.000000000000000000e+00
1.493000000000000000e+03,8.570000000000000000e+02,1.807310676574707031e+01,-8.987395286560058594e+00,-1.800533384084701538e-01,5.185899734497070312e+01,8.235738754272460938e+00,-2.653875112533569336e+00,2.086451607120313056e+01,4.129177391358928162e+01,0.000000000000000000e+00
1.494000000000000000e+03,7.730000000000000000e+02,8.399531364440917969e+00,-1.503087520599365234e+00,-1.018756151199340820e+00,1.508305549621582031e+01,-3.948023557662963867e+00,-1.305888891220092773e+00,3.261668512343482718e+01,8.625487475684829874e+00,0.000000000000000000e+00
1.520000000000000000e+03,3.383000000000000000e+03,1.385412025451660156e+01,-2.584018468856811523e+00,-1.287700891494750977e+00,2.253357569376627723e+01,-4.418268044789631865e+00,-1.314552942911783928e+00,3.547455237769867153e+01,1.062341975720019072e+01,0.000000000000000000e+00
1.525000000000000000e+03,1.127000000000000000e+03,3.512068176269531250e+01,-8.316443443298339844e+00,1.345789670944213867e+00,1.129969263076782227e+01,-4.396165132522583008e+00,-1.081053555011749268e+00,2.749395702643261785e+01,2.261494638861256234e+01,0.000000000000000000e+00
1.533000000000000000e+03,9.440000000000000000e+02,7.206374359130859375e+01,-1.922702789306640625e+01,7.279831886291503906e+00,5.658239746093750000e+01,2.908570671081542969e+01,-2.462572813034057617e+00,0.000000000000000000e+00,5.850517877560581326e+01,0.000000000000000000e+00
1.534000000000000000e+03,3.267000000000000000e+03,2.696781539916992188e+01,-2.827565670013427734e+00,1.070871114730834961e+00,2.572030830383300781e+01,-5.791518211364746094e+00,5.413339734077453613e-01,3.956867753075461991e+01,1.051950564127230869e+00,0.000000000000000000e+00
1.538000000000000000e+03,2.206000000000000000e+03,1.794765663146972656e+01,-1.507265210151672363e+00,-1.177958250045776367e+00,3.762918853759765625e+01,-2.843803405761718750e+00,3.863038122653961182e-01,4.088988526275934987e+01,2.156824944021023782e+01,0.000000000000000000e+00
1.543000000000000000e+03,1.630000000000000000e+03,3.159571456909179688e+01,-8.836166381835937500e+00,1.249048590660095215e+00,1.430497932434082031e+01,-4.224488258361816406e+00,-1.323819279670715332e+00,2.744193245198617603e+01,1.682369316652302516e+01,0.000000000000000000e+00
1.545000000000000000e+03,2.370000000000000000e+02,1.771781349182128906e+01,7.383961081504821777e-01,-1.319778203964233398e+00,2.550392913818359375e+01,-4.401305198669433594e+00,1.047866225242614746e+00,3.773842035616043944e+01,1.012987589380858822e+01,0.000000000000000000e+00
1.547000000000000000e+03,1.390000000000000000e+02,9.727346897125244141e+00,-8.795341491699218750e+00,-3.653817176818847656e-01,2.750747299194335938e+01,-3.036803007125854492e+00,1.679029941558837891e+00,4.082315323750506053e+01,2.156184651907916106e+01,0.000000000000000000e+00
1.548000000000000000e+03,9.610000000000000000e+02,4.701053619384765625e+01,9.638139605522155762e-01,-2.712939500808715820e+00,2.631766700744628906e+01,-4.207523822784423828e+00,-1.410992294549942017e-01,5.893801567488865345e+01,1.910216598468191052e+01,0.000000000000000000e+00
1.554000000000000000e+03,3.437000000000000000e+03,2.935091781616210938e+01,-1.002873229980468750e+01,1.222460985183715820e+00,1.198390007019042969e+01,-4.004975795745849609e+00,-1.073838353157043457e+00,3.281646575538797350e+01,1.731842363318352085e+01,0.000000000000000000e+00
1.557000000000000000e+03,1.101000000000000000e+03,1.339803314208984375e+01,-2.452011108398437500e+00,-1.330143451690673828e+00,1.738710451126098633e+01,-6.584694907069206238e-01,-2.781441271305084229e+00,4.716340196056903977e+01,6.895326714563701387e+00,0.000000000000000000e+00
1.560000000000000000e+03,1.779000000000000000e+03,1.404676723480224609e+01,-8.345948219299316406e+00,-1.336908221244812012e+00,5.936038970947265625e+00,-3.305236101150512695e+00,-9.087766408920288086e-01,3.408401822806095538e+01,8.470020140343061499e+00,0.000000000000000000e+00
1.566000000000000000e+03,4.220000000000000000e+02,1.532639217376708984e+01,-2.412868022918701172e+00,-1.340949177742004395e+00,1.719378852844238281e+01,-5.425445079803466797e+00,1.269530653953552246e+00,3.570759860118463536e+01,4.718746214197503619e+00,0.000000000000000000e+00
1.567000000000000000e+03,1.485000000000000000e+03,1.841437721252441406e+01,2.700045347213745117e+00,-1.347668766975402832e+00,1.712526512145996094e+01,-4.577872455120086670e-01,-1.227106213569641113e+00,5.453782925212310317e+01,1.159258897631101570e+00,0.000000000000000000e+00
1.568000000000000000e+03,1.000000000000000000e+00,1.021640205383300781e+01,-1.589643001556396484e+01,-1.145367249846458435e-01,3.828146362304687500e+01,-3.253233432769775391e+00,1.812886118888854980e+00,1.513071233242111369e+01,3.438971034114660341e+01,0.000000000000000000e+00
1.581000000000000000e+03,3.258000000000000000e+03,1.767027091979980469e+01,3.030394077301025391e+00,-1.134552121162414551e+00,4.001082229614257812e+01,-3.817420601844787598e-01,-2.149487495422363281e+00,5.732409317301182483e+01,2.371145111442872988e+01,0.000000000000000000e+00
1.583000000000000000e+03,3.059000000000000000e+03,1.006290435791015625e+01,-1.097353363037109375e+01,-3.463335037231445312e-01,1.875102519989013672e+01,-4.911404132843017578e+00,-1.961259916424751282e-01,4.229306805389992263e+01,1.353181155961278925e+01,0.000000000000000000e+00
1.585000000000000000e+03,1.109000000000000000e+03,1.711665916442871094e+01,1.733928203582763672e+00,-1.137216806411743164e+00,3.050414466857910156e+01,-1.209845542907714844e+01,1.254199981689453125e+00,3.003411029470375837e+01,1.919471959299817243e+01,0.000000000000000000e+00
1.591000000000000000e+03,5.970000000000000000e+02,2.943604278564453125e+01,-5.659987926483154297e-01,8.101906776428222656e-01,1.021511459350585938e+01,-1.043081188201904297e+01,-8.492791056632995605e-01,4.300949741964457473e+01,1.870183729362557301e+01,0.000000000000000000e+00
1.599000000000000000e+03,2.958000000000000000e+03,3.100408935546875000e+01,-9.950507164001464844e+00,1.667881488800048828e+00,2.246234703063964844e+01,-4.772774696350097656e+00,-1.254914999008178711e+00,3.801872067251760257e+01,1.071158706826176044e+01,0.000000000000000000e+00
1.600000000000000000e+03,2.834000000000000000e+03,4.724341392517089844e+00,-3.013447284698486328e+00,-1.053566277027130127e+00,1.849679946899414062e+01,-4.889474630355834961e+00,1.088930033147335052e-01,4.457820649554177805e+01,1.579643976123703908e+01,0.000000000000000000e+00
1.614000000000000000e+03,3.596000000000000000e+03,1.753545618057250977e+01,1.576615303754806519e+00,-1.068225979804992676e+00,3.139074707031250000e+01,-1.231790447235107422e+01,1.585159897804260254e+00,3.940388478251469451e+01,1.961440688125769682e+01,0.000000000000000000e+00
1.617000000000000000e+03,3.260000000000000000e+02,1.772821998596191406e+01,7.589665651321411133e-01,-1.431400299072265625e+00,2.604733467102050781e+01,-2.983325481414794922e+00,2.338731735944747925e-01,4.909334106827492406e+01,1.015797513112818073e+01,0.000000000000000000e+00
1.621000000000000000e+03,2.861000000000000000e+03,6.557782173156738281e+00,-4.276383876800537109e+00,-1.011033535003662109e+00,1.706578954060872277e+01,1.728792563080787659e-01,-9.166889886061350134e-01,4.203511333478884637e+01,1.354501555596604945e+01,0.000000000000000000e+00
1.624000000000000000e+03,8.520000000000000000e+02,1.324949359893798828e+01,2.017906427383422852e+00,-1.451776623725891113e+00,6.859477233886718750e+01,-1.401741504669189453e+00,6.868155479431152344e+00,0.000000000000000000e+00,5.733841549405995863e+01,0.000000000000000000e+00
1.635000000000000000e+03,7.980000000000000000e+02,1.399381065368652344e+01,-7.847298145294189453e+00,-1.290592074394226074e+00,2.741812133789062500e+01,-2.865578889846801758e+00,1.668369412422180176e+00,3.341035113386473654e+01,1.744145319889210555e+01,0.000000000000000000e+00
1.636000000000000000e+03,6.390000000000000000e+02,1.110512351989746094e+01,-3.102550745010375977e+00,-4.084896147251129150e-01,1.805721282958984375e+01,-4.888268947601318359e+00,-9.878982901573181152e-01,5.379302363017915667e+01,8.985901501680316983e+00,0.000000000000000000e+00
1.641000000000000000e+03,2.170000000000000000e+03,1.771280670166015625e+01,3.073658466339111328e+00,-1.477976679801940918e+00,8.106979370117187500e+01,8.774527549743652344e+00,-4.311638355255126953e+00,6.656987893609461082e+01,6.516377388405760485e+01,0.000000000000000000e+00
1.650000000000000000e+03,1.898000000000000000e+03,1.125173854827880859e+01,-2.896520853042602539e+00,1.622077941894531250e+00,1.788936805725097656e+01,-4.593480110168457031e+00,1.033230543136596680e+00,4.697192190284779656e+01,8.638417990065887508e+00,0.000000000000000000e+00
1.655000000000000000e+03,2.252000000000000000e+03,1.352900791168212891e+01,-2.365237951278686523e+00,-1.269079685211181641e+00,7.413124084472656250e+00,-1.068810820579528809e+00,-1.251182198524475098e+00,3.458774291055092220e+01,4.994942046534941227e+00,0.000000000000000000e+00
1.657000000000000000e+03,1.124000000000000000e+03,1.266670894622802734e+01,1.231945633888244629e+00,-1.174965500831604004e+00,1.186378383636474609e+01,-2.870882987976074219e+00,-1.070077359676361084e+00,2.998852347401124163e+01,2.874514387230308277e+00,0.000000000000000000e+00
1.660000000000000000e+03,2.453000000000000000e+03,5.081022644042968750e+01,1.450728797912597656e+01,-3.076828479766845703e+00,3.833410263061523438e+01,-1.303906345367431641e+01,-1.451982021331787109e+00,2.252754210737114704e+01,2.491378084062914056e+01,0.000000000000000000e+00
1.684000000000000000e+03,1.506000000000000000e+03,1.734267711639404297e+01,1.606794357299804688e+00,-1.147543847560882568e+00,3.028644752502441406e+01,-1.226452636718750000e+01,1.369538545608520508e+00,2.748028880029754006e+01,1.889021730928585185e+01,0.000000000000000000e+00
1.691000000000000000e+03,3.410000000000000000e+02,1.917172431945800781e+01,-1.309245109558105469e+00,-1.679829478263854980e+00,2.626629638671875000e+01,-3.830781221389770508e+00,-6.776940822601318359e-02,5.085621098159894160e+01,9.041126540155433489e+00,0.000000000000000000e+00
1.695000000000000000e+03,2.796000000000000000e+03,4.779947280883789062e+00,-2.646333932876586914e+00,-1.057319402694702148e+00,2.678009033203125000e+00,3.789134621620178223e+00,-1.127015650272369385e+00,4.147334828917812644e+01,6.787771540725364261e+00,0.000000000000000000e+00
1.703000000000000000e+03,2.551000000000000000e+03,1.343277359008789062e+01,2.172556161880493164e+00,-9.552044868469238281e-01,1.839372825622558594e+01,-2.555417060852050781e+00,1.033901691436767578e+00,0.000000000000000000e+00,7.358222524261479158e+00,0.000000000000000000e+00
1.711000000000000000e+03,1.678000000000000000e+03,1.008721065521240234e+01,-1.086603832244873047e+01,-7.113050818443298340e-01,1.109098815917968750e+01,-7.691941857337951660e-01,-1.001787662506103516e+00,2.896356686483989051e+01,1.169227912878218412e+01,0.000000000000000000e+00
1.713000000000000000e+03,2.553000000000000000e+03,3.281853866577148438e+01,-8.679471969604492188e+00,1.197898387908935547e+00,4.229019546508789062e+01,1.628381347656250000e+01,-2.380219697952270508e+00,3.276017519645870379e+01,3.135114016596939379e+01,0.000000000000000000e+00
1.723000000000000000e+03,2.511000000000000000e+03,8.769070625305175781e+00,-1.836579680442810059e+00,-1.484657645225524902e+00,6.974597454071044922e+00,-4.707809925079345703e+00,-7.043296694755554199e-01,5.912127968501563657e+01,2.129739629628589537e+00,0.000000000000000000e+00
1.727000000000000000e+03,1.284000000000000000e+03,9.780201911926269531e+00,-8.806749343872070312e+00,-5.555396676063537598e-01,7.251853942871093750e+00,-5.802122354507446289e-01,-1.199026624361674065e+00,2.873264170766855585e+01,9.160063556400229956e+00,0.000000000000000000e+00
1.728000000000000000e+03,1.315000000000000000e+03,6.162371635437011719e+00,-3.290136814117431641e+00,-9.895812869071960449e-01,1.116334152221679688e+01,-1.379081010818481445e+00,-1.032392501831054688e+00,3.520686421716444414e+01,7.374324834233051185e+00,0.000000000000000000e+00
1.731000000000000000e+03,3.336000000000000000e+03,5.335395431518554688e+01,1.494079589843750000e+01,-2.876716852188110352e+00,3.776441192626953125e+01,-1.362215995788574219e+01,-1.507152557373046875e+00,3.888887243192989018e+01,2.717718701868343700e+01,0.000000000000000000e+00
1.740000000000000000e+03,3.381000000000000000e+03,1.061916828155517578e+01,-2.531066179275512695e+00,1.970283150672912598e+00,6.814969730377197266e+01,-2.095183908939361572e+00,7.906069278717041016e+00,2.723300783712397788e+01,5.972411585581545523e+01,0.000000000000000000e+00
1.756000000000000000e+03,9.400000000000000000e+01,2.033836364746093750e+01,-9.866825103759765625e+00,-7.534941285848617554e-02,2.728796195983886719e+01,-3.880918979644775391e+00,2.092288970947265625e+00,4.549904063875326443e+01,1.289849082157645910e+01,0.000000000000000000e+00
1.762000000000000000e+03,8.320000000000000000e+02,8.991912841796875000e+00,-8.951054573059082031e+00,-8.503230810165405273e-01,3.949766159057617188e+00,2.834985256195068359e-01,-1.085687756538391113e+00,7.985622108305394207e+00,1.032243340457532632e+01,0.000000000000000000e+00
1.764000000000000000e+03,6.170000000000000000e+02,1.445487594604492188e+01,-7.873135089874267578e+00,-1.621350884437561035e+00,1.061624526977539062e+01,-9.966768264770507812e+00,-9.231634140014648438e-01,4.027549958250668283e+01,1.524914277036814481e+00,0.000000000000000000e+00
1.765000000000000000e+03,3.764000000000000000e+03,1.449562549591064453e+01,-1.260049819946289062e+01,-6.793945431709289551e-01,4.006092071533203125e+01,-4.372950077056884766e+00,-2.190512895584106445e+00,1.588542139661424279e+01,3.032158553699714076e+01,0.000000000000000000e+00
1.767000000000000000e+03,1.517000000000000000e+03,1.416645622253417969e+01,-7.886695861816406250e+00,-1.493032693862915039e+00,1.070740509033203125e+01,-9.573936462402343750e+00,-6.259696483612060547e-01,2.977586233279160410e+01,1.175718828558701912e+00,0.000000000000000000e+00
1.770000000000000000e+03,6.660000000000000000e+02,1.558922767639160156e+01,-9.791473388671875000e+00,-9.559252262115478516e-01,2.644393920898437500e+01,-3.956302881240844727e+00,2.184567213058471680e+00,2.649913279276640665e+01,1.583085467712984418e+01,0.000000000000000000e+00
1.776000000000000000e+03,3.206000000000000000e+03,2.718204879760742188e+01,-9.419520497322082520e-01,-5.366000905632972717e-02,4.013170242309570312e+01,1.121081590652465820e+00,-2.188843011856079102e+00,6.302698449305371042e+01,1.580125240551345200e+01,0.000000000000000000e+00
1.783000000000000000e+03,1.695000000000000000e+03,1.303112983703613281e+01,-7.996962547302246094e+00,-1.304214715957641602e+00,4.232661056518554688e+01,1.617699813842773438e+01,-2.168007612228393555e+00,3.161322411516929165e+01,4.080213443594765010e+01,0.000000000000000000e+00
1.786000000000000000e+03,1.687000000000000000e+03,1.095418405532836914e+01,-2.750099539756774902e+00,-1.062259554862976074e+00,5.508738517761230469e+00,-3.819468498229980469e+00,-1.031053543090820312e+00,3.335370589884503545e+01,3.516633102658544008e+00,0.000000000000000000e+00
1.796000000000000000e+03,2.966000000000000000e+03,1.974418449401855469e+01,-1.025114178657531738e+00,-1.308143138885498047e+00,4.771363067626953125e+01,2.881356620788574219e+01,-1.320698738098144531e+00,7.413378153393821890e+01,4.368058796434414148e+01,0.000000000000000000e+00
1.802000000000000000e+03,2.651000000000000000e+03,1.273075675964355469e+01,-1.807751417160034180e+00,-9.704704284667968750e-01,3.794485473632812500e+01,-1.382112216949462891e+01,-1.511718034744262695e+00,4.244698784483797738e+01,2.910195481669429540e+01,0.000000000000000000e+00
1.808000000000000000e+03,3.355000000000000000e+03,9.591672897338867188e+00,-8.826079368591308594e+00,-9.817818403244018555e-01,6.857054233551025391e+00,-5.814476609230041504e-01,-1.149920105934143066e+00,3.546633948676663550e+01,9.123070121880369143e+00,0.000000000000000000e+00
1.821000000000000000e+03,1.826000000000000000e+03,1.188486862182617188e+01,-2.076766252517700195e+00,-1.085873603820800781e+00,5.805887413024902521e+00,-2.889054358005523904e-01,-1.159353327751159624e+00,5.806413095421108039e+01,5.173575154085158445e+00,0.000000000000000000e+00
1.830000000000000000e+03,2.986000000000000000e+03,4.015720558166503906e+01,-6.302705526351928711e+00,-5.730343796312808990e-02,1.646559715270996094e+01,1.056484341621398926e+00,-1.017686724662780762e+00,3.678210244727506506e+01,2.427157231430331663e+01,0.000000000000000000e+00
1.844000000000000000e+03,1.303000000000000000e+03,1.906854057312011719e+01,-1.304273486137390137e+00,-1.264654517173767090e+00,1.233966255187988281e+01,-3.252734422683715820e+00,-1.076241016387939453e+00,5.163821941379869429e+01,4.911514522600792354e+00,0.000000000000000000e+00
1.853000000000000000e+03,2.410000000000000000e+02,1.295553588867187500e+01,-8.100289344787597656e+00,-7.834091782569885254e-01,2.612508773803710938e+01,-3.107224225997924805e+00,1.025873184204101562e+00,2.826226583914766977e+01,1.703723402964538280e+01,0.000000000000000000e+00
1.856000000000000000e+03,4.440000000000000000e+02,1.829942321777343750e+01,2.126914024353027344e+00,-1.162216901779174805e+00,1.792470169067382812e+01,-4.498552799224853516e+00,7.976149320602416992e-01,4.045864396280664010e+01,5.064733292185188418e+00,0.000000000000000000e+00
1.873000000000000000e+03,1.064000000000000000e+03,2.807253837585449219e+01,-8.141176104545593262e-01,2.331924438476562500e+00,1.049783229827880859e+01,-7.921746253967285156e+00,-8.632642030715942383e-01,3.577511709650434568e+01,1.658806275184833012e+01,0.000000000000000000e+00
1.875000000000000000e+03,2.843000000000000000e+03,6.718725681304931641e+00,-3.188545703887939453e+00,-1.012557148933410645e+00,1.225966739654541016e+01,-4.247381210327148438e+00,-7.410122156143188477e-01,2.751272720048766374e+01,7.511684858605634396e+00,0.000000000000000000e+00
1.876000000000000000e+03,1.099000000000000000e+03,6.955062103271484375e+01,6.880817890167236328e+00,6.577562808990478516e+00,1.751865577697753906e+01,-3.086348772048950195e+00,7.851396203041076660e-01,2.204281278281363754e+01,5.121520326276766610e+01,0.000000000000000000e+00
1.894000000000000000e+03,8.840000000000000000e+02,1.008190345764160156e+01,-8.398393630981445312e+00,-9.170142412185668945e-01,2.604307556152343750e+01,-4.197128295898437500e+00,5.804560184478759766e-01,3.815910266958250929e+01,1.930426746707682639e+01,0.000000000000000000e+00
1.896000000000000000e+03,0.000000000000000000e+00,1.974297904968261719e+01,-2.601918935775756836e+00,-5.873483419418334961e-01,3.829433059692382812e+01,-2.949718475341796875e+00,2.044735193252563477e+00,0.000000000000000000e+00,2.075172058931216768e+01,0.000000000000000000e+00
1.901000000000000000e+03,2.355000000000000000e+03,4.292990207672119141e+00,-3.770351886749267578e+00,-1.072565674781799316e+00,4.017072677612304688e+00,-4.560633659362792969e+00,-8.852024078369140625e-01,5.398024925099898041e+01,1.805441082041947531e+00,0.000000000000000000e+00
1.904000000000000000e+03,1.427000000000000000e+03,1.256015205383300781e+01,5.461407899856567383e-01,-1.245126366615295410e+00,5.465181827545166016e+00,8.641719222068786621e-01,-1.082679510116577148e+00,6.333262253720606338e+01,5.772375532961711464e+00,0.000000000000000000e+00
1.907000000000000000e+03,6.320000000000000000e+02,1.073568916320800781e+01,-2.636986017227172852e+00,-2.166327536106109619e-01,1.742976951599121094e+01,-4.338049888610839844e+00,-9.636208415031433105e-01,5.027074894783356029e+01,8.685053063922353545e+00,0.000000000000000000e+00
1.918000000000000000e+03,3.188000000000000000e+03,6.882990360260009766e+00,-3.092782735824584961e+00,-2.797845602035522461e+00,4.097337722778320312e+01,1.199791789054870605e+00,-2.364339351654052734e+00,2.095903392470808413e+01,3.636638401303430612e+01,0.000000000000000000e+00
1.921000000000000000e+03,2.076000000000000000e+03,1.708008193969726562e+01,-7.945927977561950684e-01,-1.430240631103515625e+00,2.845198631286621094e+01,-5.095733165740966797e+00,4.718770086765289307e-01,2.294421461743861457e+01,1.345811245022190938e+01,0.000000000000000000e+00
1.940000000000000000e+03,1.380000000000000000e+02,9.492732048034667969e+00,-4.294922828674316406e+00,-5.628953576087951660e-01,2.719478607177734375e+01,-4.186944961547851562e+00,1.696519374847412109e+00,5.655799979355445828e+01,1.994078740975856334e+01,0.000000000000000000e+00
1.943000000000000000e+03,4.040000000000000000e+02,4.065139007568359375e+01,-7.769691467285156250e+00,-4.216271638870239258e-01,1.784888648986816406e+01,-3.731567382812500000e+00,1.668092966079711914e+00,4.857532461712985850e+01,2.192871329316927032e+01,0.000000000000000000e+00
1.967000000000000000e+03,4.420000000000000000e+02,1.956353378295898438e+01,-1.832262396812438965e+00,4.456181228160858154e-01,2.694387054443359375e+01,-2.703960657119750977e+00,-1.024214848875999451e-01,2.971076815701240648e+01,9.373737535759550710e+00,0.000000000000000000e+00
1.978000000000000000e+03,2.837000000000000000e+03,4.883112430572509766e+00,-1.440173387527465820e+00,-1.129195332527160645e+00,1.400847911834716797e+01,1.454762697219848633e+00,-1.308175444602966309e+00,9.155241817841252328e+01,1.134394064886150844e+01,0.000000000000000000e+00
1.979000000000000000e+03,2.899000000000000000e+03,1.267702960968017578e+01,-8.441544532775878906e+00,-1.117536306381225586e+00,9.060598373413085938e+00,-3.866667985916137695e+00,-8.962138295173645020e-01,3.412537354721798266e+01,5.901188913571918881e+00,0.000000000000000000e+00
1.998000000000000000e+03,2.777000000000000000e+03,6.651849269866943359e+00,-2.568285226821899414e+00,-1.091763019561767578e+00,1.669809150695800781e+01,1.199430108070373535e+00,-9.816463589668273926e-01,3.107960164023308280e+01,1.268986349618867848e+01,0.000000000000000000e+00
1.999000000000000000e+03,6.480000000000000000e+02,3.175034713745117188e+01,-8.466794013977050781e+00,1.406652927398681641e+00,3.126630496978759766e+01,-1.229344463348388672e+01,1.498858869075775146e+00,2.472387018552500848e+01,2.292016067087640163e+00,0.000000000000000000e+00
2.013000000000000000e+03,2.266000000000000000e+03,2.420809555053710938e+01,-2.009370803833007812e+00,-1.429423570632934570e+00,1.067206144332885742e+01,-9.418150901794433594e+00,-9.953563511371612549e-01,2.985903591061528317e+01,1.253460949431553573e+01,0.000000000000000000e+00
2.015000000000000000e+03,1.491000000000000000e+03,9.564078330993652344e+00,-3.388477325439453125e+00,-5.188401341438293457e-01,7.686035156250000000e+00,-4.437514781951904297e+00,-9.767088890075683594e-01,2.982636700030145249e+01,6.751885317937792452e-01,1.000000000000000000e+00
2.023000000000000000e+03,3.019000000000000000e+03,3.275153350830078125e+01,-8.660243988037109375e+00,1.159903645515441895e+00,3.042337226867675781e+01,-1.211201858520507812e+01,1.156310200691223145e+00,3.145295532920922454e+01,5.085045732777626615e-01,1.000000000000000000e+00
2.028000000000000000e+03,5.510000000000000000e+02,1.149916553497314453e+01,-1.555002975463867188e+01,-6.725444793701171875e-01,1.854073524475097656e+01,-3.108956813812255859e+00,-7.279982566833496094e-01,3.732487352379677503e+01,1.710067056396019680e+01,0.000000000000000000e+00
2.030000000000000000e+03,1.749000000000000000e+03,6.056304931640625000e+00,-3.647061109542846680e+00,-1.019008636474609375e+00,5.040917396545410156e+00,-4.007270336151123047e+00,-9.750545918941497803e-01,3.293546092479842713e+01,1.009414090121745655e+00,0.000000000000000000e+00
2.035000000000000000e+03,3.840000000000000000e+02,5.513234710693359375e+01,1.540717029571533203e+01,-4.243885517120361328e+00,1.695839309692382812e+01,-3.122740745544433594e+00,2.258183240890502930e+00,0.000000000000000000e+00,4.044905564314763069e+01,0.000000000000000000e+00
2.037000000000000000e+03,2.680000000000000000e+03,6.988602638244628906e+00,-3.521029472351074219e+00,-9.164483547210693359e-01,1.225721232096354107e+01,-4.173493544260661103e+00,-9.726154208183288574e-01,3.033440536429332468e+01,7.269110846749339494e+00,0.000000000000000000e+00
2.040000000000000000e+03,6.840000000000000000e+02,4.794702148437500000e+01,8.697744607925415039e-01,-2.192857980728149414e+00,1.756204414367675781e+01,-4.174506187438964844e+00,-1.086263656616210938e+00,2.675526891617240466e+01,2.863879621278733367e+01,0.000000000000000000e+00
2.061000000000000000e+03,1.831000000000000000e+03,9.070750236511230469e+00,-9.337451934814453125e+00,-7.945856451988220215e-01,4.107348918914794922e+00,6.832537055015563965e-01,-1.061366558074951172e+00,1.386986876865147877e+01,1.106992347351703820e+01,0.000000000000000000e+00
2.073000000000000000e+03,2.950000000000000000e+02,1.323659133911132812e+01,-3.022748708724975586e+00,-1.319409012794494629e+00,2.595145034790039062e+01,-4.260080337524414062e+00,5.859907269477844238e-01,4.123571609413589556e+01,1.479743889875652485e+01,0.000000000000000000e+00
2.074000000000000000e+03,2.216000000000000000e+03,8.888734817504882812e+00,-4.537040889263153076e-01,-1.295196413993835449e+00,3.128007952372233191e+01,-1.226242319742838482e+01,1.894467115402221680e+00,4.090837585073422389e+01,2.658491927245553299e+01,0.000000000000000000e+00
2.083000000000000000e+03,2.116000000000000000e+03,7.474994182586669922e+00,-2.966482877731323242e+00,-1.025119543075561523e+00,9.485546112060546875e+00,-4.256549358367919922e+00,-9.372605085372924805e-01,3.080767569117812599e+01,3.995349762795791904e+00,0.000000000000000000e+00
2.100000000000000000e+03,1.077000000000000000e+03,1.484459781646728516e+01,-7.866015434265136719e+00,-1.262175798416137695e+00,1.161076068878173828e+01,-2.527830898761749268e-01,-1.188153505325317383e+00,2.892161458758426562e+01,9.140541205052093332e+00,0.000000000000000000e+00
2.105000000000000000e+03,2.700000000000000000e+01,9.524981498718261719e+00,-9.487266540527343750e+00,-5.639538168907165527e-01,3.868187713623046875e+01,-4.953018665313720703e+00,2.357525378465652466e-01,5.793874440173965468e+01,3.234110791846230626e+01,0.000000000000000000e+00
2.108000000000000000e+03,1.420000000000000000e+02,8.210293769836425781e+00,-1.414978623390197754e+00,-9.697357416152954102e-01,2.707188796997070312e+01,-2.718541860580444336e+00,1.626061320304870605e+00,4.052025840494632547e+01,2.076003239021569513e+01,0.000000000000000000e+00
2.110000000000000000e+03,2.071000000000000000e+03,4.644223785400390625e+01,6.362066268920898438e-01,-2.119512796401977539e+00,5.454105377197265625e+00,-3.938545942306518555e+00,-9.160335659980773926e-01,2.913134931929418414e+01,3.922630297397278554e+01,0.000000000000000000e+00
2.121000000000000000e+03,6.540000000000000000e+02,6.896643638610839844e+00,-3.533911705017089844e+00,-9.699138998985290527e-01,1.270043945312500000e+01,-3.983374595642089844e+00,-1.016275525093078613e+00,3.058002630737212968e+01,7.805730835066884588e+00,0.000000000000000000e+00
2.122000000000000000e+03,1.106000000000000000e+03,1.459357070922851562e+01,-8.820818901062011719e+00,-5.676937103271484375e-01,8.448931884765625000e+01,9.251800537109375000e+00,-2.514173269271850586e+00,3.573559033207586566e+01,7.519090326110641342e+01,0.000000000000000000e+00
2.123000000000000000e+03,2.269000000000000000e+03,3.564880752563476562e+01,-5.455347061157226562e+00,1.518007397651672363e+00,6.794624328613281250e+01,-1.987964391708374023e+00,7.912941932678222656e+00,1.383750620572295276e+01,3.607372771663645494e+01,0.000000000000000000e+00
2.136000000000000000e+03,2.872000000000000000e+03,7.337501049041748047e+00,-3.496423006057739258e+00,-6.039476990699768066e-01,7.581888675689697266e+00,-3.900919198989868164e+00,-8.839756250381469727e-01,3.596571164465871817e+01,2.302142631965377717e+00,0.000000000000000000e+00
2.140000000000000000e+03,1.732000000000000000e+03,6.670454502105712891e+00,-3.890483856201171875e+00,-9.443964362144470215e-01,5.346684455871582031e+00,-3.839886665344238281e+00,-8.989703655242919922e-01,2.800242315403686177e+01,9.514384439608009059e-01,1.000000000000000000e+00
2.144000000000000000e+03,1.386000000000000000e+03,7.333378314971923828e+00,-2.301493406295776367e+00,-9.888421893119812012e-01,1.104868984222412109e+01,-4.378365874290466309e-01,-1.099146485328674316e+00,3.191738094457749497e+01,6.117666007781221715e+00,0.000000000000000000e+00
2.151000000000000000e+03,3.700000000000000000e+01,1.009514808654785156e+01,-8.984929084777832031e+00,-7.389562129974365234e-01,3.772503662109375000e+01,-1.107470607757568359e+01,-5.644841864705085754e-02,3.625163969902021677e+01,3.032525293037680925e+01,0.000000000000000000e+00
2.156000000000000000e+03,3.476000000000000000e+03,1.289916801452636719e+01,-8.094141960144042969e+00,-1.111122846603393555e+00,1.418125693003336529e+01,-4.263750076293945312e+00,-1.104208191235860115e+00,3.367211132612673907e+01,6.401658083641786234e+00,0.000000000000000000e+00
2.160000000000000000e+03,1.764000000000000000e+03,2.055903625488281250e+01,-2.549084663391113281e+00,-4.182523190975189209e-01,5.186381340026855469e+00,-4.140994071960449219e+00,-1.072697639465332031e+00,3.239308337005746807e+01,1.343712000378084603e+01,0.000000000000000000e+00
2.164000000000000000e+03,3.442000000000000000e+03,2.049342536926269531e+01,-2.582733154296875000e+00,-5.369542166590690613e-02,4.754363059997558594e+00,-4.264027357101440430e+00,-9.191361963748931885e-01,3.888254381245774738e+01,1.380975856016883085e+01,0.000000000000000000e+00
2.178000000000000000e+03,4.890000000000000000e+02,1.004114246368408203e+01,-1.087226963043212891e+01,-3.035022318363189697e-01,1.845288276672363281e+01,-4.952012538909912109e+00,-2.192041873931884766e-01,3.748076476617382724e+01,1.321064401560138890e+01,0.000000000000000000e+00
2.189000000000000000e+03,7.190000000000000000e+02,3.511331558227539062e+01,-8.282042503356933594e+00,1.604281067848205566e+00,1.275899410247802734e+01,-3.942926883697509766e+00,-1.141257762908935547e+00,3.917220578240063134e+01,2.145880697647764634e+01,0.000000000000000000e+00
2.209000000000000000e+03,3.439000000000000000e+03,2.054098701477050781e+01,-2.654738664627075195e+00,-3.406186774373054504e-01,1.878396224975585938e+01,-5.094703435897827148e+00,-1.009336560964584351e-01,3.375145584040865998e+01,3.235786759669577739e-01,1.000000000000000000e+00
2.214000000000000000e+03,1.960000000000000000e+03,2.705006027221679688e+01,-1.062076449394226074e+00,5.804587602615356445e-01,2.740237998962402344e+01,-2.857028007507324219e+00,1.926831126213073730e+00,3.619994206884021537e+01,2.779472130675297858e+00,0.000000000000000000e+00
2.219000000000000000e+03,1.616000000000000000e+03,4.625560283660888672e+00,-1.604358434677124023e+00,-1.027602672576904297e+00,4.253052234649658203e+00,-4.775276660919189453e+00,-8.647233247756958008e-01,5.401281331569751387e+01,3.156316956908756577e+00,0.000000000000000000e+00
2.227000000000000000e+03,1.626000000000000000e+03,1.295044708251953125e+01,-8.287412643432617188e+00,-1.288452267646789551e+00,1.111948408399309507e+01,-8.437548024313790140e-01,-8.846109083720615773e-01,2.578650017445406917e+01,8.755907855323762590e+00,0.000000000000000000e+00
2.228000000000000000e+03,7.380000000000000000e+02,4.654139041900634766e+00,-1.491483330726623535e+00,-1.063159227371215820e+00,1.338771724700927734e+01,-1.963621377944946289e+00,-1.185775518417358398e+00,5.338093980552351070e+01,1.047774171255565356e+01,0.000000000000000000e+00
2.230000000000000000e+03,3.125000000000000000e+03,4.731740951538085938e+00,-3.170149087905883789e+00,-1.085211873054504395e+00,1.863414001464843750e+01,-4.902697086334228516e+00,-2.733874619007110596e-01,4.242433389389312026e+01,1.591388384377805565e+01,0.000000000000000000e+00
2.231000000000000000e+03,2.090000000000000000e+02,1.277275943756103516e+01,-8.513380050659179688e+00,-1.275440454483032227e+00,2.599394035339355469e+01,-3.241090536117553711e+00,1.189839005470275879e+00,3.024964123250482473e+01,1.729951175850496270e+01,0.000000000000000000e+00
2.238000000000000000e+03,3.183000000000000000e+03,5.720003604888916016e+00,-3.244451999664306641e+00,-9.254377484321594238e-01,4.230611038208007812e+01,1.650713348388671875e+01,-2.385838985443115234e+00,3.296492702463760338e+01,4.354609460285629297e+01,0.000000000000000000e+00
2.247000000000000000e+03,2.506000000000000000e+03,5.294682025909423828e+00,-2.982246875762939453e+00,-1.212734460830688477e+00,4.498857116699218750e+01,-4.310185432434082031e+00,-1.698930740356445312e+00,2.890418248785086419e+01,4.163015897849520996e+01,0.000000000000000000e+00
2.264000000000000000e+03,2.016000000000000000e+03,6.166710853576660156e+00,-3.489201545715332031e+00,-9.809363484382629395e-01,5.199165344238281250e+00,-3.914704084396362305e+00,-9.356871843338012695e-01,3.157930043565663425e+01,1.033492235594818176e+00,0.000000000000000000e+00
2.273000000000000000e+03,2.765000000000000000e+03,5.543088912963867188e+01,3.611805343627929688e+01,-2.329082012176513672e+00,4.672836685180664062e+01,-4.751773834228515625e+00,-3.408663749694824219e+00,1.209928910551822412e+01,3.600285400378157874e+01,0.000000000000000000e+00
2.274000000000000000e+03,1.327000000000000000e+03,3.569275140762329102e+00,3.471355438232421875e+00,-1.174671292304992676e+00,3.998258209228515625e+01,-4.695280075073242188e+00,-2.430629253387451172e+00,2.811052901310700491e+01,3.840920816115078651e+01,0.000000000000000000e+00
2.275000000000000000e+03,1.274000000000000000e+03,1.792062759399414062e+01,-7.729998111724853516e+00,1.864108681678771973e+00,1.200895595550537109e+01,-1.018362426757812500e+01,-8.413302898406982422e-01,4.082482904638630572e+01,4.423591077670697480e+00,0.000000000000000000e+00
2.277000000000000000e+03,1.137000000000000000e+03,5.361890792846679688e+00,-3.442002296447753906e+00,-1.140808701515197754e+00,1.098315143585205078e+01,-6.758927702903747559e-01,-1.064549922943115234e+00,2.979005730982433064e+01,8.233134066249171212e+00,0.000000000000000000e+00
2.286000000000000000e+03,1.098000000000000000e+03,2.779887008666992188e+01,8.166302740573883057e-02,1.641247630119323730e+00,3.765367126464843750e+01,-1.342737197875976562e+01,-2.003422737121582031e+00,4.275997316427223893e+01,1.600336204885429936e+01,0.000000000000000000e+00
2.289000000000000000e+03,1.350000000000000000e+02,6.781070232391357422e+00,-5.141924858093261719e+00,-1.065924525260925293e+00,2.705662918090820312e+01,-5.061892986297607422e+00,1.711016535758972168e+00,1.745008384480867392e+01,2.262123160731825422e+01,0.000000000000000000e+00
2.292000000000000000e+03,1.352000000000000000e+03,6.806068897247314453e+00,-3.179203271865844727e+00,-9.419675469398498535e-01,1.105479860305786133e+01,-9.428316652774810791e-01,-1.061943650245666504e+00,2.618202778271223963e+01,6.820119282981147890e+00,0.000000000000000000e+00
2.293000000000000000e+03,1.780000000000000000e+02,1.805329132080078125e+01,-3.941971361637115479e-01,-1.033078193664550781e+00,3.060159683227539062e+01,-1.213285350799560547e+01,1.360419988632202148e+00,3.717122367908212510e+01,1.743410021027427348e+01,0.000000000000000000e+00
2.298000000000000000e+03,1.723000000000000000e+03,6.135939598083496094e+00,-3.826721668243408203e+00,-8.680015802383422852e-01,5.460364818572998047e+00,-3.895229220390319824e+00,-9.996460676193237305e-01,2.961055802410514914e+01,1.454945694446851068e+00,0.000000000000000000e+00
2.307000000000000000e+03,1.625000000000000000e+03,1.408972454071044922e+01,-1.525553703308105469e+00,-1.466751098632812500e+00,5.909413814544677734e+00,-8.514556884765625000e-01,-1.109698414802551270e+00,1.612831128779984979e+01,6.719492840181255033e+00,0.000000000000000000e+00
2.308000000000000000e+03,2.407000000000000000e+03,5.730985641479492188e+00,-3.352818727493286133e+00,-1.111968517303466797e+00,7.467239141464233398e+00,-7.798514366149902344e-01,-1.169521391391754150e+00,2.865632420001533021e+01,4.788075276022601301e+00,0.000000000000000000e+00
2.313000000000000000e+03,1.959000000000000000e+03,1.416521739959716797e+01,-1.903300881385803223e+00,-1.470645546913146973e+00,6.129955291748046875e+00,-5.894690155982971191e-01,-1.036383867263793945e+00,3.658559486751581602e+01,6.779572834360744871e+00,0.000000000000000000e+00
2.316000000000000000e+03,3.433000000000000000e+03,3.394826316833496094e+01,-8.606156349182128906e+00,1.029605627059936523e+00,3.040199279785156250e+01,-1.205407714843750000e+01,1.351626873016357422e+00,2.834583669861190458e+01,8.626044888017744272e-01,1.000000000000000000e+00
2.318000000000000000e+03,5.110000000000000000e+02,1.752346992492675781e+01,1.696284890174865723e+00,-1.101795792579650879e+00,1.063692092895507812e+01,-9.561522483825683594e+00,-5.326045751571655273e-01,3.138927659785014157e+01,1.083597949343282174e+01,0.000000000000000000e+00
2.331000000000000000e+03,2.622000000000000000e+03,1.197194194793701172e+01,-1.942029714584350586e+00,1.783110737800598145e+00,1.029834842681884766e+01,-2.766320943832397461e+00,-9.911218881607055664e-01,3.197683013932847373e+01,3.001332094589874266e+00,0.000000000000000000e+00
2.335000000000000000e+03,1.210000000000000000e+02,5.011079788208007812e+00,1.347394704818725586e+00,-1.125929713249206543e+00,2.607641792297363281e+01,-4.633166790008544922e+00,1.823775887489318848e+00,1.097110873487381966e+01,2.330879563715568281e+01,0.000000000000000000e+00
2.341000000000000000e+03,3.252000000000000000e+03,6.711722373962402344e+00,-3.488233327865600586e+00,-8.159822821617126465e-01,4.494440460205078125e+01,-4.542660713195800781e+00,-2.184793233871459961e+00,3.117772108088597705e+01,4.025595678183760384e+01,0.000000000000000000e+00
2.345000000000000000e+03,2.901000000000000000e+03,1.499675273895263672e+01,-7.890933036804199219e+00,-1.326377034187316895e+00,1.241022777557373047e+01,-4.132780075073242188e+00,-1.028579115867614746e+00,2.918469985699828584e+01,5.280745468305323875e+00,0.000000000000000000e+00
2.360000000000000000e+03,3.153000000000000000e+03,1.501307773590087891e+01,-8.298987388610839844e+00,-1.234750986099243164e+00,3.365503692626953125e+01,2.645850181579589844e+01,-2.604978561401367188e+00,4.490820364044742519e+01,4.207783618796641889e+01,0.000000000000000000e+00
2.362000000000000000e+03,3.210000000000000000e+03,1.264613882700602154e+01,-8.145451227823892637e+00,-9.540888865788778039e-01,4.471694946289062500e+01,-4.345540523529052734e+00,-1.932031631469726562e+00,2.960602733558229005e+01,3.504089150892716731e+01,0.000000000000000000e+00
2.367000000000000000e+03,8.900000000000000000e+01,2.794142723083496094e+01,-5.358261615037918091e-02,-3.333872258663177490e-01,2.710991477966308594e+01,-2.287900209426879883e+00,2.210089206695556641e+00,4.180421631508845337e+01,2.695033857024938584e+00,0.000000000000000000e+00
2.386000000000000000e+03,1.622000000000000000e+03,1.393398761749267578e+01,-2.226357698440551758e+00,-1.095295071601867676e+00,7.448359489440917969e+00,-1.806554794311523438e-01,-1.133518934249877930e+00,4.280935173722252074e+01,5.768871424962006778e+00,0.000000000000000000e+00
2.397000000000000000e+03,2.865000000000000000e+03,3.378429794311523438e+01,-8.831152915954589844e+00,1.409608721733093262e+00,4.476790237426757812e+01,-4.395315170288085938e+00,-1.827988624572753906e+00,2.903211906034698941e+01,1.639553056163889622e+01,0.000000000000000000e+00
2.419000000000000000e+03,1.416000000000000000e+03,5.360784530639648438e+00,-3.334491570790608872e+00,-1.039530158042907715e+00,1.135183906555175781e+01,-6.865851283073425293e-01,-1.148701429367065430e+00,2.980080361700021285e+01,8.525668459383316744e+00,0.000000000000000000e+00
2.426000000000000000e+03,2.667000000000000000e+03,2.419393539428710938e+01,-1.875247478485107422e+00,-1.431723237037658691e+00,1.127698326110839844e+01,-4.463286876678466797e+00,-1.049656867980957031e+00,3.028851148948410099e+01,1.099602667375242504e+01,0.000000000000000000e+00
2.451000000000000000e+03,3.793000000000000000e+03,1.131476497650146484e+01,-9.144774436950683594e+00,-1.185967683792114258e+00,8.373529052734375000e+01,8.862517356872558594e+00,-3.532965183258056641e+00,2.891786471148946092e+01,7.754343979500400508e+01,0.000000000000000000e+00
2.452000000000000000e+03,1.924000000000000000e+03,5.426849746704101562e+01,1.503363418579101562e+01,-2.657987117767333984e+00,5.156710815429687500e+01,2.919412040710449219e+01,-1.551092505455017090e+00,5.128562141093789961e+01,2.069436835716051348e+01,0.000000000000000000e+00
2.453000000000000000e+03,3.510000000000000000e+02,1.277661991119384766e+01,1.167183637619018555e+00,-1.223215579986572266e+00,2.488925170898437500e+01,-4.620680332183837891e+00,1.136377930641174316e+00,2.685956095442008973e+01,1.446659588071272751e+01,0.000000000000000000e+00
2.460000000000000000e+03,1.557000000000000000e+03,1.320397281646728516e+01,-8.178050041198730469e+00,-7.537342905998229980e-01,1.475003147125244141e+01,-4.212112903594970703e+00,-1.183149337768554688e+00,2.825627968763563302e+01,6.730821091697377412e+00,0.000000000000000000e+00
2.462000000000000000e+03,7.600000000000000000e+01,1.843806076049804688e+01,1.049826979637145996e+00,-1.590446949005126953e+00,2.787013053894042969e+01,-5.323607444763183594e+00,2.475699186325073242e+00,1.971561707609940939e+01,1.242612484080812862e+01,0.000000000000000000e+00
2.471000000000000000e+03,3.720000000000000000e+03,4.350507736206054688e+00,-4.616067886352539062e+00,-1.008818984031677246e+00,5.395066261291503906e+00,-5.631368756294250488e-01,-1.105718851089477539e+00,5.675710880604528796e+01,5.364660118820831158e+00,0.000000000000000000e+00
2.478000000000000000e+03,3.388000000000000000e+03,4.052815914154052734e+00,-4.530301094055175781e+00,-9.843468666076660156e-01,8.702500343322753906e+00,-3.164753437042236328e+00,-9.758128523826599121e-01,6.178435321936287039e+01,6.936827824580198865e+00,0.000000000000000000e+00
2.479000000000000000e+03,2.912000000000000000e+03,6.335446357727050781e+00,-3.426650524139404297e+00,-8.167191147804260254e-01,2.327083174387614051e+01,-4.568298975626627900e+00,-1.383179605007171631e+00,3.576317344809241661e+01,1.894077646063275822e+01,0.000000000000000000e+00
2.488000000000000000e+03,1.537000000000000000e+03,8.224071502685546875e+00,-1.340379834175109863e+00,-1.235121369361877441e+00,8.177891731262207031e+00,-3.814383268356323242e+00,-8.873932957649230957e-01,3.409351123839469011e+01,2.416728645794224750e+00,0.000000000000000000e+00
2.493000000000000000e+03,4.670000000000000000e+02,4.802903652191162109e+00,-3.216650962829589844e+00,-1.075584888458251953e+00,1.870259683782404281e+01,-4.990836273540150358e+00,-3.869602524421431738e-02,3.526934213562932285e+01,1.593032692509582127e+01,0.000000000000000000e+00
2.497000000000000000e+03,3.008000000000000000e+03,8.868279457092285156e+00,-2.275282621383666992e+00,-1.132346391677856445e+00,2.650761604309082031e+01,-4.451486587524414062e+00,9.343970417976379395e-01,5.595144450740165354e+01,1.963560356820838493e+01,0.000000000000000000e+00
2.498000000000000000e+03,2.457000000000000000e+03,5.195616245269775391e+00,-3.311813592910766602e+00,-1.217678308486938477e+00,7.485599994659423828e+00,-3.878428697586059570e+00,-9.965820908546447754e-01,3.753577952181449717e+01,4.252572184075924078e+00,0.000000000000000000e+00
2.505000000000000000e+03,3.450000000000000000e+02,4.092805099487304688e+01,6.675193309783935547e+00,-2.624364137649536133e+00,2.485902786254882812e+01,-4.561367511749267578e+00,8.528118133544921875e+00,1.543762576207556059e+01,1.973448141551677892e+01,0.000000000000000000e+00
2.512000000000000000e+03,1.591000000000000000e+03,1.407692050933837891e+01,-7.781649112701416016e+00,-1.022681593894958496e+00,7.251496791839599609e+00,-5.400730967521667480e-01,-1.309264063835144043e+00,3.534636801309119392e+01,9.661706551210142990e+00,0.000000000000000000e+00
2.517000000000000000e+03,2.021000000000000000e+03,6.547660112380981445e+00,-9.506205320358276367e-01,-1.166269898414611816e+00,5.401062965393066406e+00,7.563687562942504883e-01,-1.131265044212341309e+00,5.606573075697956199e+01,2.342167535856853000e+00,0.000000000000000000e+00
2.523000000000000000e+03,2.594000000000000000e+03,3.182074419657389441e+01,-8.821236292521158262e+00,1.215341528256734138e+00,1.697847175598144531e+01,1.962881907820701599e-01,-1.227729916572570801e+00,3.586388100762614783e+01,1.757961694808772179e+01,0.000000000000000000e+00
2.535000000000000000e+03,3.673000000000000000e+03,5.075452804565429688e+01,1.464912700653076172e+01,-2.746464014053344727e+00,8.363969421386718750e+01,9.328588485717773438e+00,-1.773566007614135742e+00,3.192320837744930628e+01,3.304608820859294127e+01,0.000000000000000000e+00
2.536000000000000000e+03,6.500000000000000000e+01,1.796155929565429688e+01,-2.321474075317382812e+00,-1.198964834213256836e+00,2.664195442199707031e+01,-3.818400621414184570e+00,2.962304353713989258e+00,3.806997926031718293e+01,1.134326512227626260e+01,0.000000000000000000e+00
2.542000000000000000e+03,2.770000000000000000e+02,5.404299163818359375e+01,1.518422603607177734e+01,-2.651066064834594727e+00,2.698681068420410156e+01,-3.217216491699218750e+00,7.399334311485290527e-01,3.471662337880163562e+01,2.970352310897915871e+01,0.000000000000000000e+00
2.553000000000000000e+03,1.570000000000000000e+03,5.849689006805419922e+00,-3.781442880630493164e+00,-1.171279191970825195e+00,2.315282630920410156e+01,-4.543972015380859375e+00,-1.580355048179626465e+00,3.952154874264731887e+01,1.933433514482125659e+01,0.000000000000000000e+00
2.559000000000000000e+03,3.130000000000000000e+03,4.802027893066406250e+01,4.444558620452880859e-01,-2.453082084655761719e+00,3.995379257202148438e+01,2.374045848846435547e+00,-2.705240249633789062e+00,2.545373064729221468e+01,9.718569105912894912e+00,0.000000000000000000e+00
2.561000000000000000e+03,7.450000000000000000e+02,2.818380165100097656e+01,-1.481598615646362305e+00,5.315290689468383789e-01,2.650365638732910156e+01,-2.192557096481323242e+00,6.049817800521850586e-01,4.055262973447328534e+01,2.451085253657225849e+00,0.000000000000000000e+00
2.565000000000000000e+03,2.391000000000000000e+03,5.133692979812622070e+00,-2.853661060333251953e+00,-1.090461850166320801e+00,7.221471071243286133e+00,-6.500988006591796875e-01,-1.187283575534820557e+00,2.766884324408871976e+01,4.765949190017543913e+00,0.000000000000000000e+00
2.567000000000000000e+03,2.584000000000000000e+03,5.179769992828369141e+00,-3.128942012786865234e+00,-1.053318262100219727e+00,4.743212223052978516e+00,-4.026176452636718750e+00,-9.179458022117614746e-01,3.483565395388085761e+01,1.585966704954720363e+00,0.000000000000000000e+00
2.568000000000000000e+03,2.060000000000000000e+02,1.480229091644287109e+01,-8.147643089294433594e+00,-1.404146432876586914e+00,2.563708114624023438e+01,-4.214301109313964844e+00,1.208761453628540039e+00,3.836669510976097541e+01,1.470214185029134768e+01,0.000000000000000000e+00
2.574000000000000000e+03,2.090000000000000000e+03,6.299322128295898438e+00,-1.319213867187500000e+00,-1.156031489372253418e+00,3.144395947456359863e+00,3.959666490554809570e+00,-1.106795847415924072e+00,3.528442738055949945e+01,5.986071723732488081e+00,0.000000000000000000e+00
2.576000000000000000e+03,2.171000000000000000e+03,6.475255489349365234e+00,-6.142446398735046387e-01,-1.128635168075561523e+00,2.735381484031677246e+00,4.101510286331176758e+00,-1.117547631263732910e+00,4.593411676390773835e+01,5.678632478797908334e+00,0.000000000000000000e+00
2.578000000000000000e+03,2.734000000000000000e+03,1.273364257812500000e+01,-1.970633268356323242e+00,-1.117401599884033203e+00,1.378998661041259766e+01,3.151009976863861084e-01,-1.125387310981750488e+00,5.288326793061990827e+01,4.617432615155859565e+00,0.000000000000000000e+00
2.589000000000000000e+03,5.000000000000000000e+00,2.671439933776855469e+01,-5.190316438674926758e-01,1.667094469070434570e+00,3.794319915771484375e+01,-2.514755010604858398e+00,6.191365718841552734e-01,8.190746064559293416e+01,1.309682134117849017e+01,0.000000000000000000e+00
2.590000000000000000e+03,1.981000000000000000e+03,9.679089546203613281e+00,-8.793721199035644531e+00,-8.726575970649719238e-01,2.343495941162109375e+01,-4.544455528259277344e+00,-1.741401791572570801e+00,4.175808723356389862e+01,1.721398955540020026e+01,0.000000000000000000e+00
2.605000000000000000e+03,1.599000000000000000e+03,1.421098232269287109e+01,-8.255413055419921875e+00,-9.267873167991638184e-01,1.226943302154541016e+01,-4.082004070281982422e+00,-1.054869174957275391e+00,2.501900892265107856e+01,5.647026213203265144e+00,0.000000000000000000e+00
2.612000000000000000e+03,1.343000000000000000e+03,9.941562175750732422e+00,-8.909418582916259766e+00,-6.340821087360382080e-01,1.095082092285156250e+01,-9.015113413333892822e-01,-1.052650630474090576e+00,2.891678019457217985e+01,9.665020965554527166e+00,0.000000000000000000e+00
2.613000000000000000e+03,5.420000000000000000e+02,5.395848083496093750e+01,1.537393379211425781e+01,-3.632888078689575195e+00,1.870732307434082031e+01,-4.889643192291259766e-01,-6.764462590217590332e-01,2.984613933548061837e+01,3.654478321025344201e+01,0.000000000000000000e+00
2.615000000000000000e+03,2.499000000000000000e+03,5.037185668945312500e+00,-2.998641252517700195e+00,-9.894461035728454590e-01,9.178631782531738281e+00,-1.860610485076904297e+00,-1.092442393302917480e+00,2.889891415287704035e+01,6.254127187101651053e+00,0.000000000000000000e+00
2.630000000000000000e+03,4.600000000000000000e+02,4.644357919692993164e+00,-2.988039493560791016e+00,-1.039357423782348633e+00,1.849543762207031250e+01,-4.933975696563720703e+00,8.210476487874984741e-02,4.484733769401857018e+01,1.587639771360669982e+01,0.000000000000000000e+00
2.640000000000000000e+03,4.100000000000000000e+02,2.729285430908203125e+01,-1.311517238616943359e+00,7.729905247688293457e-01,2.716360855102539062e+01,-3.212902307510375977e+00,1.665613651275634766e+00,4.886856524311057370e+01,2.213279284309193073e+00,0.000000000000000000e+00
2.653000000000000000e+03,2.112000000000000000e+03,5.326200485229492188e+00,3.615538030862808228e-02,-1.207471251487731934e+00,4.712566852569580078e+00,5.311556100845337136e-01,-1.043968558311462402e+00,2.135312332052445328e+01,1.322600033943969411e+00,0.000000000000000000e+00
2.660000000000000000e+03,1.045000000000000000e+03,1.364365100860595703e+01,-2.852521419525146484e+00,-1.236198782920837402e+00,1.670344257354736328e+01,1.186354696750640869e+00,-9.022853374481201172e-01,2.633672906886003773e+01,7.402672285264912055e+00,0.000000000000000000e+00
2.664000000000000000e+03,2.619000000000000000e+03,8.269350051879882812e+00,-2.656075716018676758e+00,-1.193405389785766602e+00,6.393827438354492188e+00,-5.671192407608032227e-01,-9.676725864410400391e-01,4.430159320703837267e+01,2.846549985571594998e+00,0.000000000000000000e+00
2.669000000000000000e+03,2.140000000000000000e+03,6.028161048889160156e+00,-3.159859895706176758e+00,-1.123136520385742188e+00,7.577304124832153320e+00,-1.166234374046325684e+00,-1.164470732212066650e+00,3.423764415713721831e+01,4.293443189087541967e+00,0.000000000000000000e+00
2.670000000000000000e+03,2.424000000000000000e+03,5.148543357849121094e+00,-2.770802259445190430e+00,-1.009056806564331055e+00,7.260044574737548828e+00,-6.904485821723937988e-01,-1.115374684333801270e+00,3.037328234425860529e+01,4.714148678339324938e+00,0.000000000000000000e+00
2.675000000000000000e+03,2.943000000000000000e+03,1.287794208526611328e+01,-8.019510269165039062e+00,-1.121438860893249512e+00,2.261020660400390625e+01,-4.183790206909179688e+00,-1.272956728935241699e+00,3.351298765663307222e+01,1.332641012772912248e+01,0.000000000000000000e+00
2.679000000000000000e+03,7.060000000000000000e+02,2.831530952453613281e+01,-1.833335310220718384e-01,9.613814204931259155e-02,1.761203193664550781e+01,-3.746459007263183594e+00,1.482172012329101562e+00,4.541620704451551660e+01,9.046729400715046054e+00,0.000000000000000000e+00
2.682000000000000000e+03,2.953000000000000000e+03,3.196981811523437500e+01,-8.661141872406005859e+00,1.338104903697967529e+00,3.039764595031738281e+01,-1.235681343078613281e+01,1.536022186279296875e+00,2.655822508605247734e+01,1.222283673060727383e+00,0.000000000000000000e+00
2.685000000000000000e+03,1.963000000000000000e+03,1.428720092773437500e+01,-2.196777820587158203e+00,-9.732609391212463379e-01,5.157475948333740234e+00,-8.508702516555786133e-01,-1.135197401046752930e+00,5.511292200358327165e+01,7.779065044898783476e+00,0.000000000000000000e+00
2.690000000000000000e+03,1.576000000000000000e+03,2.893003082275390625e+01,4.244814515113830566e-01,2.459217548370361328e+00,5.736356735229492188e+01,2.927742004394531250e+01,-1.891742229461669922e+00,1.806938893363107468e+01,4.425686226520573285e+01,0.000000000000000000e+00
2.692000000000000000e+03,3.150000000000000000e+02,7.987281036376953125e+01,1.890121650695800781e+01,-4.035754203796386719e+00,2.851812362670898438e+01,-4.708112239837646484e+00,4.603770375251770020e-01,2.325632272701146874e+01,5.359987989142933174e+01,0.000000000000000000e+00
2.696000000000000000e+03,3.717000000000000000e+03,5.498329162597656250e+01,1.563437175750732422e+01,-3.516263484954833984e+00,1.286811828613281250e+02,9.749781608581542969e+00,-1.444826841354370117e+00,1.920595237646304199e+01,7.378427666540930829e+01,0.000000000000000000e+00
2.697000000000000000e+03,1.740000000000000000e+02,3.427327728271484375e+01,-8.259187698364257812e+00,1.059933900833129883e+00,3.148472785949707031e+01,-1.224200248718261719e+01,1.387235403060913086e+00,2.717824653000768720e+01,2.848174945260468771e-01,1.000000000000000000e+00
2.699000000000000000e+03,2.850000000000000000e+03,5.196251392364501953e+00,-3.397158384323120117e+00,-9.125503897666931152e-01,2.355691814422607422e+01,-4.595177173614501953e+00,-1.679586529731750488e+00,4.032752176805892219e+01,2.036829171300284713e+01,0.000000000000000000e+00
2.706000000000000000e+03,2.722000000000000000e+03,1.941439247131347656e+01,-1.418682694435119629e+00,-1.371999263763427734e+00,1.348637199401855469e+01,4.660644829273223877e-01,-1.149494051933288574e+00,4.152927058089308332e+01,5.707495996674476935e+00,0.000000000000000000e+00
2.708000000000000000e+03,8.300000000000000000e+01,5.498506927490234375e+01,1.579174709320068359e+01,-3.156825780868530273e+00,3.115691184997558594e+01,-1.095933914184570312e+01,2.338015794754028320e+00,3.217860126813384625e+01,3.172368128850705560e+01,0.000000000000000000e+00
2.717000000000000000e+03,2.295000000000000000e+03,5.995719909667968750e+00,-3.744611263275146484e+00,-8.692177534103393555e-01,8.994750022888183594e+00,-1.849208354949951172e+00,-1.097090482711791992e+00,3.589122293308235356e+01,5.565462154273781437e+00,0.000000000000000000e+00
2.720000000000000000e+03,7.620000000000000000e+02,2.438486862182617188e+01,-1.929076194763183594e+00,-1.724655747413635254e+00,1.418698883056640625e+01,-4.300467014312744141e+00,-1.270299434661865234e+00,3.309751297079655075e+01,8.277085147015895927e+00,0.000000000000000000e+00
2.729000000000000000e+03,3.371000000000000000e+03,3.576095581054687500e+01,-5.478373050689697266e+00,1.318975806236267090e+00,1.579113769531250000e+02,9.918252944946289062e+00,-3.202954530715942383e+00,2.866451752616120885e+01,1.261706667666555859e+02,0.000000000000000000e+00
2.730000000000000000e+03,1.691000000000000000e+03,5.471442818641662598e+00,-3.343616306781768799e+00,-1.073591113090515137e+00,7.320663690567016602e+00,-5.839528441429138184e-01,-1.137841463088989258e+00,3.048286665433071718e+01,4.972380950225229412e+00,0.000000000000000000e+00
2.733000000000000000e+03,7.720000000000000000e+02,2.725864219665527344e+01,-7.124092578887939453e-01,-4.909418821334838867e-01,1.765132522583007812e+01,-5.650309085845947266e+00,-1.290835142135620117e+00,3.042565774657477817e+01,8.087717689586357395e+00,0.000000000000000000e+00
2.734000000000000000e+03,1.610000000000000000e+02,4.656757354736328125e+01,7.924270033836364746e-01,-2.019119501113891602e+00,3.028507614135742188e+01,-1.214577579498291016e+01,1.452021002769470215e+00,2.967393419304980640e+01,1.672500648462954231e+01,0.000000000000000000e+00
2.736000000000000000e+03,2.199000000000000000e+03,1.349042701721191406e+01,-8.050454139709472656e+00,-7.161502838134765625e-01,5.683375358581542969e+00,-3.628859996795654297e+00,-1.091956973075866699e+00,3.686167994469330011e+01,7.799161749042952785e+00,0.000000000000000000e+00
2.742000000000000000e+03,3.575000000000000000e+03,8.569924672444662050e+00,7.713524500528971817e-02,-1.167883833249409919e+00,1.013893356323242223e+01,-9.403106689453125000e+00,-7.971346259117126909e-01,3.298121007709393382e+01,9.222541757113537741e+00,0.000000000000000000e+00
2.749000000000000000e+03,3.609000000000000000e+03,1.856044387817382812e+01,9.113397300243377686e-01,-1.456354737281799316e+00,1.742265892028808594e+01,-3.230936288833618164e+00,6.735584735870361328e-01,2.803425320268791765e+01,2.909508848536154879e+00,0.000000000000000000e+00
2.752000000000000000e+03,2.750000000000000000e+03,8.530848503112792969e+00,7.517801970243453979e-02,-1.387523531913757324e+00,2.924369812011718750e+01,-1.229007186889648473e+01,1.341633605957031294e+00,3.460035065335156190e+01,2.523568224692675344e+01,0.000000000000000000e+00
2.757000000000000000e+03,2.633000000000000000e+03,5.410174846649169922e+00,-3.273446559906005859e+00,-1.130883097648620605e+00,1.669189167022705078e+01,1.282990515232086182e+00,-9.831979572772979736e-01,3.175872976261611669e+01,1.413934671638033791e+01,0.000000000000000000e+00
2.764000000000000000e+03,2.679000000000000000e+03,8.420580863952636719e+00,-1.227818727493286133e+00,-1.275146842002868652e+00,7.815941810607910156e+00,-3.828682184219360352e+00,-9.873138666152954102e-01,3.065664565164292554e+01,2.139571059306144996e+00,0.000000000000000000e+00
2.767000000000000000e+03,2.240000000000000000e+02,7.082124328613281250e+01,6.474890708923339844e+00,6.748219490051269531e+00,2.773809623718261719e+01,-4.009259223937988281e+00,1.110731720924377441e+00,2.876760670250468621e+01,4.228332390671935315e+01,0.000000000000000000e+00
2.774000000000000000e+03,2.802000000000000000e+03,4.879673004150390625e+00,-5.079162597656250000e+00,-1.061222910881042480e+00,1.693174743652343750e+01,1.032886579632759094e-01,-8.618604540824890137e-01,4.653544202053550549e+01,1.525259434310649631e+01,0.000000000000000000e+00
2.790000000000000000e+03,2.358000000000000000e+03,1.464404869079589844e+01,-7.962969303131103516e+00,-1.019993305206298828e+00,1.214378547668457031e+01,-3.932084321975708008e+00,-1.092991709709167480e+00,2.808118916413863175e+01,5.515893071547151472e+00,0.000000000000000000e+00
2.808000000000000000e+03,2.924000000000000000e+03,1.397976016998291016e+01,-7.982205867767333984e+00,-1.158942937850952148e+00,2.263311672210693359e+01,-4.281930685043334961e+00,-1.308380365371704102e+00,2.629972727936009136e+01,1.233833727855402174e+01,0.000000000000000000e+00
2.816000000000000000e+03,1.342000000000000000e+03,1.322527503967285156e+01,-8.750556945800781250e+00,-6.072193980216979980e-01,1.244738101959228516e+01,-4.245503902435302734e+00,-9.865847826004028320e-01,2.526469937982726677e+01,6.133836548291070834e+00,0.000000000000000000e+00
2.818000000000000000e+03,1.204000000000000000e+03,4.555462646484375000e+01,1.085624992847442627e+00,-2.089127540588378906e+00,3.753507232666015625e+01,-1.367782878875732422e+01,-1.620000839233398438e+00,4.643202886666451690e+01,1.143878322676399151e+01,0.000000000000000000e+00
2.821000000000000000e+03,1.939000000000000000e+03,5.979828357696533203e+00,-3.871793985366821289e+00,-9.023362994194030762e-01,7.041203975677490234e+00,-7.153999507427215576e-01,-1.206483364105224609e+00,2.875301034466595951e+01,4.798072805923952799e+00,0.000000000000000000e+00
2.822000000000000000e+03,1.429000000000000000e+03,3.939422225952148438e+01,2.287585258483886719e+00,6.607589125633239746e-01,2.672934913635253906e+01,-4.141338348388671875e+00,3.515244483947753906e+00,3.483632097573035225e+01,1.161615908198190716e+01,0.000000000000000000e+00
2.829000000000000000e+03,2.581000000000000000e+03,1.856906509399414062e+01,-8.051253318786621094e+00,-1.484058618545532227e+00,2.555458259582519531e+01,-2.556053638458251953e+00,2.851824164390563965e-01,2.276432950197757066e+01,1.225806548044437960e+01,0.000000000000000000e+00
2.839000000000000000e+03,1.511000000000000000e+03,7.122615814208984375e+00,-3.841078758239746094e+00,-7.031515240669250488e-01,7.830646395683288574e+00,-4.302248716354370117e+00,-7.966414690017700195e-01,3.404128002011920273e+01,2.762115547239536006e+00,0.000000000000000000e+00
2.848000000000000000e+03,1.823000000000000000e+03,1.631389427185058594e+01,-1.917746782302856445e+00,-1.620783090591430664e+00,6.052868366241455078e+00,-6.352763772010803223e-01,-1.170374155044555664e+00,3.752644043621453562e+01,8.912796879858216670e+00,0.000000000000000000e+00
2.849000000000000000e+03,1.597000000000000000e+03,1.729723167419433594e+01,1.651921153068542480e+00,-1.155078172683715820e+00,8.569148063659667969e+00,-4.128034591674804688e+00,-1.075360774993896484e+00,2.956417292444130496e+01,8.262687190939070447e+00,0.000000000000000000e+00
2.851000000000000000e+03,3.107000000000000000e+03,2.774074745178222656e+01,-7.882760047912597656e+00,1.333770513534545898e+00,2.615060424804687500e+01,-2.986722469329833984e+00,5.423036813735961914e-01,3.548615369951797760e+01,8.076074820702739743e+00,0.000000000000000000e+00
2.856000000000000000e+03,1.802000000000000000e+03,1.868829345703125000e+01,-1.141338157653808594e+01,1.397482752799987793e-01,5.628479480743408203e+00,-3.836438417434692383e+00,-5.494992733001708984e-01,4.669391003269628015e+01,1.386247086578103804e+01,0.000000000000000000e+00
2.857000000000000000e+03,1.322000000000000000e+03,8.757821083068847656e+00,-2.584356069564819336e+00,-1.097503066062927246e+00,1.829727172851562500e+01,-3.501930475234985352e+00,-1.145571708679199219e+00,3.799843401792721664e+01,1.143979905740179426e+01,0.000000000000000000e+00
2.864000000000000000e+03,2.352000000000000000e+03,6.917952728271484375e+01,6.890981674194335938e+00,6.475107192993164062e+00,2.762864685058593750e+01,-5.156710147857666016e+00,2.114323616027832031e+00,2.769253929019755844e+01,4.080000854830211665e+01,0.000000000000000000e+00
2.881000000000000000e+03,2.339000000000000000e+03,1.199828433990478516e+01,-1.342741370201110840e+00,9.431542158126831055e-01,1.392450523376464844e+01,4.837982654571533203e-01,-1.055743813514709473e+00,5.688288380778720921e+01,5.273198993813046798e+00,0.000000000000000000e+00
2.882000000000000000e+03,6.220000000000000000e+02,1.406818294525146484e+01,-1.747359395027160645e+00,-1.495259881019592285e+00,1.092251396179199219e+01,-7.908981800079345703e+00,-9.291521906852722168e-01,3.994625519229165178e+01,4.902239975600065414e+00,0.000000000000000000e+00
2.886000000000000000e+03,2.373000000000000000e+03,5.202778339385986328e+00,-3.195098638534545898e+00,-1.024294853210449219e+00,4.588159561157226562e+00,-4.135426521301269531e+00,-9.342662692070007324e-01,3.782035699139692753e+01,1.444117901804451432e+00,0.000000000000000000e+00
2.887000000000000000e+03,1.624000000000000000e+03,6.542441368103027344e+00,-1.047771811485290527e+00,-1.137955188751220703e+00,5.164050579071044922e+00,5.590261816978454590e-01,-1.133270859718322754e+00,4.292798979678624249e+01,2.204074737873118028e+00,0.000000000000000000e+00
2.890000000000000000e+03,5.010000000000000000e+02,6.627914428710937500e+00,-3.578834056854248047e+00,-1.009081482887268066e+00,1.065489673614501953e+01,-9.646559715270996094e+00,-3.958743214607238770e-01,2.966621116881901798e+01,8.177592446189400732e+00,0.000000000000000000e+00
2.900000000000000000e+03,3.424000000000000000e+03,7.569386959075927734e+00,-3.739761829376220703e+00,-9.993934035301208496e-01,1.284115123748779297e+01,-4.085682153701782227e+00,-1.173416614532470703e+00,3.618098681302521413e+01,7.314396656259881446e+00,0.000000000000000000e+00
2.903000000000000000e+03,2.519000000000000000e+03,1.234140586853027344e+01,1.165305256843566895e+00,-1.273195028305053711e+00,5.400913541967218734e+00,-3.060496286912397945e+00,-9.876205650242891876e-01,7.564828733393885329e+01,6.213163383467091627e+00,0.000000000000000000e+00
2.905000000000000000e+03,2.451000000000000000e+03,4.786891555786132812e+01,9.787905216217041016e-01,-2.762192964553833008e+00,1.206375045776367188e+02,2.504642677307128906e+01,2.760755121707916260e-01,4.105190551957812772e+01,8.022371099591428845e+01,0.000000000000000000e+00
2.908000000000000000e+03,2.700000000000000000e+03,6.649861812591552734e+00,-3.297563314437866211e+00,-9.863561987876892090e-01,9.552450180053710938e+00,-4.560033321380615234e+00,-9.457703828811645508e-01,3.021795266231039889e+01,4.922366893499806828e+00,0.000000000000000000e+00
2.910000000000000000e+03,3.421000000000000000e+03,1.928343772888183594e+01,-1.450949162244796753e-01,-1.345286846160888672e+00,1.757503128051757812e+01,-4.981013298034667969e+00,-7.882446050643920898e-01,6.333852106457189279e+01,2.774434782335613026e+00,0.000000000000000000e+00
2.928000000000000000e+03,2.353000000000000000e+03,1.151940441131591797e+01,-3.195339202880859375e+00,-1.656160473823547363e+00,3.995140838623046875e+01,8.171831965446472168e-01,-1.610951781272888184e+00,9.269215089139709818e+00,3.085588111556496571e+01,0.000000000000000000e+00
2.936000000000000000e+03,1.325000000000000000e+03,6.646137237548828125e+00,-3.130133390426635742e+00,-9.463843405246734619e-01,1.114716434478759766e+01,-8.790099024772644043e-01,-1.022276401519775391e+00,2.805565994750839920e+01,7.040531486101611058e+00,0.000000000000000000e+00
2.941000000000000000e+03,1.667000000000000000e+03,1.973733901977539062e+01,-1.948845624923706055e+00,8.778175711631774902e-01,3.121054840087890625e+01,-1.118720340728759766e+01,3.296283185482025146e-01,3.308626186573833650e+01,1.515217217516315529e+01,0.000000000000000000e+00
2.942000000000000000e+03,3.487000000000000000e+03,5.491540908813476562e+01,3.611679840087890625e+01,-3.435968875885009766e+00,1.292141418457031250e+02,2.466269111633300781e+01,3.358446359634399414e-01,1.224744871391589029e+01,7.216508789740473162e+01,0.000000000000000000e+00
2.947000000000000000e+03,2.140000000000000000e+02,3.286489105224609375e+01,-8.601274490356445312e+00,1.242790758609771729e+00,3.040683364868164062e+01,-1.222342872619628906e+01,1.166897296905517578e+00,3.181561754032558298e+01,3.657936592306804124e-01,1.000000000000000000e+00
2.959000000000000000e+03,1.170000000000000000e+03,5.863702774047851562e+00,-4.608278751373291016e+00,-9.449553489685058594e-01,1.702268409729003906e+01,-2.871546030044555664e+00,-1.166689515113830566e+00,4.212893961765576023e+01,1.346312352514380883e+01,0.000000000000000000e+00
2.967000000000000000e+03,3.184000000000000000e+03,7.114412689208984375e+01,6.306505680084228516e+00,6.414871215820312500e+00,2.564766311645507812e+01,-5.331151008605957031e+00,2.537112712860107422e+00,4.655572495741759909e+00,4.452630131677221215e+01,0.000000000000000000e+00
2.972000000000000000e+03,1.824000000000000000e+03,4.662186431884765625e+01,7.702152132987976074e-01,-2.387262344360351562e+00,1.052799415588378906e+01,-9.586987495422363281e+00,-9.627001881599426270e-01,3.040689154031083774e+01,3.471313415558368831e+01,0.000000000000000000e+00
2.976000000000000000e+03,1.611000000000000000e+03,7.280992031097412109e+00,-2.969027996063232422e+00,-9.525788426399230957e-01,7.173254013061523438e+00,-5.877876281738281250e-01,-1.147268295288085938e+00,3.070377063479419633e+01,3.550854034537890502e+00,0.000000000000000000e+00
2.978000000000000000e+03,1.544000000000000000e+03,1.216958332061767578e+01,-8.140629768371582031e+00,-1.024026393890380859e+00,2.558491516113281250e+01,-4.018646240234375000e+00,1.127842664718627930e+00,3.775324064101429400e+01,1.697391779327879036e+01,0.000000000000000000e+00
2.983000000000000000e+03,2.716000000000000000e+03,6.479201793670654297e+00,-3.740967750549316406e+00,-9.247737526893615723e-01,8.330717086791992188e+00,-4.212283134460449219e+00,-1.040324568748474121e+00,3.921619584432738748e+01,3.883248311125835794e+00,0.000000000000000000e+00
2.989000000000000000e+03,2.950000000000000000e+03,6.434275150299072266e+00,-3.937155485153198242e+00,-9.215061068534851074e-01,2.244416522979736328e+01,-4.402390480041503906e+00,-1.261029362678527832e+00,3.412891428682680584e+01,1.805947985902238528e+01,0.000000000000000000e+00
2.990000000000000000e+03,1.829000000000000000e+03,3.085194396972656250e+01,-9.926426887512207031e+00,1.312764227390289307e+00,4.233738327026367188e+01,1.639124870300292969e+01,-2.031600236892700195e+00,3.444030628049794274e+01,3.321739489293051406e+01,0.000000000000000000e+00
2.998000000000000000e+03,3.098000000000000000e+03,9.216907501220703125e+00,-3.724780082702636719e+00,-3.623658716678619385e-01,1.125833702087402344e+01,-3.891063690185546875e+00,-1.012523651123046875e+00,3.773188810132042192e+01,4.221062463359699812e+00,0.000000000000000000e+00
2.999000000000000000e+03,2.247000000000000000e+03,1.341029262542724609e+01,-8.048225402832031250e+00,-1.154119610786437988e+00,7.263053417205810547e+00,-7.193143963813781738e-01,-1.262956500053405762e+00,2.887760889960797783e+01,9.369327577389048756e+00,0.000000000000000000e+00
3.000000000000000000e+03,1.229000000000000000e+03,1.333189392089843750e+01,-1.530037283897399902e+00,-1.202395796775817871e+00,4.907434463500976562e+01,1.175448703765869141e+01,-2.915734052658081055e+00,9.636923995693262412e+00,4.034990817841122634e+01,0.000000000000000000e+00
3.004000000000000000e+03,2.928000000000000000e+03,7.962829589843750000e+01,1.928646278381347656e+01,-4.033117771148681641e+00,2.528491210937500000e+01,-5.338319301605224609e+00,1.886081457138061523e+00,2.821047885346438377e+01,5.692043303768600282e+01,0.000000000000000000e+00
3.010000000000000000e+03,3.500000000000000000e+01,5.960607528686523438e+00,-4.567077159881591797e+00,-9.123396277427673340e-01,3.794896316528320312e+01,-1.096140575408935547e+01,5.355159193277359009e-02,4.638157391129675489e+01,3.462077086694346661e+01,0.000000000000000000e+00
3.015000000000000000e+03,2.527000000000000000e+03,6.957279205322265625e+00,-3.080196619033813477e+00,-9.095938801765441895e-01,8.266175270080566406e+00,-4.081723213195800781e+00,-1.098241567611694336e+00,2.886124295470763457e+01,3.299839136065012557e+00,0.000000000000000000e+00
3.054000000000000000e+03,3.211000000000000000e+03,2.914431953430175781e+01,-1.331719160079956055e+00,-1.491558849811553955e-01,4.003236770629882812e+01,8.070378303527832031e-01,-2.176537036895751953e+00,3.181836474577354323e+01,1.404365116333822527e+01,0.000000000000000000e+00
3.056000000000000000e+03,2.479000000000000000e+03,1.299027538299560547e+01,-8.662326812744140625e+00,-1.090188860893249512e+00,2.580991935729980469e+01,-3.074071407318115234e+00,8.713588118553161621e-01,3.129246173075455673e+01,1.702333963126734417e+01,0.000000000000000000e+00
3.058000000000000000e+03,2.014000000000000000e+03,2.552223777770996094e+01,-2.125279545783996582e+00,-1.734186410903930664e+00,7.549476528167724965e+00,-6.728655099868774414e-01,-1.198449277877807528e+00,3.181182533571806204e+01,1.657224662339851307e+01,0.000000000000000000e+00
3.062000000000000000e+03,1.318000000000000000e+03,1.819671440124511719e+01,3.839333057403564453e-01,-1.217259764671325684e+00,1.044379138946533203e+01,-2.170788288116455078e+00,-1.038582921028137207e+00,4.949926087261012242e+01,6.170483533162396839e+00,0.000000000000000000e+00
3.071000000000000000e+03,3.361000000000000000e+03,2.814710998535156250e+01,5.681792199611663818e-01,-1.601611599326133728e-01,3.766303634643554688e+01,-1.331180286407470703e+01,-2.255111932754516602e+00,4.786363018450769857e+01,1.565191135804356293e+01,0.000000000000000000e+00
3.077000000000000000e+03,1.928000000000000000e+03,4.893122863769531250e+01,1.558425140380859375e+01,-2.845116138458251953e+00,1.726175689697265625e+01,-1.619279503822326660e+00,-2.445623159408569336e+00,4.082482904638630572e+01,3.366703753201349514e+01,0.000000000000000000e+00
3.093000000000000000e+03,3.779000000000000000e+03,1.407343006134033203e+01,-7.933298110961914062e+00,-1.150796771049499512e+00,2.617213821411132812e+01,-2.736616134643554688e+00,6.923871040344238281e-01,2.924892108437400395e+01,1.617977391964747014e+01,0.000000000000000000e+00
3.095000000000000000e+03,2.156000000000000000e+03,1.298588752746582031e+01,-8.234540939331054688e+00,-9.664235711097717285e-01,1.223472595214843750e+01,-3.849346876144409180e+00,-8.525075316429138184e-01,2.920115482331081225e+01,5.960393465333038598e+00,0.000000000000000000e+00
3.104000000000000000e+03,1.530000000000000000e+03,6.434467792510986328e+00,-3.498625755310058594e+00,-7.789715528488159180e-01,1.163061141967773438e+01,-2.175429761409759521e-01,-9.469757676124572754e-01,3.129468412407399569e+01,8.144322122254839869e+00,0.000000000000000000e+00
3.107000000000000000e+03,3.330000000000000000e+03,1.403490781784057617e+01,-8.006293535232543945e+00,-1.087818622589111328e+00,2.927517318725585938e+01,-1.243689346313476562e+01,1.156338930130004883e+00,2.957066975479555282e+01,1.819699900542086723e+01,0.000000000000000000e+00
3.109000000000000000e+03,2.615000000000000000e+03,1.496681118011474609e+01,-8.004181861877441406e+00,-1.089569211006164551e+00,1.203904724121093750e+01,-4.010707139968872070e+00,-8.986835479736328125e-01,2.684898720599009536e+01,5.521920426308706276e+00,0.000000000000000000e+00
3.122000000000000000e+03,2.248000000000000000e+03,9.168283462524414062e+00,-3.748558521270751953e+00,-4.267366826534271240e-01,7.694765090942382812e+00,-1.374904394149780273e+00,-1.251877546310424805e+00,4.268418124991890039e+01,3.438219474443364287e+00,0.000000000000000000e+00
3.129000000000000000e+03,3.305000000000000000e+03,1.385946178436279297e+01,-8.135347366333007812e+00,-1.080857872962951660e+00,1.086605262756347656e+01,-1.234846591949462891e+00,-1.192962169647216797e+00,3.126412331182697812e+01,8.299066788170955888e+00,0.000000000000000000e+00
3.131000000000000000e+03,3.271000000000000000e+03,1.468783092498779297e+01,-7.685181140899658203e+00,-1.080425977706909180e+00,4.450564956665039062e+01,-4.503864765167236328e+00,-2.023070096969604492e+00,2.825094047296931876e+01,3.271807243540681753e+01,0.000000000000000000e+00
3.142000000000000000e+03,1.870000000000000000e+02,1.462567043304443359e+01,-8.370012283325195312e+00,-1.121920347213745117e+00,2.538883590698242188e+01,-4.374485492706298828e+00,1.285431385040283203e+00,4.450101723024574341e+01,1.464170599455577104e+01,0.000000000000000000e+00
3.145000000000000000e+03,3.678000000000000000e+03,5.532787704467773438e+01,3.622317504882812500e+01,-2.737714529037475586e+00,1.043005065917968750e+02,2.152403450012207031e+01,-4.290644168853759766e+00,2.100795400821458259e+01,4.731293937306932662e+01,0.000000000000000000e+00
3.146000000000000000e+03,1.500000000000000000e+03,5.238924789428710938e+01,1.449711608886718750e+01,-2.565023660659790039e+00,1.230855560302734375e+01,1.073813676834106445e+00,-9.935796856880187988e-01,6.837436920023297660e+01,4.058991693063563844e+01,0.000000000000000000e+00
3.154000000000000000e+03,3.047000000000000000e+03,1.767980384826660156e+01,-9.058747291564941406e+00,-9.140725135803222656e-01,1.756474494934082031e+01,-3.042618989944458008e+00,8.981834650039672852e-01,2.730808567997284797e+01,8.444753032760715428e+00,0.000000000000000000e+00
3.155000000000000000e+03,2.700000000000000000e+02,1.437608575820922852e+01,-7.925080299377441406e+00,-1.043573498725891113e+00,2.613195800781250000e+01,-3.114218950271606445e+00,7.995542883872985840e-01,2.600055889714013091e+01,1.572843498197888401e+01,0.000000000000000000e+00
3.158000000000000000e+03,3.456000000000000000e+03,1.323670864105224609e+01,-1.515866756439208984e+00,-1.063969612121582031e+00,4.908252334594726562e+01,1.175818252563476562e+01,-2.758718967437744141e+00,1.485184720173192652e+01,4.043530751073438267e+01,0.000000000000000000e+00
3.162000000000000000e+03,2.113000000000000000e+03,5.480154800415039062e+01,1.550040912628173828e+01,-3.868029356002807617e+00,1.042368164062500000e+02,1.058794879913330078e+01,-3.411391973495483398e+00,4.629122346900553353e+00,4.953452812309014774e+01,0.000000000000000000e+00
3.164000000000000000e+03,8.290000000000000000e+02,1.545910167694091797e+01,-2.591482162475585938e+00,-1.062371134757995605e+00,2.517983436584472656e+01,-5.081136703491210938e+00,2.168867886066436768e-01,3.243697048112229453e+01,1.175058966492100154e+01,0.000000000000000000e+00
3.169000000000000000e+03,1.425000000000000000e+03,3.069083881378173828e+01,-1.001471757888793945e+01,1.350205898284912109e+00,4.228370285034179688e+01,1.627458763122558594e+01,-2.026607990264892578e+00,3.135175035863188242e+01,3.322872820675299721e+01,0.000000000000000000e+00
3.176000000000000000e+03,3.122000000000000000e+03,1.398654365539550781e+01,-7.837611675262451172e+00,-1.058734655380249023e+00,3.018506240844726562e+01,-1.196274185180664062e+01,1.242512106895446777e+00,2.344118888046663329e+01,1.907721773119982700e+01,0.000000000000000000e+00
3.183000000000000000e+03,3.049000000000000000e+03,1.330894279479980469e+01,-8.826858520507812500e+00,-1.058164358139038086e+00,2.267343330383300781e+01,-4.423914432525634766e+00,-6.590446829795837402e-01,4.176232728265088667e+01,1.332907932521145256e+01,0.000000000000000000e+00
3.190000000000000000e+03,3.820000000000000000e+02,7.014765167236328125e+01,7.384700775146484375e+00,6.436401367187500000e+00,1.730202865600585938e+01,-4.130016803741455078e+00,2.540012359619140625e+00,3.829334231373774600e+01,5.196965737828872989e+01,0.000000000000000000e+00
3.192000000000000000e+03,2.338000000000000000e+03,7.305901527404785156e+00,-2.864752054214477539e+00,-8.894985914230346680e-01,1.075392913818359375e+01,-1.102530717849731445e+00,-1.022859811782836914e+00,2.839717391882825481e+01,5.891825623905237563e+00,0.000000000000000000e+00
3.193000000000000000e+03,2.726000000000000000e+03,1.314715719223022461e+01,-8.123322010040283203e+00,-1.037166178226470947e+00,2.623561668395996094e+01,-2.885314226150512695e+00,7.743825912475585938e-01,3.340390486513131663e+01,1.706685376408072941e+01,0.000000000000000000e+00
3.207000000000000000e+03,2.368000000000000000e+03,1.327768611907958984e+01,-8.164590835571289062e+00,-1.038022756576538086e+00,1.151166629791259766e+01,-6.331554055213928223e-01,-1.127321243286132812e+00,2.922360156739632586e+01,8.889031021853748271e+00,0.000000000000000000e+00
3.214000000000000000e+03,1.595000000000000000e+03,1.851160621643066406e+01,1.616460800170898438e+00,-1.037512063980102539e+00,5.627490997314453125e+00,-1.381684988737106323e-01,-1.086167573928833008e+00,5.233772724558553335e+01,1.142362583864253978e+01,0.000000000000000000e+00
3.218000000000000000e+03,2.788000000000000000e+03,1.737448883056640625e+01,1.591021180152893066e+00,-7.259909510612487793e-01,1.606779575347900391e+01,-4.873513132333755493e-01,-9.563134908676147461e-01,3.330278359481206962e+01,5.046273667458456291e-01,1.000000000000000000e+00
3.234000000000000000e+03,2.328000000000000000e+03,5.118173599243164062e+01,1.514678573608398438e+01,-2.778748989105224609e+00,6.731764144897461222e+01,-2.074694418907165439e+00,7.598236703872681019e+00,3.465637542250067327e+01,2.220302885264359460e+01,0.000000000000000000e+00
3.240000000000000000e+03,2.711000000000000000e+03,7.159577369689941406e+00,-3.993348598480224609e+00,-9.882979393005371094e-01,8.153909206390380859e+00,-4.296458005905151367e+00,-9.886941909790039062e-01,3.442874202603636036e+01,3.070151531934781186e+00,0.000000000000000000e+00
3.247000000000000000e+03,1.390000000000000000e+03,1.438895511627197266e+01,-8.005205154418945312e+00,-7.903873324394226074e-01,1.187218666076660156e+01,-4.140796184539794922e+00,-9.770789742469787598e-01,2.825445073096845761e+01,5.326316191878167849e+00,0.000000000000000000e+00
3.252000000000000000e+03,3.712000000000000000e+03,1.927300453186035156e+01,-1.412230581045150757e-01,7.858420014381408691e-01,1.295764770507812500e+02,1.051342868804931641e+01,-2.679951190948486328e+00,2.793774939840466942e+01,1.127642110631375090e+02,0.000000000000000000e+00
3.257000000000000000e+03,3.345000000000000000e+03,1.589894104003906250e+01,-9.845993041992187500e+00,-1.147297620773315430e+00,3.806359481811523438e+01,-1.351864719390869141e+01,-1.208617448806762695e+00,2.829851585322215612e+01,2.506333480674132019e+01,0.000000000000000000e+00
3.263000000000000000e+03,2.705000000000000000e+03,9.807359695434570312e+00,-9.962475776672363281e+00,-1.005032896995544434e+00,1.667087745666503906e+01,-1.105393767356872559e-01,-1.252515673637390137e+00,4.502104734799747376e+01,1.444312463878021013e+01,0.000000000000000000e+00
3.272000000000000000e+03,3.408000000000000000e+03,1.872271919250488281e+01,-2.100818976759910583e-02,-1.304546236991882324e+00,2.680945968627929688e+01,-3.668733119964599609e+00,1.563794136047363281e+00,4.549968990444963168e+01,1.024108927658473611e+01,0.000000000000000000e+00
3.281000000000000000e+03,1.737000000000000000e+03,1.314191150665283203e+01,-8.405007362365722656e+00,-9.850540161132812500e-01,1.187870597839355469e+01,-3.855637788772583008e+00,-8.267514705657958984e-01,2.855179859471429182e+01,6.003357129068979781e+00,0.000000000000000000e+00
3.283000000000000000e+03,2.710000000000000000e+02,1.308938980102539062e+01,-8.083137512207031250e+00,-9.820844531059265137e-01,2.591877174377441406e+01,-3.089112281799316406e+00,7.932171225547790527e-01,2.596889312648398018e+01,1.672508478112029806e+01,0.000000000000000000e+00
3.289000000000000000e+03,3.451000000000000000e+03,5.447898864746093750e+01,3.585412979125976562e+01,-2.698473930358886719e+00,1.526884918212890625e+02,1.079282283782958984e+01,-2.171697139739990234e+00,1.424196718387724658e+01,9.763156556194712721e+01,0.000000000000000000e+00
3.312000000000000000e+03,2.524000000000000000e+03,1.495813465118408203e+01,-7.849232196807861328e+00,-9.752228260040283203e-01,1.208203029632568359e+01,-4.065934658050537109e+00,-8.845488429069519043e-01,2.703536300165486850e+01,5.311152831766267290e+00,0.000000000000000000e+00
3.321000000000000000e+03,2.820000000000000000e+02,9.778166770935058594e+00,-3.425298690795898438e+00,-2.657562494277954102e-01,2.629227638244628906e+01,-2.637729406356811523e+00,6.995597481727600098e-01,3.118802154141116745e+01,1.861354110933783090e+01,0.000000000000000000e+00
3.322000000000000000e+03,2.399000000000000000e+03,1.717603937784830848e+01,1.601425131162007576e+00,-9.488894144694010047e-01,3.139527130126953125e+01,-1.247164630889892578e+01,1.194074869155883789e+00,2.533570212904056973e+01,1.997301671583202065e+01,0.000000000000000000e+00
3.331000000000000000e+03,2.372000000000000000e+03,1.427302837371826172e+01,-7.846017122268676758e+00,-9.357527792453765869e-01,1.229382228851318359e+01,-4.047286033630371094e+00,-7.018926739692687988e-01,2.792770385702880986e+01,5.269238702295808707e+00,0.000000000000000000e+00
3.334000000000000000e+03,3.187000000000000000e+03,1.294651222229003906e+01,-8.554180145263671875e+00,-7.383018136024475098e-01,3.332405090332031250e+01,2.658444023132324219e+01,-2.725754976272583008e+00,2.700043778745234135e+01,4.313066852972814758e+01,0.000000000000000000e+00
3.336000000000000000e+03,9.430000000000000000e+02,5.065109634399414062e+01,1.449416160583496094e+01,-2.903852224349975586e+00,6.761197662353515625e+01,-1.772156953811645508e+00,6.796495914459228516e+00,2.841167791514966368e+01,2.214913663496376017e+01,0.000000000000000000e+00
3.337000000000000000e+03,2.069000000000000000e+03,1.433957862854003906e+01,-7.815674304962158203e+00,-9.422620534896850586e-01,7.684223651885986328e+00,-4.399172306060791016e+00,-3.861708343029022217e-01,3.545775306390650883e+01,6.370055255379316606e+00,0.000000000000000000e+00
3.342000000000000000e+03,1.010000000000000000e+02,1.389495754241943359e+01,-1.210723018646240234e+01,-9.362060427665710449e-01,2.803619384765625000e+01,-5.199182033538818359e+00,2.056998252868652344e+00,2.468879020864736518e+01,1.930842188062456088e+01,0.000000000000000000e+00
3.352000000000000000e+03,3.110000000000000000e+02,2.743311309814453125e+01,-3.720961511135101318e-01,7.654062509536743164e-01,2.624479866027832031e+01,-2.519756555557250977e+00,4.457976222038269043e-01,3.855640355874336933e+01,1.190110993119903648e+00,0.000000000000000000e+00
3.359000000000000000e+03,3.822000000000000000e+03,1.501657409667968750e+02,2.820074653625488281e+01,-3.388869762420654297e+00,8.105915069580078125e+01,9.326279640197753906e+00,-3.689373016357421875e+00,4.345260147063902956e+00,6.987333164370643601e+01,0.000000000000000000e+00
3.360000000000000000e+03,1.438000000000000000e+03,1.474262046813964844e+01,-7.812801837921142578e+00,-9.145489931106567383e-01,1.211768245697021484e+01,-4.031089305877685547e+00,-8.432151079177856445e-01,2.904245846942102460e+01,5.276301440378344587e+00,0.000000000000000000e+00
3.361000000000000000e+03,4.460000000000000000e+02,1.409492397308349609e+01,-1.230285072326660156e+01,-7.057461142539978027e-01,1.724759292602539062e+01,-2.992294549942016602e+00,6.594831943511962891e-01,3.055570528724103951e+01,1.244889110619565820e+01,0.000000000000000000e+00
3.368000000000000000e+03,1.222000000000000000e+03,1.454635620117187500e+01,-8.317681312561035156e+00,-9.074639081954956055e-01,2.599394226074218750e+01,-4.130627155303955078e+00,7.458280920982360840e-01,3.651938495089926562e+01,1.523728284950429313e+01,0.000000000000000000e+00
3.373000000000000000e+03,3.240000000000000000e+02,1.860620307922363281e+01,7.875195741653442383e-01,-9.052238464355468750e-01,2.568046760559082031e+01,-2.366723060607910156e+00,2.810569405555725098e-01,1.998901060530729978e+01,8.770296740284518222e+00,0.000000000000000000e+00
3.393000000000000000e+03,3.297000000000000000e+03,1.840903854370117188e+01,-1.116211223602294922e+01,3.984587788581848145e-01,1.750136470794677734e+01,-4.917683362960815430e+00,1.391919672489166260e+00,3.977020524611362617e+01,8.466772168983908387e+00,0.000000000000000000e+00
3.398000000000000000e+03,2.767000000000000000e+03,3.084691047668457031e+01,-1.002107429504394531e+01,1.357083201408386230e+00,4.233680915832519531e+01,1.641509437561035156e+01,-2.173442482948303223e+00,3.112728029563139742e+01,3.334900603922277895e+01,0.000000000000000000e+00
3.405000000000000000e+03,2.278000000000000000e+03,5.357085227966308594e+00,-3.015810728073120117e+00,-1.221049785614013672e+00,7.138526916503906250e+00,-3.915728330612182617e-01,-1.224938631057739258e+00,3.365905376683836892e+01,4.792871233942880060e+00,0.000000000000000000e+00
3.406000000000000000e+03,2.580000000000000000e+02,1.284157609939575195e+01,-8.153812408447265625e+00,-8.508788049221038818e-01,2.616894149780273438e+01,-2.993355989456176758e+00,9.597222208976745605e-01,2.775088044439825197e+01,1.724506647939528392e+01,0.000000000000000000e+00
3.411000000000000000e+03,3.740000000000000000e+02,2.852883911132812500e+01,-2.023349523544311523e+00,8.137513995170593262e-01,2.713157844543457031e+01,-4.467742443084716797e+00,2.283289670944213867e+00,2.448286706937111035e+01,1.620281568067310385e+00,0.000000000000000000e+00
3.412000000000000000e+03,2.858000000000000000e+03,1.294071769714355469e+01,-8.531280517578125000e+00,-8.702828288078308105e-01,1.231979846954345703e+01,-4.289643287658691406e+00,-1.052598595619201660e+00,3.117766071963936980e+01,5.881306104677538116e+00,0.000000000000000000e+00
3.413000000000000000e+03,2.285000000000000000e+03,7.492007255554199219e+00,-2.666847944259643555e+00,-9.821779131889343262e-01,7.386440515518188477e+00,-7.582226693630218506e-01,-1.181168973445892334e+00,2.635169298404611027e+01,3.162853183748421060e+00,0.000000000000000000e+00
3.414000000000000000e+03,1.811000000000000000e+03,5.094172286987304688e+01,1.488591861724853516e+01,-2.930291414260864258e+00,4.009668731689453125e+01,8.122580051422119141e-01,-2.429650068283081055e+00,1.679177020336501158e+01,1.345567851690382710e+01,0.000000000000000000e+00
3.422000000000000000e+03,1.637000000000000000e+03,1.199332427978515625e+01,-9.130237579345703125e+00,-8.672163486480712891e-01,2.590425109863281250e+01,-3.901060819625854492e+00,1.606329321861267090e+00,4.543279580507290660e+01,1.794771334568303800e+01,0.000000000000000000e+00
3.423000000000000000e+03,2.452000000000000000e+03,3.177045822143554688e+01,-8.524551391601562500e+00,1.424283385276794434e+00,7.668021917343139648e+00,-3.992022633552551270e+00,-1.008649557828903198e+00,3.169034202999077010e+01,2.295179190186009066e+01,0.000000000000000000e+00
3.426000000000000000e+03,3.332000000000000000e+03,1.148702239990234375e+01,-1.159140396118164062e+01,-8.669078350067138672e-01,1.817794418334960938e+01,-3.254957199096679688e+00,9.907904267311096191e-01,8.646012192242352512e+01,1.361433809001030326e+01,0.000000000000000000e+00
3.433000000000000000e+03,3.328000000000000000e+03,1.211811923980712891e+01,-8.973527908325195312e+00,-7.624475359916687012e-01,4.342548370361328125e+01,-4.290184497833251953e+00,-1.636487483978271484e+00,5.623294769783046121e+01,3.450515194377238970e+01,0.000000000000000000e+00
3.455000000000000000e+03,2.040000000000000000e+03,1.932427787780761719e+01,-8.601037025451660156e+00,-1.085211038589477539e+00,1.660413169860839844e+01,1.429238915443420410e+00,-1.847523093223571777e+00,6.699780768667085340e+01,1.209573654915082486e+01,0.000000000000000000e+00
3.458000000000000000e+03,1.171000000000000000e+03,1.027044296264648438e+01,-1.084604835510253906e+01,-8.470283746719360352e-01,1.109106540679931641e+01,-4.435780048370361328e+00,-1.172808170318603516e+00,3.303306651749264944e+01,8.247407122469162744e+00,0.000000000000000000e+00
3.472000000000000000e+03,7.530000000000000000e+02,4.666282081604003906e+01,1.099242925643920898e+00,-2.249841570854187012e+00,1.466265678405761719e+01,-4.502616405487060547e+00,-1.221333980560302734e+00,3.021745709755760245e+01,3.028420421952137076e+01,0.000000000000000000e+00
3.474000000000000000e+03,2.650000000000000000e+02,1.281218528747558594e+01,-8.629298210144042969e+00,-8.382101058959960938e-01,2.616296768188476562e+01,-2.890416860580444336e+00,8.754971027374267578e-01,2.608763830772671355e+01,1.753027852707352707e+01,0.000000000000000000e+00
3.475000000000000000e+03,1.091000000000000000e+03,1.445177745819091797e+01,-7.887817382812500000e+00,-8.368744254112243652e-01,2.897353267669677734e+01,-1.225764179229736328e+01,1.434239506721496582e+00,3.547875011391933953e+01,1.746665456853332188e+01,0.000000000000000000e+00
3.480000000000000000e+03,1.837000000000000000e+03,2.747692489624023438e+01,2.294720649719238281e+00,2.292625308036804199e-01,1.042566452026367188e+02,1.058277606964111328e+01,-2.761046171188354492e+00,0.000000000000000000e+00,7.911340028926497325e+01,0.000000000000000000e+00
3.490000000000000000e+03,3.254000000000000000e+03,1.006762790679931641e+01,-1.098883247375488281e+01,-8.305455446243286133e-01,4.474028778076171875e+01,-4.317466735839843750e+00,-2.178732156753540039e+00,3.345954533410721865e+01,3.836682116870024117e+01,0.000000000000000000e+00
3.509000000000000000e+03,3.520000000000000000e+02,2.735437202453613281e+01,-9.691985845565795898e-01,9.203072786331176758e-01,2.506245994567871094e+01,-3.095169782638549805e+00,1.135863184928894043e+00,4.024891932824152008e+01,1.040627408616050742e+00,0.000000000000000000e+00
3.514000000000000000e+03,2.890000000000000000e+02,2.781146240234375000e+01,-7.947041034698486328e+00,1.420826435089111328e+00,2.613574600219726562e+01,-3.119165182113647461e+00,6.349222660064697266e-01,2.826650517507895088e+01,8.006751106977759491e+00,0.000000000000000000e+00
3.518000000000000000e+03,1.400000000000000000e+02,1.996950340270996094e+01,-9.213739395141601562e+00,-4.388869702816009521e-01,2.738997840881347656e+01,-3.737361669540405273e+00,1.666853427886962891e+00,4.323168212524397092e+01,1.285467802894432587e+01,0.000000000000000000e+00
3.522000000000000000e+03,1.460000000000000000e+02,9.645187377929687500e+00,-3.033608039220174302e+00,-3.538728753725687848e-01,3.149073028564453125e+01,-1.235676193237304688e+01,1.590116858482360840e+00,2.806263604186274563e+01,2.530000125041810577e+01,0.000000000000000000e+00
3.534000000000000000e+03,2.134000000000000000e+03,1.476709175109863281e+01,-8.930145263671875000e+00,-8.044549226760864258e-01,1.784802246093750000e+01,-5.076729297637939453e+00,-1.370832920074462891e+00,6.852875107945199318e+01,7.900018539346302937e+00,0.000000000000000000e+00
3.545000000000000000e+03,6.250000000000000000e+02,4.778272628784179688e+01,8.874130249023437500e-01,-2.185796260833740234e+00,1.706197357177734375e+01,-4.077209472656250000e+00,5.829141736030578613e-01,3.252139164415658001e+01,2.908291528057592856e+01,0.000000000000000000e+00
3.566000000000000000e+03,2.396000000000000000e+03,1.757024574279785156e+01,1.547288656234741211e+00,-7.876180410385131836e-01,1.191746044158935547e+01,-4.151260852813720703e+00,-1.067617774009704590e+00,3.186102393816880607e+01,5.674147954371909996e+00,0.000000000000000000e+00
3.569000000000000000e+03,4.480000000000000000e+02,1.172232055664062500e+01,-9.247528076171875000e+00,-7.803809642791748047e-01,1.741075897216796875e+01,-4.162578105926513672e+00,6.555995345115661621e-01,3.220156064615089520e+01,1.052550143209383648e+01,0.000000000000000000e+00
3.571000000000000000e+03,8.000000000000000000e+02,1.447932624816894531e+01,-7.779174327850341797e+00,-1.374434947967529297e+00,1.063351058959960938e+01,-9.658650398254394531e+00,-6.207615137100219727e-01,2.706554432891813278e+01,1.484565070192441327e+00,0.000000000000000000e+00
3.574000000000000000e+03,1.250000000000000000e+03,6.382500171661376953e+00,1.735138058662414551e+00,-1.240240454673767090e+00,2.583392906188964844e+01,-2.324382781982421875e+00,9.161024093627929688e+00,4.432664911947174602e+00,2.342841611466385032e+01,0.000000000000000000e+00
3.582000000000000000e+03,3.491000000000000000e+03,1.545207691192626953e+01,-1.007476234436035156e+01,-7.734134793281555176e-01,6.710066986083984375e+01,-2.357225656509399414e+00,7.614270687103271484e+00,3.224843003789676033e+01,5.588372020051704681e+01,0.000000000000000000e+00
3.585000000000000000e+03,2.367000000000000000e+03,1.560662174224853516e+01,-9.905724525451660156e+00,-7.714899778366088867e-01,3.770165634155273438e+01,-1.379185390472412109e+01,1.517793983221054077e-01,2.449099771744214138e+01,2.503156042693478867e+01,0.000000000000000000e+00
3.602000000000000000e+03,1.031000000000000000e+03,1.324961185455322266e+01,-8.459491729736328125e+00,-7.541202306747436523e-01,1.237636852264404297e+01,-4.297530174255371094e+00,-9.448366165161132812e-01,3.032279176908107488e+01,5.758728787036084817e+00,0.000000000000000000e+00
3.604000000000000000e+03,1.459000000000000000e+03,1.273163795471191406e+01,-8.158061027526855469e+00,-7.462268471717834473e-01,7.626496791839599609e+00,-4.285469532012939453e+00,-3.285982310771942139e-01,3.580580115018442910e+01,5.716089503803530647e+00,0.000000000000000000e+00
3.605000000000000000e+03,1.845000000000000000e+03,2.545375315348307410e+01,-2.099882364273071289e+00,-1.885071794191996331e+00,1.635349464416503906e+01,1.323914289474487305e+00,-1.118393421173095703e+00,3.170861326213556097e+01,9.493851503566361316e+00,0.000000000000000000e+00
3.610000000000000000e+03,1.720000000000000000e+03,1.613125801086425781e+01,-9.738982200622558594e+00,-7.447271347045898438e-01,1.362346649169921875e+01,2.386506348848342896e-01,-1.282468318939208984e+00,3.319182797324497614e+01,1.164703166443584337e+01,0.000000000000000000e+00
3.619000000000000000e+03,3.155000000000000000e+03,2.930659484863281250e+01,5.967740342020988464e-02,5.343152284622192383e-01,5.239311981201171875e+01,2.935708618164062500e+01,-1.244597554206848145e+00,0.000000000000000000e+00,4.100852613782922873e+01,0.000000000000000000e+00
3.625000000000000000e+03,2.558000000000000000e+03,8.025004386901855469e+00,-2.312317609786987305e+00,-1.136854290962219238e+00,7.917504310607910156e+00,-3.489114046096801758e+00,-6.777371168136596680e-01,4.113640082027053069e+01,1.825841022371972988e+00,0.000000000000000000e+00
3.629000000000000000e+03,1.418000000000000000e+03,1.038704681396484375e+01,-2.704559564590454102e+00,-8.521597981452941895e-01,1.095422363281250000e+01,-8.180372714996337891e-01,-1.171916127204895020e+00,2.765068453972488527e+01,3.855417969012738588e+00,0.000000000000000000e+00
3.632000000000000000e+03,1.140000000000000000e+02,6.871802520751953125e+01,6.797861099243164062e+00,6.281261920928955078e+00,2.511058044433593750e+01,-5.240862369537353516e+00,1.867951512336730957e+00,3.042401325592957306e+01,4.283765800566497717e+01,0.000000000000000000e+00
3.645000000000000000e+03,1.123000000000000000e+03,1.002768707275390625e+01,-9.977234840393066406e+00,-7.281000018119812012e-01,1.058277511596679688e+01,-9.490767478942871094e+00,-7.840350270271301270e-01,3.073214223759797648e+01,3.630109044021456732e+00,0.000000000000000000e+00
3.660000000000000000e+03,1.808000000000000000e+03,8.878356456756591797e+00,-3.692869007587432861e+00,-3.491509929299354553e-01,1.709525489807128906e+01,-3.274470806121826172e+00,-2.456387758255004883e+00,5.987339113028671278e+01,1.057420649598136286e+01,0.000000000000000000e+00
3.661000000000000000e+03,1.713000000000000000e+03,1.380216026306152344e+01,-7.910194873809814453e+00,-7.034332156181335449e-01,5.262170553207397461e+00,-3.915294528007507324e+00,-1.031463027000427246e+00,3.620392188198084682e+01,8.051146864921216562e+00,0.000000000000000000e+00
3.662000000000000000e+03,2.756000000000000000e+03,2.718243026733398438e+01,-1.019169211387634277e+00,2.751555442810058594e-01,2.708124542236328125e+01,-2.990276813507080078e+00,1.653509020805358887e+00,4.270739297171879656e+01,2.373515625054969380e+00,0.000000000000000000e+00
3.663000000000000000e+03,5.980000000000000000e+02,9.907614231109619141e+00,-1.012746477127075195e+01,-6.840380132198333740e-01,1.024571323394775391e+01,-9.441112518310546875e+00,-8.499301671981811523e-01,3.015696374050129336e+01,3.534109911081801059e+00,0.000000000000000000e+00
3.680000000000000000e+03,7.000000000000000000e+01,5.094294738769531250e+01,1.466502952575683594e+01,-2.507138729095458984e+00,2.692943763732910156e+01,-4.361956119537353516e+00,2.702313184738159180e+00,2.841146344595547646e+01,2.766978068643964406e+01,0.000000000000000000e+00
3.696000000000000000e+03,1.649000000000000000e+03,4.646386909484863281e+01,8.685494065284729004e-01,-2.382838129997253418e+00,5.621269226074218750e+00,-3.543873310089111328e+00,-9.418078064918518066e-01,2.688365420158373809e+01,3.911860887653806884e+01,0.000000000000000000e+00
3.699000000000000000e+03,2.348000000000000000e+03,5.483888626098632812e+01,3.566444015502929688e+01,-2.710630416870117188e+00,8.188241577148437500e+01,8.960084915161132812e+00,-2.948014736175537109e+00,3.507284024912256548e+00,3.188495201748956376e+01,0.000000000000000000e+00
3.701000000000000000e+03,1.007000000000000000e+03,3.527827453613281250e+01,-8.225591659545898438e+00,2.349880218505859375e+00,1.716422080993652344e+01,-6.153297424316406250e-01,-1.653280377388000488e+00,5.809511264156884636e+01,1.966270890471763622e+01,0.000000000000000000e+00
3.718000000000000000e+03,3.616000000000000000e+03,1.135856103897094727e+01,-3.127073764801025391e+00,2.209179326891899109e-01,1.923382377624511719e+01,1.592526912689208984e+01,-1.590934038162231445e+00,4.678928816461705509e+01,2.255017248280454112e+01,0.000000000000000000e+00
3.731000000000000000e+03,5.840000000000000000e+02,1.094554106394449811e+01,-3.643715302149454605e+00,-7.423257033030191687e-01,9.948211669921875000e+00,-9.504346847534179688e+00,-8.260783553123474121e-01,3.431628386899046035e+01,4.907523535686394212e+00,0.000000000000000000e+00
3.733000000000000000e+03,9.940000000000000000e+02,4.810563564300537109e+00,-2.992304801940917969e+00,-1.128589272499084473e+00,1.865993261337280273e+01,-4.900608777999877930e+00,-1.675082407891750336e-01,3.584485923418911568e+01,1.586246310077572730e+01,0.000000000000000000e+00
3.738000000000000000e+03,6.160000000000000000e+02,9.718795776367187500e+00,-1.003568172454833984e+01,-5.735989809036254883e-01,1.054145272572835346e+01,-9.288853009541830019e+00,-9.153576890627542761e-01,3.760981737593799323e+01,3.993318492191034963e+00,0.000000000000000000e+00
3.745000000000000000e+03,2.840000000000000000e+02,1.053062343597412109e+01,-8.716399192810058594e+00,-5.520576238632202148e-01,2.551959609985351562e+01,-2.820369720458984375e+00,6.942322254180908203e-01,3.439252590986515656e+01,1.895647812778032559e+01,0.000000000000000000e+00
3.747000000000000000e+03,7.740000000000000000e+02,1.840594863891601562e+01,2.419115781784057617e+00,-1.280361175537109375e+00,1.499628448486328125e+01,-3.321820020675659180e+00,-1.306047558784484863e+00,3.803700212263924385e+01,4.266727825899096160e+00,0.000000000000000000e+00
3.764000000000000000e+03,3.800000000000000000e+02,7.013708496093750000e+01,7.419332027435302734e+00,6.100159645080566406e+00,1.718001174926757812e+01,-4.015699386596679688e+00,2.910467147827148438e+00,0.000000000000000000e+00,5.202995570466181618e+01,0.000000000000000000e+00
3.765000000000000000e+03,1.825000000000000000e+03,2.062164688110351562e+01,-2.533286333084106445e+00,-1.496487110853195190e-01,7.715743541717529297e+00,-3.711561044057210434e+00,-1.150296330451965332e+00,3.855622342397281699e+01,1.104519524949804854e+01,0.000000000000000000e+00
3.776000000000000000e+03,3.221000000000000000e+03,7.578081130981445312e+00,-3.044120550155639648e+00,-7.046479582786560059e-01,4.243329811096191406e+01,1.643582248687744141e+01,-2.036635398864746094e+00,2.843502848826604534e+01,4.198450104552262019e+01,0.000000000000000000e+00
3.780000000000000000e+03,1.469000000000000000e+03,1.186748790740966797e+01,-9.609613418579101562e+00,-8.200886845588684082e-01,1.773843765258789062e+01,-3.664630889892578125e+00,1.487503290176391602e+00,4.107756209884550458e+01,1.137079288679776035e+01,0.000000000000000000e+00
3.784000000000000000e+03,2.000000000000000000e+01,2.528324127197265625e+01,-1.744379401206970215e+00,-1.806182146072387695e+00,3.773730087280273438e+01,-1.108242607116699219e+01,3.110313713550567627e-01,3.692316002286462862e+01,1.591424234093495294e+01,0.000000000000000000e+00
3.793000000000000000e+03,3.198000000000000000e+03,2.441980171203613281e+01,-1.824571132659912109e+00,-1.722878456115722656e+00,4.237813568115234375e+01,1.659331512451171875e+01,-2.285234451293945312e+00,2.936061058476484220e+01,2.899853326227639627e+01,0.000000000000000000e+00
3.799000000000000000e+03,6.830000000000000000e+02,1.906307983398437500e+01,-1.085105180740356445e+00,-1.630146384239196777e+00,2.528147125244140625e+01,-3.474866151809692383e+00,1.331122756004333496e+00,5.036506985980549445e+01,8.486575528299775684e+00,0.000000000000000000e+00
3.804000000000000000e+03,3.807000000000000000e+03,5.083350181579589844e+00,-3.518255710601806641e+00,-1.030147075653076172e+00,4.962111473083496094e+00,-3.905812978744506836e+00,-1.044267654418945312e+00,4.095267905769325267e+01,1.873705445040200201e+00,0.000000000000000000e+00
3.807000000000000000e+03,2.417000000000000000e+03,2.446881294250488281e+01,-1.865528345108032227e+00,-1.674083352088928223e+00,7.381876707077026367e+00,-6.916330158710479736e-01,-1.125728487968444824e+00,2.583895532633811243e+01,1.565150692725893578e+01,0.000000000000000000e+00
3.808000000000000000e+03,1.516000000000000000e+03,1.413633537292480469e+01,-7.975569248199462891e+00,-8.860690593719482422e-01,7.664484977722167969e+00,-4.799861431121826172e+00,-8.566274642944335938e-01,3.561041246679345562e+01,6.025390863609151104e+00,0.000000000000000000e+00
3.823000000000000000e+03,2.626000000000000000e+03,3.099364471435546875e+01,-9.885100364685058594e+00,1.676221132278442383e+00,1.078196334838867188e+01,-1.061081215739250183e-01,-1.117397069931030273e+00,4.140679392909263612e+01,2.195156669131730709e+01,0.000000000000000000e+00
3.827000000000000000e+03,1.400000000000000000e+01,2.491924858093261719e+01,-1.990526318550109863e+00,-1.613626837730407715e+00,3.787792205810546875e+01,-1.085699176788330078e+01,4.223014116287231445e-01,3.655670030517578795e+01,1.621952848159203242e+01,0.000000000000000000e+00
3.829000000000000000e+03,2.991000000000000000e+03,2.434783267974853516e+01,-1.631901919841766357e+00,-1.546600759029388428e+00,2.244223594665527344e+01,-4.393687248229980469e+00,-1.118653178215026855e+00,2.948305658478952651e+01,2.778458362851857766e-01,1.000000000000000000e+00
3.830000000000000000e+03,1.364000000000000000e+03,2.410342597961425781e+01,-1.926876068115234375e+00,-1.587014794349670410e+00,1.156923580169677734e+01,-2.535520493984222412e-01,-1.090939044952392578e+00,3.408307860408138623e+01,1.145575972830217282e+01,0.000000000000000000e+00
3.833000000000000000e+03,2.530000000000000000e+03,2.504988861083984375e+01,-1.687569975852966309e+00,-1.572911620140075684e+00,6.789529164632161162e+00,-4.600860277811686494e+00,-1.103629430135091072e+00,4.518561803933002352e+01,1.635661759223000544e+01,0.000000000000000000e+00
3.854000000000000000e+03,1.117000000000000000e+03,1.026453971862792969e+01,-3.062122344970703125e+00,-1.057646989822387695e+00,1.124598503112792969e+01,-4.306216239929199219e+00,-1.040726065635681152e+00,3.361690356840799154e+01,2.962119240631549300e+00,0.000000000000000000e+00
3.860000000000000000e+03,2.646000000000000000e+03,1.024858093261718750e+01,-2.758984088897705078e+00,-8.923705816268920898e-01,1.207288837432861328e+01,-3.916584491729736328e+00,-9.241372942924499512e-01,2.630357256817738332e+01,3.762912090950230937e+00,0.000000000000000000e+00
3.861000000000000000e+03,3.283000000000000000e+03,2.402464294433593750e+01,-1.871704459190368652e+00,-1.499444723129272461e+00,1.187684631347656250e+01,-2.692473381757736206e-01,-1.172066092491149902e+00,3.112335447433678226e+01,1.107136525189468657e+01,0.000000000000000000e+00
3.866000000000000000e+03,1.374000000000000000e+03,2.406820869445800781e+01,-2.064018964767456055e+00,-1.499114155769348145e+00,1.089239184061686139e+01,-9.598445256551107363e+00,-1.116426110267639160e+00,4.060263743322086327e+01,1.225235657917078491e+01,0.000000000000000000e+00
3.890000000000000000e+03,2.810000000000000000e+02,2.432814025878906250e+01,-2.010928392410278320e+00,-1.276535034179687500e+00,2.597310256958007812e+01,-2.995358705520629883e+00,6.996917128562927246e-01,3.093269898442604315e+01,4.359477829704991869e+00,0.000000000000000000e+00
3.907000000000000000e+03,7.260000000000000000e+02,1.117212963104248047e+01,-2.872355937957763672e+00,3.992731094360351562e+00,1.765811920166015625e+01,-5.788319587707519531e+00,-1.010170221328735352e+00,3.339297167501368335e+01,1.005550645704369117e+01,0.000000000000000000e+00
3.909000000000000000e+03,2.790000000000000000e+03,1.856442451477050781e+01,9.073205590248107910e-01,-1.194286108016967773e+00,7.656521606445312500e+01,9.329953193664550781e+00,-4.096241950988769531e+00,2.700697822046643992e+01,6.053822458625860747e+01,0.000000000000000000e+00
3.911000000000000000e+03,7.120000000000000000e+02,1.957895469665527344e+01,-6.917309761047363281e-01,-1.346695780754089355e+00,1.814414978027343750e+01,-3.941475868225097656e+00,-1.131234049797058105e+00,6.695541421564146845e+01,1.175501492275290216e+00,0.000000000000000000e+00
3.934000000000000000e+03,1.150000000000000000e+02,1.969089698791503906e+01,-2.450393199920654297e+00,-1.204222559928894043e+00,2.797803688049316406e+01,-2.535210609436035156e+00,1.865812182426452637e+00,4.914595987833244095e+01,1.084143383440661701e+01,0.000000000000000000e+00
3.941000000000000000e+03,2.125000000000000000e+03,1.780441665649414062e+01,-8.037467956542968750e+00,-1.182108163833618164e+00,4.494098281860351562e+01,-4.506117343902587891e+00,-2.326449632644653320e+00,4.935049152463980704e+01,3.025890054330231393e+01,0.000000000000000000e+00
3.948000000000000000e+03,1.360000000000000000e+03,1.845676803588867188e+01,-1.056608867645263672e+01,-1.120487093925476074e+00,2.518070983886718750e+01,-5.603470325469970703e+00,-8.952735364437103271e-02,3.228281655665990968e+01,1.187816069093807769e+01,0.000000000000000000e+00
3.955000000000000000e+03,3.043000000000000000e+03,1.809447860717773438e+01,-7.967955589294433594e+00,-1.083322167396545410e+00,1.938024902343750000e+01,-4.472806930541992188e+00,-8.893823623657226562e-01,3.927517313067070148e+01,6.644474591270159713e+00,0.000000000000000000e+00
3.959000000000000000e+03,1.113000000000000000e+03,2.447123289108276367e+01,-1.930454909801483154e+00,-1.590143024921417236e+00,1.659077949523925710e+01,1.179587888717651412e+00,-9.961160302162170854e-01,3.350818403659695832e+01,8.319032827088646442e+00,0.000000000000000000e+00
3.960000000000000000e+03,3.562000000000000000e+03,1.261460876464843750e+01,-8.272500991821289062e+00,-1.267819166183471680e+00,7.787253856658935547e+00,-4.390533924102783203e+00,-7.284826636314392090e-01,3.202660470475179721e+01,5.592614558240533107e+00,0.000000000000000000e+00
3.967000000000000000e+03,5.890000000000000000e+02,1.753905487060546875e+01,-8.720734596252441406e+00,-1.048364877700805664e+00,1.652484321594238281e+01,-2.535897731781005859e+00,-8.362461328506469727e-01,5.659021698404937695e+01,8.178271858840625796e+00,0.000000000000000000e+00
3.977000000000000000e+03,2.053000000000000000e+03,1.958119010925292969e+01,-8.166542053222656250e+00,-1.024583220481872559e+00,9.095989227294921875e+00,-3.924301385879516602e+00,1.449732303619384766e+00,0.000000000000000000e+00,1.033707402912523854e+01,0.000000000000000000e+00
3.996000000000000000e+03,1.071000000000000000e+03,4.654146957397460938e+01,8.474587798118591309e-01,-2.238645315170288086e+00,1.237391567230224609e+01,-4.122359752655029297e+00,-9.035274982452392578e-01,3.002538172023769292e+01,3.243267192243716579e+01,0.000000000000000000e+00
3.998000000000000000e+03,8.220000000000000000e+02,1.979186248779296875e+01,-8.220797538757324219e+00,-8.357357978820800781e-01,9.135240554809570312e+00,-3.858518362045288086e+00,1.528053402900695801e+00,0.000000000000000000e+00,1.052693313201320358e+01,0.000000000000000000e+00
4.011000000000000000e+03,1.965000000000000000e+03,1.849334716796875000e+01,-1.044162940979003906e+01,-7.252466678619384766e-01,6.752098464965820312e+01,-1.266691684722900391e+00,7.206645011901855469e+00,2.257749803250975162e+01,5.367417667633849021e+01,0.000000000000000000e+00
4.016000000000000000e+03,1.011000000000000000e+03,2.037293434143066406e+01,-2.535156965255737305e+00,-6.915346384048461914e-01,1.734768199920654297e+01,-8.831699788570404053e-01,-2.580355405807495117e+00,4.436591721648689912e+01,4.494910801823162494e+00,0.000000000000000000e+00
4.038000000000000000e+03,3.538000000000000000e+03,1.296336078643798828e+01,-8.919899940490722656e+00,-8.358638286590576172e-01,1.236534690856933594e+01,-3.952491760253906250e+00,-8.187674283981323242e-01,3.028453328892830854e+01,6.581566433940514216e+00,0.000000000000000000e+00
4.046000000000000000e+03,2.557000000000000000e+03,4.528655242919921875e+01,1.202928423881530762e+00,-2.620006322860717773e+00,2.745536422729492188e+01,-2.719355583190917969e+00,1.233046889305114746e+00,6.611544481083024039e+01,1.659547994509880553e+01,0.000000000000000000e+00
4.054000000000000000e+03,8.090000000000000000e+02,1.841201400756835938e+01,-1.101257228851318359e+01,3.805817663669586182e-01,9.506457328796386719e+00,-4.356890201568603516e+00,3.965723216533660889e-01,4.287204955083508651e+01,1.042931413353327130e+01,0.000000000000000000e+00
4.055000000000000000e+03,1.980000000000000000e+02,4.633449554443359375e+01,8.542933464050292969e-01,-2.522741794586181641e+00,3.030451393127441406e+01,-1.201964664459228516e+01,1.246070504188537598e+00,2.928948822594897905e+01,1.656081694510933389e+01,0.000000000000000000e+00
4.070000000000000000e+03,3.201000000000000000e+03,4.667027664184570312e+01,8.849743604660034180e-01,-2.245806694030761719e+00,4.236619377136230469e+01,1.632634162902832031e+01,-2.278837800025939941e+00,3.265388461437098755e+01,2.094697692831575253e+01,0.000000000000000000e+00
4.071000000000000000e+03,6.800000000000000000e+02,4.657092857360839844e+01,8.703324794769287109e-01,-2.388312935829162598e+00,1.038078880310058594e+01,-9.566680908203125000e+00,-1.067640662193298340e+00,2.429005657013745889e+01,3.482907865116852975e+01,0.000000000000000000e+00
4.083000000000000000e+03,2.143000000000000000e+03,1.005193901062011719e+01,-8.816867828369140625e+00,-6.467693448066711426e-01,3.137411880493164062e+01,-1.228737767537434955e+01,1.786063909530639648e+00,3.166701641735919992e+01,2.421220629834855842e+01,0.000000000000000000e+00
4.087000000000000000e+03,3.157000000000000000e+03,4.629569244384765625e+01,7.940595746040344238e-01,-2.374743700027465820e+00,3.334114837646484375e+01,2.636253547668457031e+01,-2.584901571273803711e+00,2.981335074826579756e+01,3.283884716546998561e+01,0.000000000000000000e+00
4.089000000000000000e+03,3.329000000000000000e+03,4.556883239746093750e+01,7.197350859642028809e-01,-2.333965778350830078e+00,3.763597106933593750e+01,-1.371429920196533203e+01,-1.624357581138610840e+00,4.621105536923194279e+01,1.110463458851210028e+01,0.000000000000000000e+00
4.098000000000000000e+03,2.251000000000000000e+03,4.641682815551757812e+01,9.938769936561584473e-01,-2.234459638595581055e+00,3.018007087707519531e+01,-1.210727310180664062e+01,1.261359930038452148e+00,2.725314036588748579e+01,1.679441894511608169e+01,0.000000000000000000e+00
4.102000000000000000e+03,1.570000000000000000e+02,4.642263031005859375e+01,7.668730616569519043e-01,-2.232036709785461426e+00,2.924075020684136206e+01,-1.221030224694145971e+01,1.442059040069580078e+00,3.171596874114158737e+01,1.757432311957261817e+01,0.000000000000000000e+00
4.107000000000000000e+03,3.644000000000000000e+03,4.625018310546875000e+01,9.496765732765197754e-01,-2.225774765014648438e+00,4.497146606445312500e+01,-4.350190639495849609e+00,-1.943468630313873291e+00,2.882852760179291352e+01,4.939842735092384030e-01,1.000000000000000000e+00
4.115000000000000000e+03,3.263000000000000000e+03,4.598058700561523438e+01,8.792187571525573730e-01,-2.212006807327270508e+00,4.489892959594726562e+01,-4.379418849945068359e+00,-2.044675588607788086e+00,2.869114737767250389e+01,6.719214352480290531e-01,1.000000000000000000e+00
4.123000000000000000e+03,1.086000000000000000e+03,4.685229110717773438e+01,6.803261637687683105e-01,-2.139070987701416016e+00,3.038470840454101562e+01,-1.218559074401855469e+01,1.456766009330749512e+00,3.043084046025099454e+01,1.685110133040224412e+01,0.000000000000000000e+00
4.124000000000000000e+03,3.635000000000000000e+03,3.396228408813476562e+01,-8.683309555053710938e+00,1.262015461921691895e+00,2.894557571411132812e+01,-1.213285160064697266e+01,1.330751895904541016e+00,3.097218807601254653e+01,2.244329549228875731e+00,0.000000000000000000e+00
4.129000000000000000e+03,2.592000000000000000e+03,1.279904937744140625e+01,-8.768821716308593750e+00,-1.340368986129760742e+00,2.557619285583496094e+01,-3.127341270446777344e+00,7.786839008331298828e-01,3.390868494545676270e+01,1.702428426361732150e+01,0.000000000000000000e+00
4.130000000000000000e+03,8.700000000000000000e+02,1.445065069198608398e+01,-7.841709852218627930e+00,-7.627262771129608154e-01,2.587067031860351562e+01,-3.380866765975952148e+00,1.128055691719055176e+00,3.394026283312115311e+01,1.528506556069017464e+01,0.000000000000000000e+00
4.135000000000000000e+03,3.390000000000000000e+02,1.767722702026367188e+01,-9.203255653381347656e+00,-1.405890464782714844e+00,2.522377967834472656e+01,-5.404669284820556641e+00,-1.507907453924417496e-02,2.465189158375987333e+01,1.180208390926869910e+01,0.000000000000000000e+00
4.140000000000000000e+03,2.863000000000000000e+03,1.766295814514160156e+01,-8.686110496520996094e+00,-8.572162985801696777e-01,2.643227195739746094e+01,-2.247030973434448242e+00,7.669193744659423828e-01,3.857192190483896610e+01,1.421090165639728475e+01,0.000000000000000000e+00
4.141000000000000000e+03,1.121000000000000000e+03,4.650220108032226562e+01,4.023609459400177002e-01,-2.117102384567260742e+00,1.115139484405517578e+01,-4.529778957366943359e+00,-1.065665364265441895e+00,2.854797384793920401e+01,3.355392098549720714e+01,0.000000000000000000e+00
4.143000000000000000e+03,3.523000000000000000e+03,4.634832382202148438e+01,6.508787274360656738e-01,-2.115576505661010742e+00,2.911909675598144531e+01,-1.211006355285644531e+01,1.216813087463378906e+00,3.014424593410918618e+01,1.744913052342394977e+01,0.000000000000000000e+00
4.153000000000000000e+03,1.360000000000000000e+02,5.343886947631835938e+01,1.480613136291503906e+01,-2.617386102676391602e+00,2.611403846740722656e+01,-3.758278608322143555e+00,1.708922982215881348e+00,4.747166891983772530e+01,3.012111708351546824e+01,0.000000000000000000e+00
4.157000000000000000e+03,1.354000000000000000e+03,6.802093982696533203e+00,-3.285632133483886719e+00,-3.125951528549194336e+00,3.985377502441406250e+01,8.063266277313232422e-01,-2.541628122329711914e+00,2.535755437226018572e+01,3.533262364361755203e+01,0.000000000000000000e+00
4.162000000000000000e+03,2.472000000000000000e+03,4.599369049072265625e+01,6.713453531265258789e-01,-2.099947452545166016e+00,7.364926815032958984e+00,-4.030751705169677734e+00,-8.370252847671508789e-01,3.871030694348299761e+01,3.687430622866668983e+01,0.000000000000000000e+00
4.164000000000000000e+03,2.730000000000000000e+02,4.566806411743164062e+01,6.988151073455810547e-01,-2.085786819458007812e+00,2.622020339965820312e+01,-2.248833179473876953e+00,7.765735387802124023e-01,4.388010573786247193e+01,1.803334236857367756e+01,0.000000000000000000e+00
4.165000000000000000e+03,2.309000000000000000e+03,4.662092971801757812e+01,1.145695924758911133e+00,-2.029785394668579102e+00,4.493895339965820312e+01,-4.413260936737060547e+00,-1.835599422454833984e+00,3.106001389688748660e+01,2.281665776749142449e-01,1.000000000000000000e+00
4.166000000000000000e+03,1.871000000000000000e+03,9.366015434265136719e+00,-5.496273636817932129e-01,-1.159373283386230469e+00,2.930768728256225586e+00,3.716006278991699219e+00,-1.074355363845825195e+00,4.445106788881756188e+01,7.038787660920662326e+00,0.000000000000000000e+00
4.168000000000000000e+03,1.940000000000000000e+02,4.659741592407226562e+01,1.111765325069427490e+00,-2.028099894523620605e+00,3.017130025227864465e+01,-1.217312701543172260e+01,1.259339074293772454e+00,3.135274568552098273e+01,1.700331473596537180e+01,0.000000000000000000e+00
4.170000000000000000e+03,5.920000000000000000e+02,4.664158630371093750e+01,9.319314956665039062e-01,-2.025534868240356445e+00,3.044514274597167969e+01,-1.200148773193359375e+01,1.254748225212097168e+00,2.718053810168332873e+01,1.662016986097994220e+01,0.000000000000000000e+00
4.171000000000000000e+03,1.760000000000000000e+02,4.654871940612792969e+01,9.718731641769409180e-01,-2.022200465202331543e+00,3.029289960861206055e+01,-1.218712162971496582e+01,1.365534007549285889e+00,3.156199499010385168e+01,1.680580380014900399e+01,0.000000000000000000e+00
4.172000000000000000e+03,2.270000000000000000e+02,6.931913757324218750e+01,6.795125961303710938e+00,6.254069328308105469e+00,2.736322975158691406e+01,-4.336196422576904297e+00,1.108984470367431641e+00,2.360447967889931675e+01,4.120247453922128500e+01,0.000000000000000000e+00
4.179000000000000000e+03,2.927000000000000000e+03,4.634009933471679688e+01,6.375519633293151855e-01,-2.004162549972534180e+00,2.253675079345703125e+01,-4.224789142608642578e+00,-1.338310122489929199e+00,2.789955467905539876e+01,2.203185502253586492e+01,0.000000000000000000e+00
4.181000000000000000e+03,3.275000000000000000e+03,4.749731826782226562e+01,1.031333208084106445e+00,-1.914452672004699707e+00,3.783176422119140625e+01,-1.324368095397949219e+01,-2.017105579376220703e+00,4.412699723635431326e+01,1.185973690626274468e+01,0.000000000000000000e+00
4.192000000000000000e+03,8.700000000000000000e+01,1.589476585388183594e+01,-9.642337799072265625e+00,-7.998084425926208496e-01,2.755155181884765625e+01,-5.138690471649169922e+00,2.244886875152587891e+00,2.720136510930229790e+01,1.595742118645977747e+01,0.000000000000000000e+00
4.201000000000000000e+03,1.708000000000000000e+03,1.571470928192138672e+01,-9.655812263488769531e+00,-9.024956226348876953e-01,2.676062774658203125e+01,-3.381167411804199219e+00,2.727927684783935547e+00,2.451403298379450391e+01,1.629733091792107302e+01,0.000000000000000000e+00
4.205000000000000000e+03,2.703000000000000000e+03,7.258718109130859375e+01,-2.050401878356933594e+01,6.683105945587158203e+00,1.230272521972656250e+02,2.504888343811035156e+01,5.915923714637756348e-01,0.000000000000000000e+00,7.717933086397282239e+01,0.000000000000000000e+00
4.206000000000000000e+03,3.010000000000000000e+02,1.796365356445312500e+01,-9.581765174865722656e+00,-4.195248484611511230e-01,2.511753654479980469e+01,-5.283680915832519531e+00,5.191334486007690430e-01,2.470762582693716425e+01,1.173333677599508107e+01,0.000000000000000000e+00
4.209000000000000000e+03,3.097000000000000000e+03,5.026575469970703125e+01,1.471830177307128906e+01,-3.553160429000854492e+00,6.990708923339843750e+01,-2.048244714736938477e+00,7.720794677734375000e+00,1.515134038999370603e+01,2.514829711666448731e+01,0.000000000000000000e+00
4.219000000000000000e+03,2.636000000000000000e+03,5.128167724609375000e+01,1.494114875793457031e+01,-3.293204545974731445e+00,8.468192291259765625e+01,9.216569900512695312e+00,-3.050535917282104492e+00,2.643884019910412064e+01,3.351770190345070688e+01,0.000000000000000000e+00
4.220000000000000000e+03,3.303000000000000000e+03,1.271802997589111328e+01,-8.297567367553710938e+00,-1.146953225135803223e+00,9.202924728393554688e+00,-3.925392150878906250e+00,-9.135112166404724121e-01,3.272547717756031460e+01,5.693160981835370116e+00,0.000000000000000000e+00
4.230000000000000000e+03,1.950000000000000000e+03,1.761545753479003906e+01,1.261227011680603027e+00,-1.090105533599853516e+00,9.863712310791015625e+00,-9.506819725036621094e+00,-7.357872724533081055e-01,4.196496489648260564e+01,1.085044151817913161e+01,0.000000000000000000e+00
4.231000000000000000e+03,2.979000000000000000e+03,5.269346237182617188e+01,1.472056484222412109e+01,-3.188905715942382812e+00,4.008542251586914062e+01,-6.275855302810668945e-01,-2.649864673614501953e+00,5.991233342719232269e+01,1.548210116211017429e+01,0.000000000000000000e+00
4.242000000000000000e+03,1.722000000000000000e+03,4.996201515197753906e+00,-2.350242853164672852e+00,-1.111776947975158691e+00,4.993801116943359375e+00,-4.573011100292205811e-01,-1.129463791847229004e+00,4.096686670226272042e+01,2.925908914882659584e+00,0.000000000000000000e+00
4.244000000000000000e+03,4.770000000000000000e+02,2.064177799224853516e+01,-2.605427742004394531e+00,-2.647973746061325073e-01,1.875826025009155273e+01,-4.903920531272888184e+00,-1.056984774768352509e-01,3.753289635569590388e+01,1.162887486000758891e-01,1.000000000000000000e+00
4.248000000000000000e+03,9.660000000000000000e+02,7.961569309234619141e+00,3.258419275283813477e+00,-9.198330044746398926e-01,1.860813903808593750e+01,-2.637600421905517578e+00,-8.301907181739807129e-01,6.246863026646434669e+00,1.290641777638878018e+01,0.000000000000000000e+00
4.250000000000000000e+03,2.122000000000000000e+03,1.203121662139892578e+01,-9.372076988220214844e+00,-1.034102678298950195e+00,6.447199344635009766e+00,-3.501503229141235352e+00,-9.360937476158142090e-01,5.087937819408853812e+01,7.586999879170167382e+00,0.000000000000000000e+00
4.251000000000000000e+03,2.167000000000000000e+03,7.216846466064453125e+01,-1.919053459167480469e+01,7.509702682495117188e+00,1.288009643554687500e+02,9.796314239501953125e+00,-2.251553058624267578e+00,7.257605270335448999e+00,7.210400993608116949e+01,0.000000000000000000e+00
4.256000000000000000e+03,9.050000000000000000e+02,7.249954986572265625e+01,-1.934759902954101562e+01,7.498136997222900391e+00,1.206531829833984375e+02,2.466109848022460938e+01,1.712746500968933105e+00,0.000000000000000000e+00,7.435651604715415885e+01,0.000000000000000000e+00
4.260000000000000000e+03,2.541000000000000000e+03,9.760108947753906250e+00,-8.703338623046875000e+00,-6.528103351593017578e-01,4.500453567504882812e+01,-4.386192798614501953e+00,-2.190369129180908203e+00,3.523531765673865124e+01,3.827139400470006336e+01,0.000000000000000000e+00
4.263000000000000000e+03,1.005000000000000000e+03,2.970089149475097656e+01,-9.777426719665527344e-01,9.148730039596557617e-01,1.362768363952636719e+01,5.103189945220947266e-01,-1.540060162544250488e+00,2.540775415459830455e+01,1.524331614979993965e+01,0.000000000000000000e+00
4.265000000000000000e+03,2.769000000000000000e+03,2.044626045227050781e+01,-2.675350189208984375e+00,-1.839705109596252441e-01,1.603151130676269531e+01,-4.140300452709197998e-01,-9.885878165562947961e-01,3.038020994829075505e+01,5.183117092259846181e+00,0.000000000000000000e+00
4.274000000000000000e+03,1.994000000000000000e+03,6.366257667541503906e+00,-6.445141434669494629e-01,-1.110172986984252930e+00,2.911332368850708008e+00,3.829883813858032227e+00,-1.091033220291137695e+00,4.074021754533003303e+01,5.338764767974281789e+00,0.000000000000000000e+00
4.284000000000000000e+03,1.029000000000000000e+03,1.516503334045410156e+01,-8.080195426940917969e+00,-8.373134136199951172e-01,2.265958786010742188e+01,-4.775719642639160156e+00,-1.687210679054260254e+00,4.834621210889265797e+01,1.123940064779204384e+01,0.000000000000000000e+00
4.292000000000000000e+03,5.000000000000000000e+01,7.939927673339843750e+01,1.874599456787109375e+01,-4.203048706054687500e+00,2.623815917968750000e+01,-3.787654638290405273e+00,8.540645599365234375e+00,3.298262202145919275e+01,5.632469110162090686e+01,0.000000000000000000e+00
4.298000000000000000e+03,1.730000000000000000e+03,7.262114715576171875e+01,-2.050295829772949219e+01,7.047029972076416016e+00,1.231221542358398438e+02,2.495746612548828125e+01,9.783811569213867188e-01,3.666657016883315134e-01,7.716066842595958519e+01,0.000000000000000000e+00
4.299000000000000000e+03,1.632000000000000000e+03,1.141159820556640625e+01,-3.176231384277343750e+00,4.209465980529785156e-01,1.903858566284179688e+01,1.582645225524902344e+01,-1.344711065292358398e+00,2.754311232449596147e+01,2.240321907971300774e+01,0.000000000000000000e+00
4.300000000000000000e+03,2.725000000000000000e+03,2.034788513183593750e+01,-2.521264314651489258e+00,-3.466148376464843750e-01,4.543688964843750000e+01,-4.331318378448486328e+00,-1.858891010284423828e+00,3.179836226701193169e+01,2.711481353741363165e+01,0.000000000000000000e+00
4.302000000000000000e+03,2.343000000000000000e+03,2.426048183441162109e+01,-1.654933810234069824e+00,-1.588875770568847656e+00,1.649695014953613281e+01,1.339263796806335449e+00,-1.025310277938842773e+00,2.440871430060058955e+01,8.161519245751138740e+00,0.000000000000000000e+00
4.308000000000000000e+03,1.926000000000000000e+03,9.241767883300781250e+00,-6.884120702743530273e-01,-1.242806792259216309e+00,2.757865190505981445e+00,3.727088570594787598e+00,-1.069734644889831499e+00,4.488520160946514181e+01,7.158356640485368239e+00,0.000000000000000000e+00
4.310000000000000000e+03,2.149000000000000000e+03,5.489388275146484375e+01,1.534454727172851562e+01,-2.825274467468261719e+00,6.503844022750854492e+00,-2.704115748405456543e+00,-1.102723538875579834e+00,6.946343011765596032e+01,4.969857071322740438e+01,0.000000000000000000e+00
4.313000000000000000e+03,1.778000000000000000e+03,4.057208538055419922e+00,-5.044770717620849609e+00,-1.045200228691101074e+00,1.703772926330566406e+01,-3.453562736511230469e+00,-2.504450321197509766e+00,4.344407180018277614e+01,1.533716706775230421e+01,0.000000000000000000e+00
4.317000000000000000e+03,2.220000000000000000e+03,7.008417510986328125e+01,6.430492401123046875e+00,6.563249588012695312e+00,5.159909820556640625e+01,8.613879203796386719e+00,-2.813192844390869141e+00,3.567456551375276774e+01,2.226159715428781638e+01,0.000000000000000000e+00
4.319000000000000000e+03,2.041000000000000000e+03,5.318935394287109375e+01,1.538973617553710938e+01,-2.616871833801269531e+00,6.918293476104736328e+00,-1.485476493835449219e+00,-1.128299236297607422e+00,5.809937363138470801e+01,4.742459171898170922e+01,0.000000000000000000e+00
4.320000000000000000e+03,2.770000000000000000e+03,1.977360725402832031e+01,-1.063451409339904785e+00,-1.116348505020141602e+00,9.403450965881347656e+00,-3.959847450256347656e+00,-2.824399173259735107e-01,8.216050192873781555e+01,8.633730529343287330e+00,0.000000000000000000e+00
4.323000000000000000e+03,2.410000000000000000e+03,4.643435668945312500e+01,8.456491827964782715e-01,-2.233500003814697266e+00,3.327048873901367188e+01,2.649259090423583984e+01,-2.587044715881347656e+00,2.322953846230591068e+01,3.300481645099415573e+01,0.000000000000000000e+00
4.328000000000000000e+03,2.120000000000000000e+03,5.130300680796305635e+00,-3.012645721435546875e+00,-1.042898098627726311e+00,9.232098579406738281e+00,-1.853967249393463135e+00,-1.043360114097595215e+00,3.531132397551897384e+01,6.221442812819383050e+00,0.000000000000000000e+00
4.336000000000000000e+03,3.141000000000000000e+03,1.892821311950683594e+01,-9.784747958183288574e-01,-1.059930086135864258e+00,3.252459589640299242e+01,2.642399152119954309e+01,-2.675299326578775894e+00,4.735625639666398001e+01,3.326376668099756984e+01,0.000000000000000000e+00
4.340000000000000000e+03,3.103000000000000000e+03,3.278111648559570312e+01,-8.480997085571289062e+00,1.117660999298095703e+00,4.222188949584960938e+01,1.625539588928222656e+01,-2.270739316940307617e+00,2.967981312631030377e+01,3.109774799362040199e+01,0.000000000000000000e+00
4.345000000000000000e+03,2.685000000000000000e+03,8.125284194946289062e+00,-1.892338991165161133e+00,-1.070921063423156738e+00,8.888827800750732422e+00,-3.775068879127502441e+00,-9.769851267337799072e-01,3.396851781533233350e+01,2.815636024938074300e+00,0.000000000000000000e+00
4.358000000000000000e+03,2.587000000000000000e+03,1.594900817871093750e+02,2.958706474304199219e+01,-3.970702648162841797e+00,1.527738189697265625e+02,1.020571708679199219e+01,-1.687882304191589355e+00,6.304614303218097682e+00,7.917352741394887872e+00,0.000000000000000000e+00
4.365000000000000000e+03,1.919000000000000000e+03,5.511825942993164062e+01,3.613132476806640625e+01,-2.931704282760620117e+00,5.555912017822265625e+01,2.926279067993164062e+01,-2.819731473922729492e+00,2.799588921388122031e+01,1.972596588893876790e+00,0.000000000000000000e+00
4.367000000000000000e+03,4.400000000000000000e+01,7.988471221923828125e+01,1.908365058898925781e+01,-3.591905832290649414e+00,3.866289138793945312e+01,7.634400576353073120e-02,3.212670981884002686e-01,2.310303394234724905e+01,4.265483616990117355e+01,0.000000000000000000e+00
4.382000000000000000e+03,2.550000000000000000e+02,1.312476730346679688e+01,-8.696590423583984375e+00,-7.612180113792419434e-01,2.555697441101074219e+01,-4.176779508590698242e+00,1.001812279224395752e+00,2.945895888242537808e+01,1.625086577329996018e+01,0.000000000000000000e+00
4.387000000000000000e+03,3.555000000000000000e+03,1.866018486022949219e+01,-1.095418834686279297e+01,7.028795033693313599e-02,3.016574478149414062e+01,-1.227406597137451172e+01,1.149362206459045410e+00,3.043518059186078872e+01,1.451394339506012798e+01,0.000000000000000000e+00
4.394000000000000000e+03,3.126000000000000000e+03,5.435514450073242188e+01,3.568045425415039062e+01,-3.094730854034423828e+00,1.287081298828125000e+02,2.276770591735839844e+01,3.563279509544372559e-01,1.555315525140841082e+01,7.237096406495984979e+01,0.000000000000000000e+00
4.396000000000000000e+03,3.519000000000000000e+03,5.507643508911132812e+01,3.614974594116210938e+01,-3.135723114013671875e+00,8.361582946777343750e+01,9.177217483520507812e+00,-2.226769208908081055e+00,1.753316916009405801e+01,3.316051824964844741e+01,0.000000000000000000e+00
4.402000000000000000e+03,3.809000000000000000e+03,1.596346893310546875e+02,2.969252204895019531e+01,-3.979571819305419922e+00,1.528833618164062500e+02,1.030540084838867188e+01,-1.695035040378570557e+00,9.512564577791149389e+00,7.961711222897592144e+00,0.000000000000000000e+00
4.419000000000000000e+03,9.870000000000000000e+02,5.501458358764648438e+01,3.650721740722656250e+01,-2.729740381240844727e+00,7.596339416503906250e+01,8.623288154602050781e+00,-3.811248540878295898e+00,3.327052494372323110e+01,2.825439133315343554e+01,0.000000000000000000e+00
4.423000000000000000e+03,2.443000000000000000e+03,2.708403587341308594e+01,-7.108241319656372070e-01,1.085318088531494141e+00,1.786024284362792969e+01,-4.085961818695068359e+00,1.118037700653076172e+00,4.449292851588956665e+01,7.432620192671978820e+00,0.000000000000000000e+00
4.436000000000000000e+03,2.219000000000000000e+03,5.367692947387695312e+01,3.538382339477539062e+01,-2.659135580062866211e+00,1.287411804199218750e+02,9.428801536560058594e+00,-1.440506815910339355e+00,1.004513185550239385e+01,7.534070889688635475e+01,0.000000000000000000e+00
4.438000000000000000e+03,7.630000000000000000e+02,1.487702560424804688e+01,-7.645747661590576172e+00,-1.079394102096557617e+00,2.609328460693359375e+01,-3.404814362525939941e+00,8.899383544921875000e-01,3.044798531295925770e+01,1.502426189735321316e+01,0.000000000000000000e+00
4.449000000000000000e+03,3.780000000000000000e+03,1.597352447509765625e+02,2.989787864685058594e+01,-3.610423803329467773e+00,1.213669433593750000e+02,2.533241462707519531e+01,5.686111450195312500e-01,2.534778536449312369e+01,4.204292109077119477e+01,0.000000000000000000e+00
4.452000000000000000e+03,5.190000000000000000e+02,1.605818481445312500e+02,3.005604362487792969e+01,-3.629591703414916992e+00,1.653590774536132812e+01,-3.530672311782836914e+00,-5.797154307365417480e-01,1.004859173557616107e-14,1.457031465696603902e+02,0.000000000000000000e+00
