2.3113882542 3.8403306007 -2.0795853138
4.8388576508 2.5544459820 -1.2318488359
3.0559620857 3.8618166447 -1.2034361362
3.0559620857 3.8618166447 -1.2034361362
4.7153539658 1.0451630354 -1.1688151360
4.9381489754 2.4741742611 -1.1680995226
5.5594515800 0.5215914249 -1.1667509079
5.1238656044 1.9332959652 -1.1612374783
3.3750433922 3.4545557499 -1.1535996199
2.5518703461 4.1939668655 -1.1521732807
2.8621098995 3.7959723473 -1.1482189894
5.0916657448 1.1182664633 -1.1419417858
4.6527876854 1.4333825111 -1.1397540569
2.8187139034 3.8826587200 -1.1377664804
2.7957100868 3.7108643055 -1.1377031803
4.8467211723 0.1981939375 -1.1371722221
5.3515233994 0.9572871327 -1.1358205080
5.1640505791 0.5590261817 -1.1332708597
2.7637686729 3.7763125896 -1.1329430342
5.4010629654 0.7563687563 -1.1312650442
4.7758269310 2.0158660412 -1.1305423975
4.3547725677 0.7854913473 -1.1295347214
2.6552102566 3.8093020916 -1.1287448406
2.5413362980 4.3246068954 -1.1284483671
2.7609426975 4.0997276306 -1.1281787157
2.7008078098 3.7689671516 -1.1252864599
3.3563947678 3.8757619858 -1.1227700710
4.3297491074 1.1853622198 -1.1224697828
4.6920633316 0.5615600944 -1.1224135160
2.7789559364 3.7060072422 -1.1221454144
4.0002131462 3.2576506138 -1.1219962835
4.7654824257 2.0783367157 -1.1186283827
4.9965329170 0.9380030632 -1.1169323921
2.7388117313 3.7987535000 -1.1169320345
4.7632184029 1.4667072296 -1.1160033941
3.1431331635 3.9584698677 -1.1149153709
2.7727611065 3.6511118412 -1.1146951914
5.0649580956 1.2748119831 -1.1145826578
2.7546262741 3.8000030518 -1.1133711338
4.3542299271 0.5207593441 -1.1111118793
2.8408253193 3.7392134666 -1.1109781265
4.6934056282 1.9382742643 -1.1083767414
2.6699259281 3.7154438496 -1.1076765060
2.7098202705 4.1032929420 -1.1069165468
2.7288119793 3.8979828358 -1.1065808535
4.2856197357 0.0881873071 -1.1051406860
2.8294405937 3.7953243256 -1.1016157866
3.1456587315 3.9608631134 -1.0986763239
4.7441406250 0.2231766284 -1.0986577272
3.1805386543 4.5486702919 -1.0984020233
3.1889479160 3.5112786293 -1.0966317654
2.6993463039 3.6983828545 -1.0935914516
2.9113323689 3.8298838139 -1.0910332203
4.2890505791 0.0885670409 -1.0909392834
5.5904965401 0.0971895307 -1.0896522999
2.8527655602 3.7984926701 -1.0876895189
2.5080039501 4.1778473854 -1.0869830847
2.6005399227 4.1086540222 -1.0866906643
2.6010878086 3.9782321453 -1.0838550329
3.9206612110 3.1944301128 -1.0835331678
5.4651818275 0.8641719222 -1.0826795101
2.2578320503 3.9573986530 -1.0792553425
2.7650837898 3.7127840519 -1.0775377750
4.2956523895 1.1007694006 -1.0749158859
2.6928734779 3.7198028564 -1.0744179487
2.9307687283 3.7160062790 -1.0743553638
2.8617115021 3.6328606606 -1.0654397011
2.7168953419 4.0352635384 -1.0618513823
4.1073489189 0.6832537055 -1.0613665581
2.7484147549 3.7344617844 -1.0514229536
2.7484147549 3.7344617844 -1.0514229536
2.7484145164 3.7344613075 -1.0514228344
2.7484145164 3.7344613075 -1.0514228344
2.7484145164 3.7344613075 -1.0514228344
2.7484145164 3.7344613075 -1.0514228344
2.7484145164 3.7344613075 -1.0514228344
2.8069217205 3.9051623344 -1.0473296642
4.4936151505 0.5114110112 -1.0447784662
2.4960756302 3.9291684628 -1.0442529917
2.4960758686 3.9291689396 -1.0442529917
4.7125668526 0.5311555862 -1.0439685583
4.7125668526 0.5311555862 -1.0439685583
4.7125668526 0.5311557055 -1.0439685583
4.7125668526 0.5311555862 -1.0439685583
4.7125668526 0.5311555862 -1.0439685583
2.7824089527 3.8682913780 -1.0434476137
3.5747992992 3.4179060459 -1.0399329662
4.3247604370 0.2264439315 -1.0380369425
2.7380039692 3.7674252987 -1.0365960598
2.8081743717 3.8540556431 -1.0288817883
2.6561932564 3.9535467625 -1.0241733789
2.7166881561 4.1751017570 -0.2426732033
5.3298673630 -0.1175114587 -1.1600837708
5.2554392815 -0.3541599810 -1.1518405676
5.2554392815 -0.3541599810 -1.1518405676
5.2554392815 -0.3541599810 -1.1518405676
5.2554392815 -0.3541599810 -1.1518405676
5.2554392815 -0.3541599810 -1.1518405676
5.2554392815 -0.3541599810 -1.1518405676
5.2554392815 -0.3541599810 -1.1518405676
5.2554392815 -0.3541599810 -1.1518405676
5.4421324730 -0.1190782264 -1.1480613947
5.1574759483 -0.8508702517 -1.1351974010
5.2590374947 -0.3539465070 -1.1346092224
5.2590374947 -0.3539465070 -1.1346092224
4.9938011169 -0.4573011100 -1.1294637918
5.2967572212 -0.1597976983 -1.1232091188
5.1543564796 -0.3424832523 -1.1130591631
5.3950662613 -0.5631368756 -1.1057188511
4.9433908463 -0.2018682361 -1.1052880287
4.9433908463 -0.2018682063 -1.1052880287
5.2543373108 -0.2608794570 -1.1023023129
5.1575517654 -0.3470728993 -1.0960239172
5.1575517654 -0.3470728397 -1.0960239172
5.1575517654 -0.3470728993 -1.0960239172
5.1575517654 -0.3470728397 -1.0960239172
4.8801465034 -0.5096275210 -1.0917220116
4.9468369484 -0.2016022205 -1.0890439749
4.8284888268 -0.6439943910 -1.0887395144
5.1601257324 -0.3469111025 -1.0833290815
5.0208764076 -0.8846533298 -1.0780609846
4.2136788368 -0.7815609574 -1.0688890219
4.8279199600 -0.5242199302 -1.0591931343
4.5827813148 -3.1916625500 -1.0442037582
4.8263473511 -2.4005160332 -1.0383660793
5.3654966354 -1.2014117241 -1.0180215836
3.8508365154 -3.6395668983 -0.9813356400
4.4010324478 -3.2146224976 -0.9657006860
2.9556822777 -4.5200171471 -0.8560482264
3.1510343552 -4.4354066849 -0.8341492414
6.9671297073 1.1231803894 -1.2147544622
6.9237203598 0.4453357756 -1.1850630045
5.0022387505 3.2514231205 -1.1733908653
5.2829785347 1.8767399788 -1.1667649746
5.4005675316 2.5918898582 -1.1621494293
5.6499805450 0.5942562819 -1.1523439884
4.8206024170 3.3161799908 -1.1369053125
5.2332615852 2.8626894951 -1.1364533901
5.5800886154 1.5997102261 -1.1336921453
5.6029238701 0.6061149836 -1.1165423393
4.2796363831 4.4333081245 -1.1157820225
5.4783973694 1.5716059208 -1.1136299372
5.8519663811 0.1904215515 -1.1108354330
4.8749709129 4.0307078362 -1.1065309048
4.1411671638 4.0022621155 -1.1063135862
5.6536712646 2.9189004898 -1.1045938730
4.7345829010 3.9678964615 -1.0991668701
4.5191769600 4.1215581894 -1.0983871222
5.0902061462 2.3513951302 -1.0982974768
5.2971382141 3.4245636463 -1.0919009447
5.2704219818 3.4679687023 -1.0916416645
5.9644508362 0.1947509050 -1.0916343927
4.8913125992 4.1906428337 -1.0872206688
5.5489692688 0.7850080132 -1.0847419500
4.3181347847 4.5586547852 -1.0723888874
5.8207321167 1.6807342768 -1.0721554756
6.6644964218 1.9821907282 -1.0681355000
4.9344148636 4.1418819427 -1.0672862530
4.9344148636 4.1418819427 -1.0672862530
5.6953530312 1.6589796543 -1.0650519133
5.0232734680 3.2571842670 -1.0577195883
5.6855401993 1.9744632244 -1.0338984728
5.0309944153 3.2615926266 -1.0045655966
5.0615048409 3.2230954170 -0.9660897851
6.4446768761 2.0714194775 -0.8613514304
6.4463787079 -0.6075406075 -2.6777863503
6.8420853615 -0.8637820482 -1.2552500963
7.0282959938 -0.7190513611 -1.2444440126
6.9958434105 -0.7127034068 -1.2071635723
6.9543328285 -0.6467792988 -1.1882114410
6.9686737061 -0.7532688379 -1.1865260601
6.9425406456 -0.5710166693 -1.1857440472
6.9797430038 -0.9046679139 -1.1837074757
6.9926958084 -0.7388685942 -1.1750744581
5.8023591042 -0.3033729494 -1.1741431952
6.9660687447 -0.7512371540 -1.1735959053
6.0528683662 -0.6352763772 -1.1703741550
7.0541119576 -0.7117485404 -1.1685227156
6.9730281830 -0.7466502786 -1.1640810966
6.9723935127 -0.7530397177 -1.1639121771
6.9723935127 -0.7530397177 -1.1639121771
6.9723935127 -0.7530397177 -1.1639121771
6.9723935127 -0.7530397177 -1.1639121771
6.5513253212 -2.2614820004 -1.1612970829
7.0754632950 -0.7419275045 -1.1563024521
5.8075160980 -0.2674930096 -1.1560800076
5.8075160980 -0.2674930096 -1.1560800076
5.8060226440 -0.3030841053 -1.1552317142
5.8060231209 -0.3030841053 -1.1552317142
6.8570542336 -0.5814476609 -1.1499201059
6.9751372337 -0.7528631091 -1.1469442844
7.0567436218 -0.6753814220 -1.1443868876
6.9418578148 -0.4981621802 -1.1430650949
6.9102787971 -0.4945694208 -1.1417121887
6.9699912071 -0.7310358882 -1.1392331123
6.9648528099 -0.7120649815 -1.1350942850
6.8530163765 -0.5224028826 -1.1349194050
6.3605031967 -3.0297346115 -1.1318042278
6.9182934761 -1.4854764938 -1.1282992363
6.5007610321 -2.7036979198 -1.1225347519
6.9469285011 -0.5225310922 -1.1159670353
5.7770719528 -0.6469088197 -1.1153903008
5.9094138145 -0.8514556885 -1.1096984148
5.7329964638 -0.1406453252 -1.1060613394
5.8805832863 -3.3310744762 -1.0935822725
5.6833753586 -3.6288599968 -1.0919569731
5.2799525261 -2.8619303703 -1.0907535553
5.6554584503 -3.6752338409 -1.0896741152
5.6554579735 -3.6752336025 -1.0896741152
5.6554584503 -3.6752338409 -1.0896741152
6.8291172981 -0.4681611955 -1.0879219770
6.3675613403 -3.0309789181 -1.0865303278
5.6274909973 -0.1381684989 -1.0861675739
6.5069270134 -2.7045335770 -1.0829123259
5.4536428452 -3.9885644913 -1.0736522675
5.4501829147 -3.9936244488 -1.0733845234
5.1863813400 -4.1409940720 -1.0726976395
5.7204933167 -4.0410981178 -1.0542329550
5.1038703918 -3.2481169701 -1.0502839088
5.7333798409 -3.7438175678 -1.0481505394
4.6119909286 -4.2449688911 -1.0456308126
4.9621114731 -3.9058129787 -1.0442676544
5.9586424828 -3.4473323822 -1.0430772305
5.6317286491 -3.5540184975 -1.0424515009
7.0876994133 -0.7211714387 -1.0386563540
5.0816564560 -3.1446211338 -1.0367112160
6.1299552917 -0.5894690156 -1.0363838673
5.6685547829 -3.8738250732 -1.0334280729
5.3060441017 -3.9281437397 -1.0329972506
5.6421408653 -3.9148344994 -1.0313310623
5.5241470337 -4.2636785507 -1.0311872959
5.6387476921 -3.9200570583 -1.0310627222
5.6387481689 -3.9200575352 -1.0310627222
5.6387476921 -3.9200570583 -1.0310627222
5.5087385178 -3.8194684982 -1.0310535431
5.2182970047 -3.9024453163 -1.0299288034
5.4955091476 -3.8912260532 -1.0288798809
5.9650096893 -3.5982413292 -1.0264636278
5.3973317146 -3.8158087730 -1.0260828733
5.8329029083 -3.5192081928 -1.0229433775
5.6524829865 -3.8147349358 -1.0211387873
5.7590703964 -3.7346448898 -1.0184571743
5.7590703964 -3.7346448898 -1.0184571743
6.0839409828 -1.5678206682 -1.0180776119
5.3785200119 -3.8729135990 -1.0104608536
4.5430035591 -3.5962922573 -1.0102481842
4.5430035591 -3.5962927341 -1.0102481842
4.5430035591 -3.5962922573 -1.0102481842
4.5430035591 -3.5962922573 -1.0102481842
4.5430035591 -3.5962922573 -1.0102481842
4.5430035591 -3.5962927341 -1.0102481842
4.5430035591 -3.5962922573 -1.0102481842
4.5430035591 -3.5962922573 -1.0102481842
4.5430035591 -3.5962927341 -1.0102481842
5.6419458389 -3.9210064411 -1.0090597868
5.6419458389 -3.9210064411 -1.0090597868
5.6419458389 -3.9210064411 -1.0090597868
5.3807849884 -3.0082926750 -1.0087690353
4.7157640457 -4.1573967934 -1.0074834824
5.3245954514 -2.9659039974 -1.0071512461
5.3245959282 -2.9659049511 -1.0071512461
5.5853672028 -3.9146559238 -1.0066339970
5.3983955383 -3.0604157448 -1.0021483898
5.3983950615 -3.0604155064 -1.0021483898
5.3983950615 -3.0604155064 -1.0021483898
5.2023177147 -4.5204248428 -0.9981087446
5.4746928215 -3.4288969040 -0.9975258708
5.7167639732 -3.9203860760 -0.9958648682
5.3578290939 -2.9209864140 -0.9957964420
5.2143921852 -3.2979438305 -0.9948725104
4.4878716469 -3.4918828011 -0.9945446849
4.4848446846 -3.4960978031 -0.9943149686
4.4848446846 -3.4960978031 -0.9943149686
4.4848446846 -3.4960978031 -0.9943149686
4.4848446846 -3.4960982800 -0.9943149686
4.4848446846 -3.4960982800 -0.9943149686
4.4848446846 -3.4960982800 -0.9943149686
4.4848446846 -3.4960978031 -0.9943149686
4.4848446846 -3.4960978031 -0.9943149686
5.3312482834 -4.5346088409 -0.9940422773
5.1116480827 -4.0799074173 -0.9938217998
5.1359176636 -3.8406338692 -0.9932588339
4.5491442680 -3.5932061672 -0.9918308854
4.5460290909 -3.5974752903 -0.9915960431
5.6315526962 -3.9396405220 -0.9915792942
5.5347385406 -3.9337742329 -0.9913929701
4.5260424614 -3.6121642590 -0.9903677106
5.3303041458 -2.9616901875 -0.9877098799
5.3277382851 -2.9666404724 -0.9874849916
5.3277382851 -2.9666404724 -0.9874849916
5.3277382851 -2.9666404724 -0.9874849916
5.3277378082 -2.9666402340 -0.9874849319
5.3277378082 -2.9666402340 -0.9874849319
5.3277378082 -2.9666402340 -0.9874849319
5.3277378082 -2.9666402340 -0.9874849319
5.3049144745 -3.0102596283 -0.9854935408
4.6733784676 -4.5773015022 -0.9838250875
5.7019295692 -3.8933603764 -0.9835064411
5.4041748047 -3.0561394691 -0.9823738933
5.4015269279 -3.0611531734 -0.9821438789
5.4015269279 -3.0611531734 -0.9821438789
5.4015269279 -3.0611534119 -0.9821438789
5.4015269279 -3.0611534119 -0.9821438789
5.4015269279 -3.0611534119 -0.9821438789
5.4015269279 -3.0611531734 -0.9821438789
5.4015269279 -3.0611531734 -0.9821438789
5.0274367332 -4.0151834488 -0.9779066443
5.3374733925 -4.5305008888 -0.9775662422
5.3335394859 -4.5354537964 -0.9772792459
4.9662151337 -3.9348261356 -0.9768934846
5.5849919319 -4.0324730873 -0.9751537442
5.0543980598 -3.9993572235 -0.9722025394
5.4252204895 -3.8992323875 -0.9704122543
5.5524210930 -3.9082589149 -0.9677014351
6.3938274384 -0.5671192408 -0.9676725864
4.3913741112 -4.0445685387 -0.9662391543
5.0750656128 -3.9063780308 -0.9619920254
4.8810625076 -3.8713788986 -0.9609076977
5.3365459442 -4.5365452766 -0.9549201727
5.3365459442 -4.5365452766 -0.9549201727
5.3365459442 -4.5365452766 -0.9549201727
5.3365459442 -4.5365457535 -0.9549201727
5.3365459442 -4.5365452766 -0.9549201727
5.3365459442 -4.5365457535 -0.9549201727
5.3365459442 -4.5365452766 -0.9549201727
4.7202601433 -4.2598690987 -0.9513726830
4.7057571411 -4.2384223938 -0.9511855245
6.5601210594 -2.6744265556 -0.9490588307
5.6625003815 -3.9498927593 -0.9484679103
5.1525850296 -3.9621129036 -0.9438159466
5.6212692261 -3.5438733101 -0.9418078065
4.7754921913 -4.2696051598 -0.9404438138
5.1665616035 -3.9713821411 -0.9362968802
5.1991653442 -3.9147040844 -0.9356871843
4.5881595612 -4.1354265213 -0.9342662692
4.7909140587 -3.7381930351 -0.9327081442
4.7852611542 -4.1418671608 -0.9305015802
4.6014928818 -4.5073022842 -0.9273419380
5.2422871590 -3.6109700203 -0.9197466373
4.7432122231 -4.0261764526 -0.9179458022
4.8306689262 -3.9458105564 -0.9167221189
4.6439924240 -4.1901063919 -0.9161356091
5.4541053772 -3.9385459423 -0.9160335660
4.8138518333 -3.8208918571 -0.9124639630
5.2352905273 -3.6824700832 -0.9093207121
5.9360389709 -3.3052361012 -0.9087766409
4.3930535316 -5.3754420280 -0.9080130458
4.8016366959 -3.8099629879 -0.9055286646
5.3466844559 -3.8398866653 -0.8989703655
4.7332339287 -4.2584495544 -0.8978285789
5.4379944801 -3.7650294304 -0.8958736658
5.3382048607 -3.7314338684 -0.8920863271
4.4615349770 -4.2288970947 -0.8875423670
4.0170726776 -4.5606336594 -0.8852024078
5.9353365898 -2.6167609692 -0.8810857534
5.0994315147 -3.6373968124 -0.8802535534
4.8486027718 -4.2936406136 -0.8783850074
4.8486027718 -4.2936406136 -0.8783850074
4.8486027718 -4.2936410904 -0.8783850074
4.8486027718 -4.2936406136 -0.8783850074
4.8486027718 -4.2936410904 -0.8783850074
4.8486027718 -4.2936410904 -0.8783850074
5.4909682274 -3.8335995674 -0.8770101666
4.7950658798 -4.2205057144 -0.8738237619
5.0585522652 -4.0294227600 -0.8728720546
6.1012601852 -2.7999665737 -0.8727668524
4.0470538139 -4.0648488998 -0.8697420955
6.1820149422 -3.4531424046 -0.8691390157
4.2985839844 -4.7308177948 -0.8677626848
4.2530522346 -4.7752766609 -0.8647233248
4.8220219612 -4.3300099373 -0.8555558920
4.5893468857 -4.2576837540 -0.8514029980
4.5420403481 -4.3153767586 -0.8479929566
5.7089362144 -3.2352294922 -0.8466979265
4.8255538940 -4.3273782730 -0.8441561460
4.4342408180 -4.5671386719 -0.8416523933
5.3533930779 -4.0249199867 -0.8344430923
4.6739058495 -4.3307118416 -0.8255901933
5.5370788574 -3.5899865627 -0.8208315969
6.1604890823 -2.6298115253 -0.8009532690
5.4812722206 -3.8289351463 -0.7529119849
5.6744885445 -3.7973814011 -0.7192710638
5.4503054619 -3.7964003086 -0.7166533470
5.3617544174 -3.8669893742 -0.6951768994
5.3260650635 -3.8863644600 -0.6506834030
5.5658583641 -3.8436048031 -0.6486544609
5.6107416153 -3.4487328529 -0.6307187676
5.2194595337 -3.8933930397 -0.6170696020
5.3303961754 -3.8870871067 -0.6083945632
5.3303961754 -3.8870878220 -0.6083945632
5.3303961754 -3.8870871067 -0.6083945632
5.3303961754 -3.8870871067 -0.6083945632
5.3303961754 -3.8870871067 -0.6083945632
5.3654594421 -3.8387091160 -0.5898040533
5.3324809074 -3.8873937130 -0.5872411132
5.3324809074 -3.8873941898 -0.5872411132
5.3324809074 -3.8873937130 -0.5872411132
5.4561114311 -3.8989384174 -0.5777459741
5.4527211189 -3.9039807320 -0.5774816871
5.4527211189 -3.9039807320 -0.5774816871
5.4527206421 -3.9039802551 -0.5774816275
5.4527206421 -3.9039802551 -0.5774816275
5.7094430923 -3.5031621456 -0.5763303041
5.3345112801 -3.8876616955 -0.5660819411
5.4547328949 -3.9042077065 -0.5559865832
5.4547328949 -3.9042072296 -0.5559865832
5.4547328949 -3.9042072296 -0.5559865832
5.4547328949 -3.9042072296 -0.5559865832
5.4547328949 -3.9042072296 -0.5559865832
5.4547328949 -3.9042077065 -0.5559865832
5.6284794807 -3.8364384174 -0.5494992733
7.6638612747 -0.5156184435 -1.5228744745
7.5107951164 -0.7719617486 -1.3970307112
8.0851364136 -0.5474020243 -1.3441345692
7.2514967918 -0.5400730968 -1.3092640638
7.4224920273 -0.7161054015 -1.3075325489
8.0442152023 -1.4384249449 -1.3031632900
7.9004054070 -0.9164021015 -1.3026136160
7.8066868782 -1.3305737972 -1.2892810106
7.4934811592 -0.7618125677 -1.2856581211
7.3715109825 -0.4453512728 -1.2841259241
7.9865446091 -0.5398213863 -1.2822024822
7.6929903030 -0.9133228660 -1.2801373005
7.8835010529 -0.4855026603 -1.2667739391
6.2748775482 5.2009234428 -1.2640836239
7.2630534172 -0.7193143964 -1.2629565001
5.4262685776 6.5631713867 -1.2612218857
7.3255739212 -0.5246313214 -1.2568740845
7.8120083809 -0.8639798164 -1.2561202049
7.8553252220 -1.5734753609 -1.2535829544
7.6947650909 -1.3749043941 -1.2518775463
7.4131240845 -1.0688108206 -1.2511821985
7.9586853981 -0.8537304401 -1.2501584291
7.6563119888 -0.5814118981 -1.2487887144
7.9214177132 -0.8752322197 -1.2479971647
7.8737773895 -0.8755859137 -1.2458295822
7.6691746712 -0.5705735683 -1.2438009977
7.1427655220 -0.6729762554 -1.2417294979
7.7476158142 -0.8530268073 -1.2406045198
8.0357227325 -0.8392060995 -1.2404632568
7.5976505280 -0.6113761663 -1.2396634817
7.8909034729 -1.6717743874 -1.2388726473
7.9050126076 -1.8330407143 -1.2381945848
7.9712314606 -0.8611489534 -1.2370581627
6.4792370796 2.9873929024 -1.2361166477
7.7082791328 -0.5411993265 -1.2339395285
7.8531565666 -0.8425091505 -1.2336719036
7.2906012535 -0.5548820496 -1.2311856747
7.5437088013 -0.6619612575 -1.2293906212
7.6697845459 -0.7912645936 -1.2264822721
7.7729721069 -0.5280598402 -1.2249851227
7.1385269165 -0.3915728331 -1.2249386311
8.0208244324 -0.9273293018 -1.2236790657
7.8656430244 -0.8499891162 -1.2208983898
7.7008800507 -0.5686326623 -1.2208268642
7.5961003304 -0.6223474741 -1.2147953510
8.0030736923 -0.8592183590 -1.2130812407
7.2128481865 -0.6603211164 -1.2124913931
7.1647434235 -0.6220052838 -1.2111508846
7.4329919815 -0.7109153271 -1.2107710838
7.9263062477 -1.3474255800 -1.2101801634
7.5641946793 -0.7807409167 -1.2099778652
7.3637948036 -0.6099522114 -1.2098481655
7.5861754417 -1.4023587704 -1.2092889547
7.8584394455 -1.2712801695 -1.2087733746
7.9036493301 -0.8874665499 -1.2079540491
7.3918786049 -0.7746019363 -1.2075102329
7.9161148071 -1.0066006184 -1.2059062719
7.6265015602 -0.6015600562 -1.2047843933
7.7600574493 -0.8388292193 -1.2047386169
7.5870456696 -0.6657342911 -1.2015880346
8.0009698868 -1.2318450212 -1.2012541294
7.6472096443 -0.7830844522 -1.2008450031
7.5591526031 -0.6673127413 -1.2002888918
7.6685891151 -1.4130306244 -1.1996157169
7.6459369659 -0.8415550590 -1.1995049715
7.9914546013 -1.2961727381 -1.1994118690
7.4072566032 -3.6870248318 -1.1988618374
7.3430495262 -0.5001534224 -1.1987894773
8.0130786896 -0.8986763358 -1.1981542110
7.5923352242 -0.8093416691 -1.1977812052
7.3094863892 -0.4769763052 -1.1977760792
7.8974337578 -0.8480806947 -1.1972491741
7.9076790810 -1.9003813267 -1.1972080469
7.4884047508 -0.6925933361 -1.1965268850
7.6534171104 -0.6513288021 -1.1923985481
7.7850942612 -1.3846673965 -1.1916743517
7.6578345299 -0.1397824436 -1.1906342506
7.6578345299 -0.1397824436 -1.1906342506
7.6578345299 -0.1397824436 -1.1906342506
7.6578345299 -0.1397824436 -1.1906342506
7.6578345299 -0.1397824436 -1.1906342506
7.6578345299 -0.1397824436 -1.1906342506
7.6578345299 -0.1397824436 -1.1906342506
7.6578345299 -0.1397824436 -1.1906342506
7.6578345299 -0.1397824436 -1.1906342506
7.6140022278 -0.6831935644 -1.1899126768
7.6217479706 -0.7254925370 -1.1893361807
7.3314375877 -0.1728937179 -1.1888605356
7.3313045502 -0.1795970351 -1.1887074709
7.3313045502 -0.1795970351 -1.1887074709
7.3313045502 -0.1795970351 -1.1887074709
7.3313045502 -0.1795970351 -1.1887074709
7.3313045502 -0.1795970351 -1.1887074709
7.3313045502 -0.1795970351 -1.1887074709
7.3313045502 -0.1795970351 -1.1887074709
7.3313045502 -0.1795970351 -1.1887074709
7.3313045502 -0.1795970351 -1.1887074709
7.3313045502 -0.1795970351 -1.1887074709
7.2347106934 -0.5937342644 -1.1867599487
7.7708649635 -0.5520430207 -1.1867169142
6.1006393433 -3.7486760616 -1.1867153645
7.5135836601 -0.6818751097 -1.1859554052
7.9594283104 -0.8821098804 -1.1851291656
7.8500080109 -0.6652876139 -1.1849237680
7.8500080109 -0.6652876139 -1.1849237680
7.8500080109 -0.6652876139 -1.1849237680
7.8500080109 -0.6652876139 -1.1849237680
7.8500070572 -0.6652874947 -1.1849236488
7.5415654182 -0.7726624012 -1.1846663952
7.5238847733 -0.7415465117 -1.1845471859
6.0718050003 -3.7982923985 -1.1843198538
6.0718050003 -3.7982923985 -1.1843198538
7.8875427246 -1.2725893259 -1.1842620373
7.8864531517 -1.2797770500 -1.1840549707
7.8864531517 -1.2797768116 -1.1840549707
7.8864531517 -1.2797768116 -1.1840549707
7.8864531517 -1.2797770500 -1.1840549707
7.8864531517 -1.2797768116 -1.1840549707
7.8864531517 -1.2797768116 -1.1840549707
7.2174577713 0.3482741117 -1.1831753254
7.2174582481 0.3482742012 -1.1831753254
7.2174577713 0.3482741117 -1.1831753254
7.9015474319 -1.3549946547 -1.1830896139
7.5102386475 -0.8068258166 -1.1824969053
7.5102391243 -0.8068259358 -1.1824969053
7.5102386475 -0.8068258166 -1.1824969053
7.5102391243 -0.8068259358 -1.1824969053
7.5102386475 -0.8068258166 -1.1824969053
7.5102386475 -0.8068258166 -1.1824969053
7.5102386475 -0.8068258166 -1.1824969053
7.2194995880 0.3045244515 -1.1823083162
7.2194995880 0.3045244515 -1.1823083162
7.2194991112 0.3045244515 -1.1823083162
7.2194991112 0.3045244515 -1.1823083162
7.2194995880 0.3045244515 -1.1823083162
7.2194991112 0.3045244515 -1.1823083162
7.2194991112 0.3045244515 -1.1823083162
7.4867300987 -0.7985621095 -1.1816122532
7.5063261986 -0.8453915119 -1.1814736128
7.7917957306 -0.8369429708 -1.1814173460
7.7312207222 -0.7349646091 -1.1809076071
7.6828908920 -1.1782673597 -1.1802806854
7.6818795204 -1.1852763891 -1.1800810099
7.6818795204 -1.1852763891 -1.1800810099
7.6577959061 -1.1768317223 -1.1791744232
7.2302498817 -0.5920203924 -1.1791342497
7.6387443542 -0.6897522211 -1.1777065992
7.7683639526 -0.3864170611 -1.1763824224
8.0047588348 -1.2316513062 -1.1752890348
8.0047588348 -1.2316510677 -1.1752890348
8.0047588348 -1.2316513062 -1.1752890348
7.5438919067 -0.6874441504 -1.1750234365
7.9952363968 -1.2959986925 -1.1734460592
7.9952363968 -1.2959986925 -1.1734460592
7.9952373505 -1.2959989309 -1.1734460592
7.4893383980 -0.6715984344 -1.1731333733
7.5043239594 -0.7188662887 -1.1725403070
8.0291099548 -1.0191522837 -1.1704283953
7.7814478874 -1.2633813620 -1.1686978340
7.7814478874 -1.2633813620 -1.1686978340
7.7814478874 -1.2633816004 -1.1686978340
7.7752962112 -1.3032680750 -1.1675441265
7.7741765976 -1.3103570938 -1.1673378944
7.7741765976 -1.3103570938 -1.1673378944
7.7741765976 -1.3103570938 -1.1673378944
7.7741765976 -1.3103570938 -1.1673378944
7.2883148193 -0.5281308889 -1.1671661139
7.7498412132 -1.3018159866 -1.1664218903
7.2850790024 -0.5115592480 -1.1662884951
7.5245056152 -4.0783238411 -1.1659293175
7.4269824028 -1.4096800089 -1.1655002832
7.4269824028 -1.4096802473 -1.1655002832
7.5778017044 -1.1627761126 -1.1645691395
7.5768065453 -1.1696926355 -1.1643723249
7.2300939560 -0.6398764849 -1.1620757580
7.9277458191 -1.6803559065 -1.1619563103
7.1838612556 -0.5628529787 -1.1616690159
7.4144182205 -0.5023270249 -1.1615959406
6.7871284485 -4.7048959732 -1.1603708267
7.4811873436 -0.7005975842 -1.1602745056
7.7321591377 -0.6302014589 -1.1584382057
7.8901867867 -1.2796055079 -1.1584177017
7.8901867867 -1.2796052694 -1.1584177017
7.8901867867 -1.2796052694 -1.1584177017
7.8901867867 -1.2796055079 -1.1584177017
7.5139474869 -0.8065512776 -1.1582001448
7.4477481842 -0.7611407638 -1.1574305296
4.3497571945 6.1985583305 -1.1570962667
7.7681059837 -1.3185511827 -1.1559268236
7.6855969429 -1.1851009130 -1.1551129818
7.6855969429 -1.1851007938 -1.1551129818
7.6855969429 -1.1851007938 -1.1551129818
7.6855969429 -1.1851007938 -1.1551129818
7.6855969429 -1.1851007938 -1.1551129818
7.6855969429 -1.1851007938 -1.1551129818
7.3810024261 -0.7418434024 -1.1548277140
7.7157435417 -3.7115612030 -1.1502963305
7.7157435417 -3.7115609646 -1.1502963305
7.7157435417 -3.7115609646 -1.1502963305
7.2563929558 -1.3437283039 -1.1478309631
7.1732540131 -0.5877876282 -1.1472682953
7.7851357460 -1.2632117271 -1.1433893442
7.3130717278 -0.5942826271 -1.1433666945
7.9455261230 -0.9400480986 -1.1425557137
7.8788132668 -1.9842771292 -1.1424469948
6.1079068184 -3.7506592274 -1.1408278942
6.1079072952 -3.7506597042 -1.1408278942
7.4017057419 -0.4608265162 -1.1386946440
6.0790505409 -3.8003153801 -1.1384304762
6.0790505409 -3.8003153801 -1.1384304762
7.5794596672 -1.7696886063 -1.1374796629
7.5794596672 -1.7696883678 -1.1374796629
6.7867121696 -4.6216230392 -1.1357321739
7.5448102951 -4.0651822090 -1.1347910166
7.4483594894 -0.1806554794 -1.1335189342
4.3523559570 6.2010874748 -1.1331214905
4.3523559570 6.2010874748 -1.1331214905
4.3523559570 6.2010874748 -1.1331214905
4.3523559570 6.2010874748 -1.1331214905
4.3523559570 6.2010874748 -1.1331214905
7.5213618279 -4.1107368469 -1.1327288151
7.7616539001 -2.6800935268 -1.1324995756
7.4321641922 -0.7810068130 -1.1324788332
7.3696279526 -0.6558659077 -1.1323882341
7.3282556534 -0.5736230612 -1.1323162317
7.1519298553 -1.3248289824 -1.1315612793
7.1081757545 -0.7490540743 -1.1302576065
7.4896945953 -4.1712617874 -1.1299656630
7.6567554474 -1.9426561594 -1.1226671934
6.4210233688 -3.1886601448 -1.1211400032
7.4211874008 -0.7758327723 -1.1192333698
7.3941254616 -0.7274001241 -1.1190687418
7.4270849228 -4.0612196922 -1.1189154387
6.0825824738 -3.8012726307 -1.1154692173
7.2600445747 -0.6904485822 -1.1153746843
7.2539548874 -1.3386523724 -1.1121687889
7.2989821434 -3.8978288174 -1.1109566689
6.2414464951 -3.5930452347 -1.1041293144
7.9038629532 -1.9474453926 -1.1027095318
7.4933047295 -4.1719160080 -1.1026418209
7.1944627762 -0.6460843086 -1.1020874977
5.4982891083 -5.1276688576 -1.0994483232
6.7829980850 -4.5723276138 -1.0876162052
6.7988772392 -4.6086301804 -1.0875399113
7.0308165550 -4.7477211952 -1.0858931541
7.0308165550 -4.7477207184 -1.0858931541
7.0308165550 -4.7477211952 -1.0858931541
7.0308165550 -4.7477211952 -1.0858931541
7.0308165550 -4.7477207184 -1.0858931541
7.8163123131 -1.2424454689 -1.0843132734
7.0812454224 -2.3436608315 -1.0822964907
7.1951713562 -4.3937172890 -1.0798583031
8.1670207977 -2.5911586285 -1.0760877132
6.9413685799 -4.6898326874 -1.0724822283
6.9413685799 -4.6898317337 -1.0724822283
6.9413685799 -4.6898317337 -1.0724822283
6.9413685799 -4.6898317337 -1.0724822283
6.9413685799 -4.6898326874 -1.0724822283
6.9413685799 -4.6898317337 -1.0724822283
6.9413685799 -4.6898317337 -1.0724822283
6.9413685799 -4.6898326874 -1.0724822283
6.9413685799 -4.6898317337 -1.0724822283
7.6373090744 -2.6274571419 -1.0709848404
7.9227313995 -0.8609611392 -1.0627020597
7.0201482773 -4.7706251144 -1.0577650070
7.0018639565 -4.7988758087 -1.0563163757
7.8882727623 -3.3925557137 -1.0551741123
6.9236984253 -1.7263183594 -1.0548329353
6.9447836876 -4.6906561852 -1.0458078384
7.6392173767 -3.9975934029 -1.0388458967
6.9253787994 -4.5212464333 -1.0383493900
6.9253787994 -4.5212454796 -1.0383493900
6.9253787994 -4.5212454796 -1.0383493900
6.9253787994 -4.5212464333 -1.0383493900
6.9253787994 -4.5212464333 -1.0383493900
6.9253787994 -4.5212454796 -1.0383493900
6.9253787994 -4.5212454796 -1.0383493900
6.9253787994 -4.5212454796 -1.0383493900
6.9253787994 -4.5212454796 -1.0383493900
7.7043838501 -3.8569164276 -1.0366525650
6.8905520439 -4.5771369934 -1.0355446339
6.6496295929 -2.7121667862 -1.0320723057
6.9326229095 -4.5156378746 -1.0123128891
7.7156224251 -3.7821195126 -1.0091229677
6.9942517281 -4.6701316833 -1.0017554760
6.7783937454 -4.6039452553 -0.9989892244
7.4855999947 -3.8784286976 -0.9965820909
6.9554734230 -4.6858072281 -0.9927527905
8.0609636307 -2.4813652039 -0.9905559421
5.6210627556 -4.6097555161 -0.9901099205
6.9054851532 -4.6110200882 -0.9890643954
8.0760889053 -2.5257308483 -0.9714660645
7.6428661346 -3.8353946209 -0.9706820846
7.1077532768 -0.5090196133 -0.9621226192
6.8916158676 -4.6357235909 -0.9455206394
7.3691420555 -0.7018657923 -0.9406203628
6.4471993446 -3.5015032291 -0.9360937476
8.2126474380 -1.3889207840 -0.9334000945
6.9500350952 -4.7507796288 -0.9019190669
8.0985221863 2.0112459660 -0.8965834975
3.9407699108 -6.1108326912 -0.8918619156
7.5818886757 -3.9009191990 -0.8839756250
8.3590440750 0.8496066332 -0.8829173446
6.8658061028 -4.6470112801 -0.8804841638
7.7612252235 -3.7625830173 -0.8756620288
7.6485791206 -3.7664546967 -0.8704700470
7.5726480484 -3.7177281380 -0.8607022166
7.3649268150 -4.0307517052 -0.8370252848
7.1166453362 -4.7336564064 -0.7908686996
7.5323348045 -4.1879138947 -0.7807087898
6.8718233109 -4.8285093307 -0.7440749407
7.0267453194 -4.8227643967 -0.7102390528
6.9745974541 -4.7078099251 -0.7043296695
6.9546122551 -4.7853212357 -0.7017236352
7.9175043106 -3.4891140461 -0.6777371168
7.0389595032 -4.6764740944 -0.6553747058
8.4429826736 -1.6393610239 -0.4779405594
7.7563309669 -3.7760176659 -0.4551472068
7.9163565636 -3.4220485687 -0.3873646259
7.4646196365 -4.3553209305 -0.3464152813
7.5830326080 -4.0578975677 -0.3019368649
7.6964116096 -3.8268413544 -0.2857049108
7.2197885513 -4.6220369339 -0.2725134790
8.9992237091 -4.7669172287 -1.1814998388
9.8541641235 -0.9892430902 -1.1744102240
9.6943902969 -1.0346038342 -1.1742291451
8.2725963593 -4.0474309921 -1.1729999781
9.4506587982 -1.2650693655 -1.1557389498
9.1578168869 -1.7907389402 -1.1446740627
8.2451610565 -4.1142692566 -1.1408137083
9.8444414139 -0.5755469799 -1.1361310482
9.2652778625 -1.8106791973 -1.1353677511
9.0392065048 -1.8419127464 -1.1295363903
7.6014356613 -4.8264069557 -1.1240721941
8.5665178299 -3.3724372387 -1.1200498343
8.3107604980 -3.9817802906 -1.1172089577
9.8571128845 -1.5819044113 -1.1146336794
9.1496944427 -1.7924276590 -1.1137496233
9.7279481888 -1.0434821844 -1.1131925583
9.6850585938 -0.9939262271 -1.1123349667
9.1098499298 -1.8170268536 -1.1114037037
9.2081613541 -4.0008678436 -1.1113002300
9.9755096436 -1.2505291700 -1.1098701954
9.0705013275 -1.8399288654 -1.1091175079
8.4240417480 -3.7302145958 -1.1057435274
9.2832527161 -1.8814978600 -1.1047849655
9.9299201965 -1.5878261328 -1.1004055738
10.0434007645 -0.4316792488 -1.0987136364
9.0204477310 -1.8952728510 -1.0972452164
8.9947500229 -1.8492083549 -1.0970904827
9.2318210602 -1.7652966976 -1.0969443321
9.7311115265 -1.6288955212 -1.0931024551
9.1786317825 -1.8606104851 -1.0924423933
9.6348657608 -2.5040197372 -1.0917274952
8.8220672607 -2.6153855324 -1.0892356634
9.5720777512 -1.1814334393 -1.0883121490
9.0428676605 -1.8159956932 -1.0872657299
9.9854450226 -0.9027969837 -1.0790231228
9.5928869247 -2.0001368523 -1.0786935091
7.7994947433 -4.3762426376 -1.0763353109
8.5691480637 -4.1280345917 -1.0753607750
7.5134596825 -4.8495645523 -1.0711747408
9.9451351166 -1.5081940889 -1.0706480742
9.6814908981 -1.1938244104 -1.0695350170
8.2509403229 -2.6881587505 -1.0664379597
8.9014186859 -3.9450514317 -1.0663875341
9.7209444046 -0.4765325189 -1.0629197359
8.5736675262 -3.3728344440 -1.0613613129
9.9507284164 -1.4184088707 -1.0594102144
9.8527755737 -1.5855188370 -1.0580345392
9.4219532013 -2.5998773575 -1.0577901602
9.7759304047 -1.1463693380 -1.0574518442
8.5034866333 -3.8332514763 -1.0564705133
8.2871894836 -4.0491771698 -1.0556694269
9.0161752701 -1.5174837112 -1.0553570986
9.6964397430 -2.2057647705 -1.0550807714
7.7645502090 -3.9867913723 -1.0543969870
8.8645343781 -3.8252804279 -1.0512272120
9.0693874359 -3.9296121597 -1.0512207747
9.0335979462 -3.9162473679 -1.0498913527
9.6819753647 -1.0185028315 -1.0492663383
8.8020935059 -3.8022482395 -1.0489015579
9.2649564743 -3.3734748363 -1.0484937429
8.9698162079 -1.4359463453 -1.0473177433
8.6741743088 -4.0230560303 -1.0463166237
7.6918187141 -4.2741861343 -1.0455324650
9.2543163300 -1.8348404169 -1.0447869301
9.2324743271 -1.8145903349 -1.0442408323
8.9440488815 -4.6955552101 -1.0441910028
9.9751749039 -1.3092521429 -1.0441732407
8.9108753204 -1.5002620220 -1.0432349443
9.2098808289 -1.8730940819 -1.0419332981
9.7643938065 -2.4518961906 -1.0417562723
7.9347944260 -3.6202943325 -1.0407129526
7.3558444977 -4.6535391808 -1.0405077934
8.3307170868 -4.2122831345 -1.0403245687
7.6292619705 -4.3905777931 -1.0401436090
9.1707906723 -1.8807314634 -1.0399936438
9.3860406876 -1.6100854874 -1.0399483442
9.1772279739 -2.3417220116 -1.0375689268
7.7004270554 -4.2506694794 -1.0371378660
9.1238851547 -1.9954614639 -1.0353506804
9.9276161194 -1.6464091539 -1.0346224308
7.4271583557 -4.7925853729 -1.0310595036
9.3591613770 -2.2950036526 -1.0307700634
9.1384716034 -2.2505314350 -1.0304177999
9.1051673889 -1.8523070812 -1.0302478075
8.9037990570 -3.8442156315 -1.0301347971
9.1116542816 -3.8969738483 -1.0300618410
9.2437753677 -1.1359949112 -1.0297718048
8.5327215195 -3.7729377747 -1.0292743444
8.5327215195 -3.7729377747 -1.0292743444
9.3458938599 -2.3510365486 -1.0289396048
9.3458938599 -2.3510370255 -1.0289396048
9.3458938599 -2.3510370255 -1.0289396048
8.9877700806 -1.3690695763 -1.0281296968
9.9240818024 -1.3846315145 -1.0274069309
9.3299217224 -1.7499676943 -1.0272738934
9.0533571243 -3.9286437035 -1.0267242193
9.0551919937 -1.9138969183 -1.0266312361
9.3406667709 -1.8344492912 -1.0259081125
8.2338132858 -3.7706069946 -1.0248081684
9.1004438400 -4.5293836594 -1.0230773687
8.1700143814 -4.2972021103 -1.0227872133
7.5470356941 -4.6111030579 -1.0222784281
9.1927623749 -3.4323446751 -1.0217473507
9.4489736557 -1.1856807470 -1.0215753317
9.4489736557 -1.1856807470 -1.0215753317
9.4489736557 -1.1856807470 -1.0215753317
9.6852807999 -1.0180100203 -1.0182228088
7.7262835503 -4.2302379608 -1.0178822279
9.2421350479 -2.3257660866 -1.0177274942
9.0016956329 -1.8812606335 -1.0175275803
9.5382080078 -2.4775679111 -1.0174778700
9.2306261063 -4.0668535233 -1.0143307447
9.2005834579 -1.8586001396 -1.0119652748
9.3970022202 -1.5619648695 -1.0109663010
9.3970022202 -1.5619648695 -1.0109663010
9.3879604340 -1.6182240248 -1.0093225241
9.4530067444 -2.3760931492 -1.0091103315
9.9689016342 -0.8914509416 -1.0087136030
8.8856849670 -4.7902383804 -1.0076197386
9.0951871872 -1.5939389467 -1.0059293509
8.8596992493 -3.8379287720 -1.0051457882
8.9754295349 -3.7692356110 -1.0045052767
8.9694843292 -3.8676850796 -1.0020765066
9.0957975388 -1.8379780054 -1.0006046295
7.5892286301 -4.3840637207 -0.9992426634
9.6133575439 -1.1851657629 -0.9984991550
9.3492107391 -2.3508241177 -0.9982284307
9.3492107391 -2.3508241177 -0.9982284307
9.7075815201 -2.0207743645 -0.9972409010
9.5954647064 -1.2109769583 -0.9971218705
9.0328502655 -1.9044663906 -0.9962925315
9.0567407608 -3.9287703037 -0.9953512549
9.0567407608 -3.9287703037 -0.9953512549
9.3319749832 -1.8379763365 -0.9952343106
8.8102254868 -3.9030494690 -0.9940804839
9.0269756317 -2.3236372471 -0.9938949943
7.5743379593 -5.0300011635 -0.9932012558
8.9121809006 -3.8486671448 -0.9925015569
8.8154830933 -4.6881546974 -0.9918878078
9.2454156876 -2.3255569935 -0.9873464704
9.2454156876 -2.3255569935 -0.9873464704
7.8159418106 -3.8286821842 -0.9873138666
8.2713994980 -3.7677955627 -0.9853095412
9.2632331848 -3.3978705406 -0.9848269224
9.0552024841 -3.8635032177 -0.9825885296
8.9049320221 -3.6405031681 -0.9806665778
7.8645029068 -3.6959607601 -0.9801773429
8.0453357697 -4.3140487671 -0.9791948795
7.6968264580 -3.9864518642 -0.9784532189
8.8888282776 -3.7750689983 -0.9769851565
8.8888273239 -3.7750687599 -0.9769850969
7.6860351562 -4.4375147820 -0.9767088890
7.5858092308 -5.2113246918 -0.9762521982
8.7025003433 -3.1647534370 -0.9758128524
9.4709568024 -3.4607756138 -0.9741255045
8.8596782684 -3.8460793495 -0.9741061330
8.0395660400 -4.2465934753 -0.9723551869
9.1127643585 -1.9020928144 -0.9704290032
7.7782931328 -4.3488936424 -0.9703376293
9.1203575134 -3.8299708366 -0.9688723683
7.7708745003 -4.0811772346 -0.9674838185
9.0553150177 -3.8463811874 -0.9655635953
9.0699911118 -3.9432752132 -0.9641038775
9.0600366592 -3.9288573265 -0.9639687538
9.0600357056 -3.9288568497 -0.9639687538
9.0600357056 -3.9288568497 -0.9639687538
9.0407819748 -3.9749364853 -0.9620851874
8.0988693237 -4.5842761993 -0.9619587064
7.9445619583 -4.1978106499 -0.9610604048
10.1034898758 -0.8893921971 -0.9596490860
8.4350156784 -4.0408430099 -0.9592593312
8.9785652161 -3.7518925667 -0.9574260712
7.7837734222 -4.7913074493 -0.9568689466
10.0122165680 -1.3387470245 -0.9566259980
9.0184383392 -3.9064562321 -0.9558438659
7.9764328003 -4.1356019974 -0.9558122158
9.0472497940 -3.0722939968 -0.9552541971
8.1378040314 -4.2957139015 -0.9546011686
8.9714641571 -3.9018003941 -0.9538162947
8.9614667892 -3.8875110149 -0.9536764026
8.9614667892 -3.8875110149 -0.9536764026
8.9614667892 -3.8875114918 -0.9536764026
8.9614667892 -3.8875114918 -0.9536764026
7.4268546104 -4.6160831451 -0.9524042010
8.9718589783 -3.7405731678 -0.9506399035
8.0485610962 -4.3143873215 -0.9501455426
9.3424625397 -1.2278817892 -0.9486684203
9.3424625397 -1.2278817892 -0.9486684203
9.9589271545 -1.4638701677 -0.9459805489
8.5665922165 -4.2683758736 -0.9444943070
8.9124202728 -4.8352212906 -0.9441279173
8.8629007339 -3.8461651802 -0.9433841705
7.7219805717 -4.9616832733 -0.9422731400
8.7191076279 -3.7642230988 -0.9412794709
7.6768155098 -4.9480118752 -0.9405253530
7.9944162369 -4.2984895706 -0.9403136373
9.2991714478 -1.5358321667 -0.9399516582
9.8505802155 -1.5435445309 -0.9393209815
7.5570697784 -4.4522910118 -0.9298537970
7.6054925919 -4.9292192459 -0.9296464324
8.1168012619 -4.1848692894 -0.9268854260
8.1168012619 -4.1848683357 -0.9268854260
8.0881919861 -4.2425518036 -0.9243232608
9.4860811234 -1.2715383768 -0.9240031242
7.5447254181 -4.3589286804 -0.9232842922
8.9680042267 -3.8794438839 -0.9229455590
8.9646339417 -3.8875603676 -0.9226148129
8.9646339417 -3.8875603676 -0.9226148129
8.0517139435 -4.3146848679 -0.9210873842
8.0517139435 -4.3146858215 -0.9210873842
8.0267915726 -4.3631057739 -0.9188954830
9.2509508133 -1.6177309752 -0.9177702069
9.2271490097 -3.2620074749 -0.9170263410
9.2029247284 -3.9253921509 -0.9135112166
8.1991691589 -4.6358509064 -0.9127146006
7.7723994255 -4.4500846863 -0.9114715457
7.6742639542 -4.3381004333 -0.9094784260
8.8374471664 -4.8278107643 -0.9090233445
7.9321260452 -4.3135371208 -0.9082967639
9.1456518173 -1.5993508101 -0.9073330164
7.8889331818 -4.3048114777 -0.9065299034
7.6720557213 -4.8448514938 -0.9059899449
9.5235147476 -1.1458324194 -0.9057896137
7.6237587929 -4.5655775070 -0.9021996260
7.9959578514 -3.9418225288 -0.8971611261
9.0605983734 -3.8666679859 -0.8962138295
6.7011661530 -6.2708711624 -0.8961284757
7.8185243607 -5.0196499825 -0.8950536847
7.8045620918 -4.3268370628 -0.8948276043
7.8045620918 -4.3268370628 -0.8948276043
8.6691598892 -4.3150734901 -0.8934441209
8.2013301849 -4.1207442284 -0.8887988925
8.1778917313 -3.8143832684 -0.8873932958
8.9618530273 -3.8255577087 -0.8865722418
8.5338268280 -4.0734939575 -0.8798100948
7.9351520538 -4.3138012886 -0.8795592189
7.9351520538 -4.3138012886 -0.8795592189
5.3877615929 -7.3039159775 -0.8716034889
7.9073958397 -4.3057265282 -0.8714156747
8.1562786102 -4.1453504562 -0.8711344600
7.8075475693 -4.3271126747 -0.8664197326
7.8075475693 -4.3271126747 -0.8664197326
8.0905733109 -4.2503490448 -0.8658527136
7.8129262924 -4.2556829453 -0.8611680269
7.8133711815 -4.3697667122 -0.8586860895
8.6205825806 -3.8846557140 -0.8576712012
7.6644849777 -4.7998614311 -0.8566274643
7.6644849777 -4.7998614311 -0.8566274643
6.7168860435 -6.9236636162 -0.8557210565
7.9380979538 -4.3140244484 -0.8508130312
7.6471223831 -4.4118256569 -0.8502264023
7.9048066139 -4.3776507378 -0.8479081988
8.4733400345 -4.2098069191 -0.8438643217
8.4733400345 -4.2098069191 -0.8438643217
7.8433694839 -4.2644476891 -0.8408752680
7.7770619392 -4.3899865150 -0.8351157308
8.3768911362 -4.1635546684 -0.8344396353
7.7321562767 -4.3814268112 -0.8332675695
8.9401960373 -4.8784260750 -0.8303901553
7.6303529739 -4.8617019653 -0.8248488903
8.5934581757 -3.9535624981 -0.8247110248
8.5705966949 -4.0050926208 -0.8225443959
7.9409718513 -4.3142046928 -0.8220589161
7.9409718513 -4.3142046928 -0.8220589161
7.9114685059 -4.3706545830 -0.8194832206
9.1368503571 -3.9800629616 -0.8164823651
7.8132882118 -4.3275361061 -0.8095793128
5.4622759819 -7.3913955688 -0.7945928574
7.5776834488 -4.4528684616 -0.7833520770
8.3817939758 -4.1636190414 -0.7823548913
7.8160452843 -4.3276882172 -0.7811472416
7.7864465714 -4.3832702637 -0.7785862684
7.7070698738 -4.3742794991 -0.7691184282
7.2353010178 -5.3152852058 -0.7617113590
8.4161214828 -4.0963191986 -0.7554917932
6.6716647148 -6.6645092964 -0.7553055286
7.8498826027 -4.2893228531 -0.7549640536
7.7864651680 -4.4021244049 -0.7496148944
8.5327873230 -3.8417770863 -0.7364639044
6.1664910316 -7.4297022820 -0.7358109355
7.7872538567 -4.3905339241 -0.7284826636
7.6931719780 -4.3394923210 -0.7198515534
8.2598686218 -5.0090608597 -0.6775621772
7.5310034752 -4.6040534973 -0.6681562066
8.4878168106 -3.9604544640 -0.6420986056
8.3943872452 -4.1631312370 -0.6334175467
9.2210550308 -3.8949725628 -0.6039841175
7.6159124374 -4.3468079567 -0.5673283339
7.9937529564 -6.0913739204 -0.5639970899
9.2268104553 -3.8937811852 -0.5164918303
9.1966581345 -3.9672286510 -0.5135139227
7.6775326729 -4.4004473686 -0.4918263555
9.2004089355 -3.9661920071 -0.4498584569
9.6879425049 -2.4955780506 -0.4403630197
9.2055950165 -3.9573123455 -0.4183623195
9.2021474838 -3.9656164646 -0.4180238843
7.7197990417 -4.1598229408 -0.3898738325
7.6842236519 -4.3991723061 -0.3861708343
7.6233973503 -4.2863869667 -0.3843070865
7.9161415100 -3.6938369274 -0.3826410174
7.5902476311 -4.3474297523 -0.3814653754
7.5902476311 -4.3474297523 -0.3814653754
7.8875455856 -3.7571513653 -0.3799559474
7.7193741798 -4.3369598389 -0.3608621061
7.6576638222 -4.2246499062 -0.3592804074
7.5365629196 -4.4463543892 -0.3489275575
7.6576623917 -4.8712120056 -0.3475940526
7.6264967918 -4.2854695320 -0.3285982311
7.5933408737 -4.3465180397 -0.3257561028
7.6779646873 -4.1079783440 -0.3057244420
7.7223529816 -4.3359522820 -0.3044829071
7.7223529816 -4.3359522820 -0.3044829071
7.6888027191 -4.3977255821 -0.3016070127
7.4881911278 -4.4439258575 -0.2909165621
7.6901779175 -4.3971624374 -0.2734126747
9.1738080978 -3.9525401592 -0.2733528614
7.9712362289 -3.5799922943 -0.2619231045
10.9760723114 -0.2676120102 -2.2648231983
11.5056304932 -1.0299561024 -1.4218440056
10.6533012390 -1.0677121878 -1.3068718910
11.5188865662 -1.1500550508 -1.2667928934
10.9202651978 0.0998643935 -1.2662656307
10.8331165314 -0.7489653230 -1.2627487183
11.0308675766 0.1016304195 -1.2438709736
11.4966173172 -0.5356972814 -1.2430810928
11.6866579056 0.1336835474 -1.2365928888
11.3029489517 -1.4322456121 -1.2146372795
11.0523014069 -1.4740098715 -1.2102851868
10.6949825287 -1.1564124823 -1.2063167095
10.8660526276 -1.2348465919 -1.1929621696
11.6107606888 -0.2527830899 -1.1881535053
11.3994045258 0.4295880497 -1.1814045906
10.6907701492 -0.1819491535 -1.1739227772
10.9542236328 -0.8180372715 -1.1719161272
10.8068656921 -0.6011499763 -1.1699920893
11.5220050812 -1.2180845737 -1.1690247059
10.5815229416 -0.3065340817 -1.1595070362
10.5815229416 -0.3065340817 -1.1595070362
10.5815229416 -0.3065340817 -1.1595070362
11.5410995483 0.2213107795 -1.1588646173
11.4700145721 0.2664442360 -1.1508975029
11.3518390656 -0.6865851283 -1.1487014294
11.4240417480 -1.1377964020 -1.1481450796
10.6944026947 -0.1812324673 -1.1399114132
10.6944026947 -0.1812324673 -1.1399114132
11.3672275543 -0.3643209934 -1.1324032545
11.2044391632 -1.4180722237 -1.1320418119
11.1525831223 -1.3906648159 -1.1302919388
10.6203060150 -0.2121226192 -1.1294761896
10.5937604904 -1.4459154606 -1.1283421516
11.5116662979 -0.6331554055 -1.1273212433
10.5865573883 -0.2426688820 -1.1272761822
10.5865564346 -0.2426688820 -1.1272760630
10.5853662491 -0.2963110805 -1.1260457039
10.5851202011 -0.3058484197 -1.1258252859
10.5851202011 -0.3058484197 -1.1258252859
10.5851202011 -0.3058484197 -1.1258252859
10.5851202011 -0.3058484197 -1.1258252859
10.5851202011 -0.3058484197 -1.1258252859
11.0676259995 -1.0343077183 -1.1221232414
11.4368982315 0.2199014127 -1.1212239265
11.0659494400 0.5103773475 -1.1207255125
11.6208782196 -0.4471054077 -1.1204212904
11.4098186493 -1.2969293594 -1.1196142435
11.2086057663 -0.1211207807 -1.1190772057
11.4436607361 0.3258669674 -1.1183694601
10.7819633484 -0.1061081216 -1.1173970699
11.1693124771 -1.4865648746 -1.1168143749
10.7761812210 -1.1380693913 -1.1162348986
10.2563762665 -0.3879034519 -1.1160598993
11.1303339005 -1.5164443254 -1.1143919230
11.4199180603 0.2572470903 -1.1103028059
11.0300674438 0.1068729982 -1.1102489233
11.0504531860 -1.0388593674 -1.1091121435
10.8776159286 -0.7149569988 -1.1083801985
11.2725248337 -1.3134964705 -1.1072920561
10.6979284286 -0.1805141121 -1.1058888435
10.6979284286 -0.1805141121 -1.1058888435
10.6979284286 -0.1805141121 -1.1058888435
10.6979284286 -0.1805141121 -1.1058888435
10.6979284286 -0.1805141121 -1.1058888435
11.0218896866 -0.1850039959 -1.1034766436
11.0218896866 -0.1850039959 -1.1034766436
11.0218896866 -0.1850039959 -1.1034766436
11.0218896866 -0.1850039959 -1.1034766436
11.0218896866 -0.1850039959 -1.1034766436
10.1024198532 -4.3987288475 -1.1030744314
11.3180923462 -0.1216531917 -1.1028614044
10.4070892334 -2.5930974483 -1.1014490128
11.0486898422 -0.4378365874 -1.0991464853
11.2584800720 -1.4036606550 -1.0989434719
11.4541835785 -2.0698003769 -1.0989404917
11.3144702911 0.1891480535 -1.0985434055
10.8886632919 -1.2187891006 -1.0978307724
10.5366516113 -1.2953804731 -1.0955268145
11.1561574936 -1.3901137114 -1.0946016312
11.1561574936 -1.3901139498 -1.0946016312
11.1561574936 -1.3901137114 -1.0946016312
11.1561574936 -1.3901137114 -1.0946016312
11.1561574936 -1.3901139498 -1.0946016312
11.1561574936 -1.3901137114 -1.0946016312
10.9157724380 -0.1181934252 -1.0943965912
10.9157724380 -0.1181934252 -1.0943965912
10.9157724380 -0.1181934252 -1.0943965912
10.9157724380 -0.1181934252 -1.0943965912
10.9157724380 -0.1181934252 -1.0943965912
10.9157724380 -0.1181934252 -1.0943965912
10.9157724380 -0.1181934252 -1.0943965912
10.9157724380 -0.1181934252 -1.0943965912
10.9157724380 -0.1181934252 -1.0943965912
10.8922729492 -0.1063727736 -1.0935904980
11.2608909607 -0.4273554087 -1.0935633183
11.3536968231 -0.6276998520 -1.0933767557
11.6583118439 -0.5641903281 -1.0933175087
11.6583118439 -0.5641903281 -1.0933175087
11.3179082870 -0.6075332165 -1.0921964645
11.3886957169 -1.2573136091 -1.0921249390
11.3886957169 -1.2573134899 -1.0921249390
11.3886957169 -1.2573134899 -1.0921249390
11.3886957169 -1.2573134899 -1.0921249390
11.3886957169 -1.2573136091 -1.0921249390
11.6538066864 -0.6566575170 -1.0910851955
11.6538066864 -0.6566575170 -1.0910851955
11.5692358017 -0.2535520494 -1.0909390450
10.7891578674 -1.1436110735 -1.0889019966
10.3382387161 -3.8203656673 -1.0848712921
10.8089113235 -0.1170765311 -1.0838420391
10.8089113235 -0.1170765311 -1.0838420391
10.8089113235 -0.1170765013 -1.0838420391
11.1540727615 -0.4234115779 -1.0833216906
10.8250551224 -1.8761907816 -1.0805286169
11.2751560211 -1.3130601645 -1.0802695751
11.2751560211 -1.3130601645 -1.0802695751
11.2751560211 -1.3130601645 -1.0802695751
11.2751560211 -1.3130601645 -1.0802695751
11.2751550674 -1.3130600452 -1.0802694559
11.2751550674 -1.3130600452 -1.0802694559
11.2751550674 -1.3130600452 -1.0802694559
11.2751550674 -1.3130600452 -1.0802694559
11.2751550674 -1.3130600452 -1.0802694559
10.7956333160 -0.0056945821 -1.0799486637
11.6450443268 -1.1582448483 -1.0796869993
11.6206140518 -1.1183108091 -1.0794552565
10.5846605301 -0.9096273780 -1.0786960125
11.2971334457 -0.6865333319 -1.0785516500
11.0245981216 -0.1745286435 -1.0774251223
11.0244588852 -0.1844470650 -1.0772012472
11.0244588852 -0.1844470650 -1.0772012472
11.0244588852 -0.1844470650 -1.0772012472
10.7014837265 -0.1701575518 -1.0720731020
10.7013483047 -0.1797940731 -1.0718556643
10.9934806824 -1.5822991133 -1.0715427399
11.0891389847 -2.0844068527 -1.0706014633
11.1940221786 -0.6150760055 -1.0699589252
11.2381191254 -1.4963477850 -1.0690853596
10.9183979034 -0.1078084484 -1.0685883760
10.9183149338 -0.1176339015 -1.0683691502
11.1587686539 -1.3896919489 -1.0678269863
11.1587686539 -1.3896920681 -1.0678269863
11.1587686539 -1.3896919489 -1.0678269863
11.5054473877 -1.1996669769 -1.0672966242
11.5054464340 -1.1996668577 -1.0672965050
10.9831514359 -0.6758927703 -1.0645499229
11.7038698196 -0.2985400259 -1.0640004873
10.9673852921 -0.4264503121 -1.0638208389
11.0929498672 -0.9414979219 -1.0637025833
11.2127723694 -1.4921664000 -1.0625426769
11.1549530029 -1.3902654648 -1.0621562004
10.5078668594 -1.2554218769 -1.0615640879
10.4421949387 -3.8570499420 -1.0606544018
11.0166473389 -0.9441654086 -1.0601847172
11.1045084000 -1.4040042162 -1.0595679283
10.7090902328 -0.7866954803 -1.0588958263
10.8170423508 -1.2753776312 -1.0588064194
11.1116199493 -3.7169883251 -1.0587514639
10.8115139008 -0.1067905426 -1.0582798719
10.8114309311 -0.1165223047 -1.0580626726
10.1925659180 -1.4576998949 -1.0571717024
10.6995773315 -0.8542965055 -1.0569819212
10.8512954712 -1.1772592068 -1.0567770004
11.1204204559 -1.5701788664 -1.0566446781
10.8206129074 -1.1409130096 -1.0561830997
11.3932228088 -1.2464665174 -1.0560292006
11.3921461105 -1.2567042112 -1.0557558537
11.3921461105 -1.2567044497 -1.0557558537
11.3921461105 -1.2567042112 -1.0557558537
11.3921461105 -1.2567044497 -1.0557558537
11.3921461105 -1.2567042112 -1.0557558537
10.6856317520 -2.9949841499 -1.0557361841
9.0390434265 -4.7444472313 -1.0551512241
11.6881332397 -0.4832328558 -1.0544154644
11.6577596664 -0.6454665661 -1.0543010235
11.6572065353 -0.6559358835 -1.0540463924
11.6572065353 -0.6559358835 -1.0540463924
11.6572055817 -0.6559357643 -1.0540462732
11.6572055817 -0.6559357643 -1.0540462732
11.6572055817 -0.6559357643 -1.0540462732
11.6572055817 -0.6559357643 -1.0540462732
10.9248418808 -0.8014724851 -1.0536669493
10.9864063263 -0.9326341748 -1.0535813570
10.7317132950 -1.3386621475 -1.0535498857
10.8144750595 -0.3672926724 -1.0527006388
10.5253934860 -1.4638966322 -1.0517200232
10.9152355194 -0.8703885078 -1.0517199039
9.5324649811 -4.4447779655 -1.0479753017
10.4618654251 -0.2901238203 -1.0471098423
11.6489582062 -0.7556682229 -1.0466642380
10.5442886353 -0.7980983853 -1.0454398394
9.5014581680 -3.8753166199 -1.0449347496
11.2796974182 -1.3023281097 -1.0445040464
11.1848325729 -0.9106171131 -1.0436413288
10.8182096481 -0.7938501239 -1.0435146093
11.6728239059 0.5095717311 -1.0431027412
11.3860864639 0.0022736827 -1.0417282581
10.8086538315 -0.8621125817 -1.0415841341
10.4437913895 -2.1707882881 -1.0385829210
11.5175113678 -1.1076843739 -1.0329842567
11.1633415222 -1.3790810108 -1.0323925018
11.5098419189 -1.1886914968 -1.0308599472
11.1818361282 -1.4898777008 -1.0308009386
11.5088176727 -1.1990307570 -1.0305867195
11.5088176727 -1.1990307570 -1.0305867195
11.5088167191 -1.1990306377 -1.0305867195
11.5088167191 -1.1990306377 -1.0305867195
11.5088167191 -1.1990306377 -1.0305867195
11.5088167191 -1.1990306377 -1.0305867195
11.5088167191 -1.1990306377 -1.0305867195
10.1903610229 -1.5697578192 -1.0281424522
11.0247192383 -3.7751119137 -1.0258873701
10.7226867676 -1.1781066656 -1.0252709389
9.6376657486 -3.9250028133 -1.0238931179
11.0840883255 -1.4102739096 -1.0229622126
10.7539291382 -1.1025307178 -1.0228598118
11.0589666367 -3.7398166656 -1.0227289200
10.9097461700 -0.4941696227 -1.0196913481
10.9578914642 -2.9601042271 -1.0187917948
10.9837512970 -3.7696652412 -1.0186642408
9.5676908493 -3.8095135689 -1.0165232420
9.5676908493 -3.8095138073 -1.0165232420
9.5382566452 -3.8857607841 -1.0135164261
9.5382566452 -3.8857607841 -1.0135164261
9.5382566452 -3.8857612610 -1.0135164261
9.5382566452 -3.8857607841 -1.0135164261
11.2535572052 -0.6205308437 -1.0124186277
10.0986976624 -1.8391051292 -1.0120129585
11.4916143417 -2.0131478310 -1.0119512081
11.4478197098 -2.2053837776 -1.0105702877
9.5082378387 -3.9617793560 -1.0104881525
9.5082378387 -3.9617793560 -1.0104881525
9.5002851486 -4.2600631714 -1.0103160143
9.3081912994 -4.4254088402 -1.0099833012
9.4888238907 -4.0100636482 -1.0085490942
10.8000173569 -0.5532256961 -1.0082682371
9.4636201859 -4.3443322182 -1.0068054199
10.8119630814 -2.9596049786 -1.0067015886
9.4385156631 -4.4009289742 -1.0044260025
11.3323173523 0.0502474196 -1.0041255951
11.0909881592 -0.7691941857 -1.0017876625
11.1094961166 -0.8474026918 -1.0009114742
11.0860013962 -0.3687912822 -1.0007017851
10.7613649368 -4.1908564568 -0.9993441105
9.7213954926 -3.7126300335 -0.9991510510
9.1774244308 -4.4514575005 -0.9964212179
10.3815317154 -3.7909243107 -0.9953583479
9.9959974289 -3.9036822319 -0.9924075007
10.2983484268 -2.7663209438 -0.9911218882
9.3748521805 -4.3198184967 -0.9898579121
10.7899188995 -1.7127437592 -0.9875324965
10.0162820816 -3.9124393463 -0.9870687127
10.8669891357 -0.4210170805 -0.9848061800
9.5710496902 -3.8095133305 -0.9838115573
9.9912242889 -4.0230455399 -0.9835067987
10.6419429779 -1.1992020607 -0.9817808867
9.5416078568 -3.8857741356 -0.9808041453
11.2905979156 -1.0075358152 -0.9790344238
9.4970054626 -4.1823816299 -0.9786751270
11.4992580414 -0.0870565921 -0.9766171575
9.4765396118 -3.8038849831 -0.9732518196
9.2156524658 -4.4509353638 -0.9730342627
9.4418668747 -4.4010300636 -0.9713798165
9.4418668747 -4.4010300636 -0.9713798165
9.4418668747 -4.4010300636 -0.9713798165
9.4418668747 -4.4010300636 -0.9713798165
10.1291790009 -3.8609302044 -0.9709134698
10.8638200760 -3.7991929054 -0.9708872437
9.4078826904 -4.4762754440 -0.9681887627
9.4078826904 -4.4762754440 -0.9681887627
11.5485496521 -0.7474683523 -0.9643675089
9.1602182388 -4.6000800133 -0.9605195522
9.9136610031 -2.4478116035 -0.9577298164
11.6306114197 -0.2175429761 -0.9469757676
11.3786849976 -1.2424820662 -0.9458094835
9.5524501801 -4.5600333214 -0.9457703829
9.9097547531 -4.0588278770 -0.9451565146
10.1316184998 -3.8608293533 -0.9451204538
10.1316184998 -3.8608293533 -0.9451204538
9.5817918777 -4.4387726784 -0.9436937571
9.5498104095 -4.2757210732 -0.9397535324
10.1147737503 -4.3632836342 -0.9388218522
9.4855461121 -4.2565493584 -0.9372605085
11.1156721115 -0.8460627198 -0.9301110506
9.6478652954 -3.4552495480 -0.9178496599
9.2651271820 -4.6365098953 -0.9128675461
9.4511995316 -5.0406513214 -0.9085674882
9.5145559311 -4.5170764923 -0.8999860287
11.1193113327 -0.8353875279 -0.8949486613
11.1185941696 -0.8453806043 -0.8946970105
11.1185941696 -0.8453806043 -0.8946970105
9.3764781952 -4.8905148506 -0.8912698030
10.1870584488 -1.0227001905 -0.8792968392
9.2909593582 -5.2847871780 -0.8787453175
9.4210710526 -3.9216792583 -0.8786605597
9.3983955383 -3.9780025482 -0.8763971925
9.3983955383 -3.9780030251 -0.8763971329
10.1807937622 -4.3894748688 -0.8714792132
9.1767635345 -4.6492414474 -0.8703041673
10.0454769135 -3.9279665947 -0.8658247590
11.1214056015 -0.8446906805 -0.8592742085
11.1214056015 -0.8446906805 -0.8592742085
11.1214056015 -0.8446907997 -0.8592742085
11.3549280167 -2.1835136414 -0.8544638157
9.4537773132 -3.8462538719 -0.8492447138
9.4141149521 -4.3243546486 -0.8421137333
11.3967151642 -1.3447287083 -0.8315380812
9.4042224884 -3.9777557850 -0.8115562201
9.4740123749 -3.9306297302 -0.8109330535
11.1267051697 -0.8432860970 -0.7884041071
9.4070014954 -3.9775743484 -0.7791239619
10.1397790909 -4.0146746635 -0.7655148506
9.3824377060 -4.0438165665 -0.7439910173
10.2485218048 -2.8537075520 -0.7242735028
9.0098342896 -4.7857379913 -0.7066699862
8.1082344055 -8.3791341782 -0.6820557714
11.2527675629 -0.8403267860 -0.6264297962
9.4034509659 -3.9598474503 -0.2824399173
11.3695888519 -3.4137973785 -1.4915589094
11.4534111023 -3.4236841202 -1.4005328417
11.9867792130 0.4379033446 -1.3885787725
11.7483434677 -4.6556067467 -1.3653510809
12.2324371338 1.0529592037 -1.3651266098
8.7195272446 -9.2500066757 -1.3579014540
11.5345039368 5.9440226555 -1.3334702253
11.0034742355 4.9067535400 -1.3294990063
11.4667167664 -3.5342812538 -1.3230956793
13.0368537903 0.6339583397 -1.3217422962
12.8328990936 -0.2915964127 -1.3215731382
12.9301280975 0.6288793087 -1.3110580444
11.0353202820 -4.3518824577 -1.3073022366
11.1782703400 -4.4743943214 -1.2971252203
12.9459791183 -0.1394143850 -1.2949261665
13.0398836136 0.6347185373 -1.2907594442
12.8382759094 -0.2145266980 -1.2826615572
12.9331302643 0.6296332479 -1.2803229094
12.8607988358 -2.5575697422 -1.2792062759
10.6348648071 5.9020390511 -1.2653073072
11.1886558533 -4.3927402496 -1.2612348795
12.9960279465 -2.5083816051 -1.2509725094
11.7578325272 0.1721439064 -1.2470616102
12.1617546082 0.9310739040 -1.2427101135
12.9528837204 -0.1378713101 -1.2231960297
12.9528837204 -0.1378713101 -1.2231960297
12.9528837204 -0.1378713101 -1.2231960297
12.9921579361 -2.4758524895 -1.2203736305
13.2093858719 0.9911100864 -1.2183907032
12.7427530289 0.8182765245 -1.2140277624
12.1645860672 0.9318261743 -1.2137109041
12.3005504608 -4.1516962051 -1.2127768993
12.1691493988 0.8704145551 -1.2125707865
12.6581983566 1.1216914654 -1.2116959095
12.8451232910 -0.2130170316 -1.2115093470
13.0420961380 0.7399287820 -1.2101181746
12.5073146820 -0.5457533002 -1.2023276091
12.6421585083 0.7132647634 -1.2020108700
12.0633020401 0.8521382809 -1.2018859386
11.7946586609 -0.3227939904 -1.2010217905
11.0004482269 -4.3799338341 -1.1936361790
12.5874338150 0.6014187932 -1.1919238567
11.8754644394 -0.2695425153 -1.1861953735
12.7639093399 1.0841007233 -1.1857712269
11.5106201172 -3.3887958527 -1.1833474636
12.3125600815 -3.7216093540 -1.1819086075
11.4844007492 -3.4800746441 -1.1801568270
12.6484098434 1.1739470959 -1.1776845455
11.0910654068 -4.4357800484 -1.1728081703
11.7424554825 5.7980723381 -1.1707483530
11.1511611938 -4.3911719322 -1.1697807312
13.0457696915 0.7409385443 -1.1687734127
13.0512819290 0.6377242208 -1.1667596102
13.1985206604 0.4124034047 -1.1640045643
12.0114116669 -2.3549175262 -1.1638244390
11.3447294235 -3.4427216053 -1.1618469954
12.4148597717 -4.1275014877 -1.1579760313
11.8782281876 -0.2689521611 -1.1579368114
12.0870790482 -4.0926151276 -1.1578146219
12.3435373306 -3.6237154007 -1.1548213959
12.3440418243 -3.9968206882 -1.1521463394
11.8481492996 -0.4915676713 -1.1516906023
12.3154802322 -3.7213881016 -1.1514071226
11.2251739502 -4.2693867683 -1.1510927677
11.3317651749 6.1265821457 -1.1510214806
12.2574720383 1.1847983599 -1.1505570412
12.2469263077 -3.1541619301 -1.1497693062
12.2642526627 1.1119403839 -1.1492664814
12.2642526627 1.1119402647 -1.1492664814
12.2939414978 -3.7944998741 -1.1488270760
12.2939405441 -3.7944993973 -1.1488270760
12.3131103516 -4.0944862366 -1.1486020088
12.3131103516 -4.0944862366 -1.1486020088
12.5935506821 -2.5994579792 -1.1477634907
11.1921768188 -4.3584280014 -1.1476438046
12.2645673752 -3.8917832375 -1.1453617811
12.2420473099 -3.9645953178 -1.1427438259
11.4882497787 -3.4798603058 -1.1421536207
12.7863111496 0.9601326585 -1.1393750906
11.4704666138 -3.8991038799 -1.1382187605
11.8603734970 -4.0961608887 -1.1359901428
11.1076669693 -4.4190902710 -1.1296851635
13.0493116379 0.7419410944 -1.1274172068
11.7375431061 -0.4172880352 -1.1263644695
11.8151493073 -0.9477093220 -1.1237347126
13.0914936066 0.4391088486 -1.1226876974
10.9325971603 -4.9959502220 -1.1218928099
11.8820219040 -0.2574952543 -1.1204924583
11.9093313217 -0.4694710672 -1.1170814037
11.7431821823 -4.0466170311 -1.1145608425
11.2326774597 -4.2592163086 -1.1134735346
11.5104207993 -3.3072071075 -1.1087564230
11.4919843674 -3.4796133041 -1.1041393280
11.4919853210 -3.4796135426 -1.1041393280
12.5324182510 -0.1317421049 -1.1039170027
11.5096368790 -3.8658678532 -1.1022025347
12.2788648605 -0.4346972406 -1.1015452147
11.4742136002 -3.8989229202 -1.0998715162
11.1395931244 -4.2686581612 -1.0969135761
11.4440555573 -3.9898753166 -1.0965094566
11.4440555573 -3.9898753166 -1.0965094566
12.1437854767 -3.9320843220 -1.0929917097
11.6800670624 -3.9659638405 -1.0898092985
11.7026271820 -4.5476202965 -1.0890454054
11.8852739334 -0.2673706710 -1.0825500488
11.2996931076 -4.3961653709 -1.0810536146
11.2996921539 -4.3961648941 -1.0810534954
11.5785074234 -3.9323620796 -1.0804567337
11.5785074234 -3.9323620796 -1.0804567337
11.3564224243 -4.6054291725 -1.0790358782
11.5480871201 -4.0241112709 -1.0770652294
11.5480871201 -4.0241112709 -1.0770652294
12.3396625519 -3.2527344227 -1.0762410164
11.6446857452 -4.0118937492 -1.0762275457
11.9003973007 -2.8538465500 -1.0746874809
11.5248012543 -4.0927667618 -1.0745037794
11.9839000702 -4.0049757957 -1.0738383532
12.3985042572 -4.2006044388 -1.0725820065
11.8089733124 -0.3712369204 -1.0719919205
11.1996593475 -4.3582773209 -1.0716149807
11.1678743362 -4.3461408615 -1.0704401731
11.1744575500 -4.4249114990 -1.0690109730
11.7508153915 -0.4157407880 -1.0683791637
11.9174604416 -4.1512608528 -1.0676177740
11.7753696442 -0.2999399006 -1.0672113895
11.3921175003 -3.4491600990 -1.0661485195
11.1513948441 -4.5297789574 -1.0656653643
11.8271703720 -2.8879194260 -1.0654672384
11.8822174072 -3.9716196060 -1.0648068190
11.7639980316 -0.6617839336 -1.0635805130
11.7639980316 -0.6617839336 -1.0635805130
11.7639980316 -0.6617839336 -1.0635805130
12.3711175919 -4.1154494286 -1.0635664463
12.3038339615 -4.2091603279 -1.0632815361
11.7601222992 -0.7317383885 -1.0618705750
11.3862142563 -3.3923952579 -1.0616407394
11.8473653793 -4.2783722878 -1.0564990044
12.2694330215 -4.0820040703 -1.0548691750
12.3197984695 -4.2896432877 -1.0525985956
12.0208883286 -3.0882182121 -1.0509345531
11.6836814880 -3.9657115936 -1.0507824421
11.2769832611 -4.4632868767 -1.0496568680
11.7062702179 -4.5474429131 -1.0493538380
10.9534912109 -5.4777841568 -1.0473695993
11.6529884338 -4.0582590103 -1.0473611355
11.2459850311 -4.3062162399 -1.0407260656
10.8798160553 -4.8662576675 -1.0402388573
12.4937591553 -0.5856763124 -1.0398625135
12.4478435516 -0.5773075819 -1.0379644632
11.1852931976 -4.3558592796 -1.0368856192
10.8422155380 -4.9525837898 -1.0366407633
11.7442607880 0.1475495994 -1.0339130163
11.7313928604 -0.2210637629 -1.0297336578
11.9221887589 -4.0852713585 -1.0294128656
11.4503316879 -3.9894890785 -1.0293754339
11.8904142380 -4.0326166153 -1.0291271210
12.3409261703 -0.5723810792 -1.0290689468
12.3812713623 -4.2656960487 -1.0288397074
12.4102277756 -4.1327800751 -1.0285791159
12.4199800491 -4.1841635704 -1.0278942585
12.8154621124 1.0452711582 -1.0264097452
11.7673177719 -0.6610493660 -1.0262008905
11.7673177719 -0.6610493660 -1.0262008905
11.7640542984 -0.7204531431 -1.0247501135
11.7634363174 -0.7310133576 -1.0244904757
11.7634363174 -0.7310133576 -1.0244904757
11.7634363174 -0.7310133576 -1.0244904757
11.7634363174 -0.7310132384 -1.0244904757
12.2024145126 -3.7626118660 -1.0182991028
12.2024145126 -3.7626113892 -1.0182991028
12.2024145126 -3.7626113892 -1.0182991028
12.2024145126 -3.7626113892 -1.0182991028
11.3719482422 -4.6421489716 -1.0166604519
11.7227945328 -3.9317808151 -1.0140976906
13.1613826752 0.8289077282 -1.0129199028
11.2583370209 -3.8910636902 -1.0125236511
10.8824558258 -4.8662233353 -1.0119624138
10.8824558258 -4.8662233353 -1.0119624138
11.6871805191 -3.9654202461 -1.0117453337
11.7915353775 -5.9615745544 -1.0112624168
10.8448543549 -4.9525604248 -1.0083640814
11.6564826965 -4.0579819679 -1.0083234310
8.7541656494 -9.2613954544 -1.0081350803
11.7069959641 -4.0753149986 -1.0054125786
12.5572252274 -4.1192178726 -0.9984907508
11.2207126617 -4.4578475952 -0.9983869791
12.0118789673 -4.3513007164 -0.9967494011
11.0807714462 -4.3861927986 -0.9936140180
12.3085556030 1.0738136768 -0.9935796857
12.3900165558 -0.5798949003 -0.9925770760
11.8938560486 -4.0322828293 -0.9894183874
11.3790521622 -3.5163040161 -0.9883426428
11.8778915405 -3.8871986866 -0.9873880744
12.4473810196 -4.2455039024 -0.9865847826
13.1835651398 -0.1318301409 -0.9865362048
11.8149576187 -3.9285147190 -0.9836286902
12.3075952530 -4.1581974030 -0.9821621180
11.8721866608 -4.1407961845 -0.9770789742
11.7131204605 -3.8955099583 -0.9752470255
11.7343664169 -3.9167680740 -0.9712554812
13.1644392014 0.8298964500 -0.9711914062
13.0396127701 -0.7137712240 -0.9704055190
12.2142877579 -4.1794586182 -0.9691531062
12.2497539520 -4.1828246117 -0.9665310383
11.2577171326 -4.6597862244 -0.9625831842
11.5820598602 -3.6913430691 -0.9603174329
13.1324043274 0.4300104678 -0.9581419826
12.5506134033 -4.0668416023 -0.9577959180
12.0428113937 -4.0167746544 -0.9566344619
11.0873785019 -4.4241366386 -0.9552081227
11.0920972824 -4.3173041344 -0.9529443383
11.5451717377 -4.1028985977 -0.9496186972
11.8966674805 -3.8251962662 -0.9458980560
12.3763685226 -4.2975301743 -0.9448366165
11.7193794250 -3.3060350418 -0.9409343004
10.4047145844 -7.8580069542 -0.9383485913
11.7197685242 -3.8846192360 -0.9365746975
11.2809076309 -4.3831753731 -0.9359790683
12.1270093918 -3.0416128635 -0.9343096018
11.7074108124 -3.7937486172 -0.9338512421
12.9611530304 -2.4917414188 -0.9310123920
12.9949655533 -2.5063405037 -0.9290661216
12.1224203110 -3.9654650688 -0.9253108501
12.0728883743 -3.9165844917 -0.9241372943
8.6718235016 -9.3502645493 -0.9221112728
12.0652446747 -4.0231313705 -0.9214538932
11.8099708557 -0.4151053727 -0.9173709750
12.4517793655 -4.3179755211 -0.9097502232
10.9908189774 -4.3851089478 -0.9093192816
11.9079513550 -3.9654271603 -0.9079405665
12.3739156723 -4.1223597527 -0.9035274982
11.8021516800 -3.9873237610 -0.9026636481
11.8110876083 -4.0340929031 -0.9020429850
11.8061475754 -3.9321224689 -0.9002316594
13.1537790298 0.8557647467 -0.8957173824
13.0468463898 0.8489009142 -0.8884741068
12.0820302963 -4.0659346581 -0.8845488429
11.1209211349 -3.9128544331 -0.8838680983
12.0128498077 -3.9982829094 -0.8759132028
9.7017526627 -8.1325607300 -0.8746916056
10.1073188782 -7.0767536163 -0.8718799949
11.1044702530 -4.5012550354 -0.8702172637
10.4978322983 -7.9217462540 -0.8632642031
12.1876173019 -3.7475335598 -0.8557638526
12.2347259521 -3.8493468761 -0.8525075316
12.1491584778 -3.6950817108 -0.8520116210
12.1176824570 -4.0310893059 -0.8432151079
10.2997341156 -7.6244111061 -0.8428502083
9.1498537064 -9.4701452255 -0.8409457803
11.0551462173 -4.3082647324 -0.8388144374
12.5121479034 -3.5808808804 -0.8335732818
11.9502754211 -3.9819746017 -0.8303844333
11.9187536240 -4.0670552254 -0.8302483559
11.8787059784 -3.8556377888 -0.8267514706
11.8896121979 -4.3118362427 -0.8267176151
12.3653469086 -3.9524917603 -0.8187674284
7.8721847534 -9.3629970551 -0.8167258501
13.1747465134 0.8335332274 -0.8146285415
12.1670188904 -1.2619585991 -0.7843311429
9.9693574905 -7.0969734192 -0.7826053500
12.3056039810 -4.2836713791 -0.7809511423
12.1877975464 -4.1171517372 -0.7792623043
11.7577171326 -4.3692417145 -0.7764257193
8.1909227371 -9.5157012939 -0.7758593559
8.6816644669 -9.0026321411 -0.7698266506
12.0204267502 -4.1043653488 -0.7668001056
12.2596673965 -4.2473812103 -0.7410122156
8.1939373016 -9.5162010193 -0.7364507318
8.1947612762 -9.3708229065 -0.7348557711
8.7013139725 -9.1889762878 -0.7315792441
8.7013139725 -9.1889762878 -0.7315792441
8.7013139725 -9.1889762878 -0.7315792441
8.7013139725 -9.1889762878 -0.7315792441
12.2938222885 -4.0472860336 -0.7018926740
8.2697210312 -9.4506263733 -0.7017849088
8.2697210312 -9.4506263733 -0.7017849088
8.1968660355 -9.5166091919 -0.6970347166
8.1968660355 -9.5166091919 -0.6970347166
8.1968660355 -9.5166082382 -0.6970347166
8.1968660355 -9.5166082382 -0.6970347166
8.1968660355 -9.5166082382 -0.6970347166
8.8055992126 -9.0941162109 -0.6187419891
11.7687883377 -3.8833301067 -0.5170702338
12.3429603577 -4.0916118622 -0.5005365610
11.9109201431 -4.1361145973 -0.4792247117
12.2919664383 -4.1719870567 -0.3941940069
9.6001987457 -8.0488262177 -0.3279754221
12.1768274307 0.1854380965 -0.2282442749
17.2844963074 -4.3122143745 -4.3542675972
15.5209207535 -2.8317070007 -4.2974147797
15.5185203552 -2.8456709385 -4.2969999313
15.5185203552 -2.8456704617 -4.2969999313
15.5185203552 -2.8456704617 -4.2969999313
15.5185203552 -2.8456704617 -4.2969999313
15.5185203552 -2.8456709385 -4.2969999313
15.5185203552 -2.8456704617 -4.2969999313
15.5185203552 -2.8456704617 -4.2969999313
15.5185203552 -2.8456709385 -4.2969999313
15.5185203552 -2.8456709385 -4.2969999313
15.5351400375 -2.8466773033 -4.2348361015
17.1955451965 -4.2791590691 -4.1825966835
17.0769348145 -4.3629860878 -4.0991883278
17.2454719543 -3.2339632511 -3.8334336281
17.1308250427 -3.7491300106 -3.7985694408
17.1143989563 -3.2901637554 -3.7895231247
17.4321823120 -2.3964250088 -3.5813672543
17.4969692230 -3.1529037952 -3.2046370506
18.5673255920 -0.6072887182 -2.9432911873
17.3903121948 -0.6566119194 -2.8245527744
17.3122367859 -0.6774302125 -2.8082778454
17.2843608856 -0.6526856422 -2.8075566292
17.2843608856 -0.6526856422 -2.8075566292
17.2812690735 -0.7395334244 -2.8055117130
17.5050544739 -0.6595395803 -2.7864513397
17.4820327759 -0.6407454610 -2.7858197689
17.2299652100 -3.1994338036 -2.7737915516
17.4304161072 -0.7086675167 -2.7700419426
17.3990478516 -0.6556189656 -2.7697832584
17.3990478516 -0.6556189656 -2.7697832584
17.3990478516 -0.6556189656 -2.7697832584
17.3990478516 -0.6556189656 -2.7697832584
17.3990478516 -0.6556189656 -2.7697832584
17.3990478516 -0.6556189656 -2.7697832584
17.3959369659 -0.7430206537 -2.7677252293
17.2930469513 -0.6516988277 -2.7531151772
17.2930469513 -0.6516988277 -2.7531151772
18.0196723938 -4.0487284660 -2.7496182919
17.5450210571 -0.7119169831 -2.7315776348
17.5136680603 -0.6585341096 -2.7313270569
17.5099220276 -0.7621262670 -2.7288851738
17.5099220276 -0.7621262670 -2.7288851738
17.4845275879 -1.2451834679 -2.7171394825
17.4076137543 -0.6546196342 -2.7149872780
17.4076137543 -0.6546196342 -2.7149872780
17.3845958710 -0.6359308362 -2.7143535614
17.4038848877 -0.7575954795 -2.7125597000
17.3329334259 -0.7034550309 -2.6989126205
17.3015556335 -0.6507053375 -2.6986470222
17.3015556335 -0.6507053971 -2.6986470222
17.0700016022 -2.9257779121 -2.6931271553
17.0708560944 -3.2358515263 -2.6863653660
17.5221061707 -0.6575222611 -2.6761763096
17.4256820679 -0.6074423790 -2.6616160870
17.4673519135 -0.2516624331 -2.6600215435
17.5010852814 -1.4667121172 -2.6461889744
17.3098945618 -0.6497057080 -2.6441528797
17.4099807739 -0.7100070715 -2.5924558640
17.2950515747 -0.6301106811 -2.5889976025
17.3187675476 -0.8417766690 -2.5854303837
17.3765964508 -0.9245632887 -2.5752804279
17.2035331726 -3.0498788357 -2.5317771435
17.0988426208 -3.0315175056 -2.5164775848
17.0377292633 -3.4535627365 -2.5044503212
17.5277423859 -1.0489286184 -2.4907798767
17.2424602509 -3.2741520405 -2.4843189716
17.2182445526 -3.1934628487 -2.4743654728
17.0952548981 -3.2744708061 -2.4563877583
17.2617568970 -1.6192795038 -2.4456231594
16.6041316986 1.4292389154 -1.8475230932
17.1642208099 -0.6153297424 -1.6532803774
15.6373291016 -0.3067738414 -1.6427845955
16.4041786194 1.2296614647 -1.5642513037
17.0437641144 0.1649749130 -1.5524805784
13.6276836395 0.5103189945 -1.5400601625
16.8053188324 -0.0964092910 -1.5262957811
17.2079429626 -0.7023910284 -1.4463721514
16.7654018402 -0.1146640852 -1.4184178114
15.4095630646 0.4453613162 -1.4170490503
16.6082363129 1.5905268192 -1.3920236826
16.4503250122 1.2572718859 -1.3737313747
16.4503231049 1.2572716475 -1.3737313747
16.4503250122 1.2572718859 -1.3737313747
16.4503250122 1.2572718859 -1.3737313747
16.4564552307 1.1748088598 -1.3722007275
16.4574890137 1.1601434946 -1.3719259501
11.7694272995 6.3410043716 -1.3637980223
13.6730165482 1.1234861612 -1.3576096296
13.8082857132 1.7168928385 -1.3490338326
17.1687602997 0.1708113104 -1.3477472067
13.8332033157 0.2414096147 -1.3455260992
13.7673721313 2.8196825981 -1.3223594427
16.4616088867 1.1614087820 -1.3199558258
16.4616088867 1.1614087820 -1.3199558258
13.2958040237 2.4796562195 -1.3167635202
13.5125627518 0.2358175367 -1.3144110441
14.0084791183 1.4547626972 -1.3081754446
16.3786773682 1.2472352982 -1.3076039553
13.9495658875 1.7160559893 -1.3064144850
13.5442304611 0.9805667996 -1.3003009558
13.8532352448 1.6224029064 -1.2951723337
17.0391960144 0.2411552072 -1.2864049673
16.2017192841 0.6448879838 -1.2863701582
17.0284767151 0.2011902481 -1.2850424051
13.6234664917 0.2386506349 -1.2824683189
15.6924552917 -0.5069268942 -1.2700879574
16.4575748444 1.2127734423 -1.2623913288
17.1240196228 1.1190786362 -1.2616341114
16.3888320923 1.2966604233 -1.2611145973
16.6662311554 0.3525379300 -1.2593023777
16.6708774567 -0.1105393767 -1.2525156736
13.3384428024 1.1008107662 -1.2459310293
16.2294445038 -1.2724312544 -1.2455759048
17.1394958496 0.2036504149 -1.2394317389
17.1518096924 0.1098528951 -1.2379328012
17.1026554108 0.1224160939 -1.2359797955
17.1759777069 1.5858693123 -1.2335824966
16.9943771362 0.2215372920 -1.2304180861
17.1844863892 -0.2238860279 -1.2292679548
17.1252651215 -0.4577872455 -1.2271062136
17.0784530640 0.0091344425 -1.2267447710
16.9625663757 0.1710390896 -1.2250417471
16.7380409241 0.5935636163 -1.2184761763
16.4374065399 1.2205828428 -1.2129451036
16.5434761047 0.5332155824 -1.2026784420
18.4788875580 -1.1979477406 -1.2020926476
17.0451831818 0.1632166356 -1.1887189150
17.0124797821 0.0968407989 -1.1832031012
16.5296249390 1.3103502989 -1.1801953316
13.6076936722 1.1917117834 -1.1792219877
16.4228305817 1.3019405603 -1.1725919247
16.3572044373 1.2070763111 -1.1649587154
13.7340059280 -0.6178485751 -1.1535731554
13.4863719940 0.4660644829 -1.1494940519
17.1594161987 0.1817022711 -1.1478382349
17.1595878601 0.1664332151 -1.1475111246
17.1595878601 0.1664332151 -1.1475111246
17.1595878601 0.1664332151 -1.1475111246
17.1595878601 0.1664332151 -1.1475111246
17.1595878601 0.1664332151 -1.1475111246
17.1937999725 0.0131611601 -1.1457005739
17.0603847504 0.1769252867 -1.1409989595
17.0861225128 0.1136008129 -1.1407768726
16.9532356262 0.1758214533 -1.1338721514
16.5569744110 1.1912375689 -1.1314430237
17.2186565399 -0.6469115019 -1.1301058531
16.9772014618 0.1097639054 -1.1290204525
16.5271759033 1.2236438990 -1.1285580397
13.7899866104 0.3151009977 -1.1253873110
16.3681468964 1.2661901712 -1.1200364828
16.4198131561 1.2157809734 -1.1190285683
17.7404537201 -0.2200513184 -1.1188180447
16.3534946442 1.3239142895 -1.1183934212
11.7442960739 6.2095971107 -1.1050777435
16.2054061890 0.7708489299 -1.0973048210
13.6173725128 1.1697912216 -1.0969203711
17.1630821228 0.1676293314 -1.0934954882
17.1630821228 0.1676293910 -1.0934954882
17.1630821228 0.1676293314 -1.0934954882
17.1630821228 0.1676293910 -1.0934954882
17.1630821228 0.1676293910 -1.0934954882
13.5888023376 1.1213338375 -1.0910707712
13.8168821335 0.3984992504 -1.0890493393
17.0855827332 0.0082254289 -1.0845736265
16.4783401489 1.2755378485 -1.0752768517
13.6001853943 0.4717121422 -1.0738476515
17.0281429291 -0.4518267810 -1.0718793869
16.4736900330 1.2049793005 -1.0716062784
16.4629096985 1.1985193491 -1.0709758997
17.1150188446 -0.6417946815 -1.0697394609
16.6465034485 0.5635065436 -1.0691967010
13.2109842300 1.2153419256 -1.0690205097
16.9785614014 -0.4187627733 -1.0684444904
16.3560199738 1.1908222437 -1.0640487671
13.9245052338 0.4837982655 -1.0557438135
17.2721652985 0.2716371119 -1.0480985641
16.6954269409 -0.7721762061 -1.0440323353
13.8545560837 -0.5380410552 -1.0333203077
17.0592308044 0.1677827090 -1.0330076218
17.0592308044 0.1677826494 -1.0330076218
16.5891437531 1.1759157181 -1.0274871588
16.5891437531 1.1759157181 -1.0274871588
16.9811878204 0.1092557162 -1.0266059637
16.4969501495 1.3392637968 -1.0253102779
16.4655971527 1.0564843416 -1.0176867247
16.8766574860 0.1113795340 -1.0171743631
17.0904865265 -0.6438933611 -1.0150430202
13.5621538162 1.2437311411 -1.0096054077
13.5724964142 1.1244453192 -1.0074580908
16.0224800110 -0.3865300715 -1.0066831112
16.0114822388 -0.4228513837 -1.0034756660
15.9518375397 -0.4697379768 -1.0016554594
15.9043312073 -0.4200386107 -0.9967671633
13.4963760376 1.8469489813 -0.9874369502
13.5069341660 1.7669701576 -0.9861615300
16.6918926239 1.2829905748 -0.9831979871
16.6918907166 1.2829904556 -0.9831979275
13.2585229874 1.0199186802 -0.9824510813
13.2585229874 1.0199186802 -0.9824510813
13.2585229874 1.0199186802 -0.9824510813
16.6980915070 1.1994301081 -0.9816463590
13.2643117905 0.9413273931 -0.9809898138
17.0623722076 0.1689683199 -0.9793028235
17.0623722076 0.1689683199 -0.9793028235
17.0623722076 0.1689683199 -0.9793028235
16.5850105286 1.2749155760 -0.9769280553
16.5911846161 1.1918809414 -0.9753867388
13.5747728348 1.1252204180 -0.9751620293
13.5747728348 1.1252201796 -0.9751620293
13.5747728348 1.1252204180 -0.9751620293
16.5922145844 1.1771136522 -0.9751096368
16.5922107697 1.1771134138 -0.9751094580
16.1778144836 -0.2373484969 -0.9715237021
16.2933197021 -0.7195298672 -0.9661849141
16.4298648834 1.2194262743 -0.9661828279
16.0855484009 -0.4673991501 -0.9575559497
11.6652278900 6.4636049271 -0.9557132721
16.0605716705 -0.4327086806 -0.9556046724
16.0500431061 -0.5073034763 -0.9550710320
15.9783811569 -0.4643124938 -0.9511852264
13.2607460022 1.0206714869 -0.9509001970
13.5098457336 1.7680386305 -0.9430925250
18.7744712830 -0.6585303545 -0.9403361082
16.7538909912 1.4961905479 -0.9359781742
16.6948127747 1.2841875553 -0.9304792285
16.7020645142 1.1857637167 -0.9286493659
17.0653495789 0.1701524854 -0.9255886674
17.0653495789 0.1701524258 -0.9255886674
17.0653495789 0.1701524258 -0.9255886674
17.0653495789 0.1701524854 -0.9255886674
17.0653495789 0.1701524854 -0.9255886674
16.5879192352 1.2761054039 -0.9245411158
16.5879192352 1.2761054039 -0.9245411158
16.1203861237 -0.4964521229 -0.9107773304
16.8222045898 -0.0284349285 -0.9056367874
15.9490499496 -0.3788010180 -0.9018483758
15.9131927490 -0.3906604350 -0.9012097120
15.9212932587 -0.3818341792 -0.9005233645
15.9562911987 -0.4287589788 -0.8998337984
15.8741073608 -0.4601603448 -0.8954191208
15.8141012192 -0.3793007433 -0.8944720626
15.8491010666 -0.4258832335 -0.8937900662
15.7716894150 -0.4331698120 -0.8926149011
13.5804758072 1.1272579432 -0.8890135884
14.3219203949 0.8879526258 -0.8804692030
16.6975669861 1.2853721380 -0.8777512908
16.7048206329 1.1869456768 -0.8759213090
17.0679893494 0.1865132302 -0.8721905947
16.9355430603 0.2883233428 -0.8678368330
16.9317474365 0.1032886580 -0.8618604541
13.5152769089 1.7701258659 -0.8569276929
16.0184669495 -0.3978202939 -0.8565231562
16.0431327820 -0.5077188611 -0.8552311063
15.9054203033 -0.4230201542 -0.8490161300
15.8816356659 -0.4349662066 -0.8485903144
15.8445940018 -0.3752138615 -0.8463923335
15.8534212112 -0.4634261727 -0.8457724452
15.7491712570 -0.3370867968 -0.8429023623
17.3925476074 0.1757272929 -0.8335394859
13.5809068680 0.5227876306 -0.8293867111
16.7001609802 1.2865442038 -0.8250148296
16.7001609802 1.2865442038 -0.8250148296
16.5848846436 1.3481658697 -0.8206412196
16.5932369232 1.2784470320 -0.8197401762
16.0755157471 -0.4223826826 -0.8086020350
15.9914550781 -0.4367442727 -0.8038940430
15.9682979584 -0.4196276963 -0.8032194972
15.9138946533 -0.3941223621 -0.8007304072
16.0525436401 3.2483396530 -0.7990203500
15.8846158981 -0.4197331667 -0.7988412976
15.8842535019 -0.4338767827 -0.7985146642
15.8842535019 -0.4338767827 -0.7985146642
15.8842535019 -0.4338767827 -0.7985146642
15.8842535019 -0.4338767827 -0.7985146642
15.8842535019 -0.4338767827 -0.7985146642
15.8842535019 -0.4338767827 -0.7985146642
15.8842535019 -0.4338767827 -0.7985146642
15.8842535019 -0.4338767827 -0.7985146642
15.8842535019 -0.4338767827 -0.7985146642
15.8610877991 -0.4168730080 -0.7978373170
15.8008041382 -0.4191378951 -0.7938905358
15.7854413986 -0.4204167128 -0.7937480211
16.6028270721 1.6483845711 -0.7888779044
16.5109367371 1.2725536823 -0.7764690518
13.2572145462 0.2555394471 -0.7637892962
16.2106208801 0.3877897263 -0.7434486151
16.5803260803 1.3110013008 -0.7412970662
16.9292964935 0.1300470531 -0.7307183146
16.8687477112 0.0841823742 -0.7267179489
16.2119560242 0.4030549526 -0.7054311037
16.2123107910 0.3886290789 -0.7051308155
16.2123107910 0.3886290789 -0.7051308155
16.2123107910 0.3886290789 -0.7051308155
16.2123088837 0.3886290491 -0.7051306963
16.2123088837 0.3886290491 -0.7051306963
16.9693984985 0.1743713468 -0.6794648767
13.9236307144 1.7898834944 -0.6705141664
16.6296119690 1.3298077583 -0.6386011839
16.4231700897 1.2164140940 -0.6285838485
13.2794466019 1.0281274319 -0.6246016622
16.9719429016 0.2766192257 -0.5747362375
16.9736614227 0.2777794302 -0.5212989450
13.8790006638 1.6307530403 -0.3664492071
16.8506374359 1.6251175404 -0.3501733243
16.8234958649 1.3049637079 -0.3390945196
16.7527084351 1.2460958958 -0.3374206424
16.8244323730 1.3060157299 -0.2859679461
16.7809066772 2.2540018559 -0.2515989244
16.8252048492 1.3070552349 -0.2328385711
22.6748943329 -4.6447620392 -1.8363542557
22.6808338165 -4.6437025070 -1.7638620138
23.4349594116 -4.5444555283 -1.7414017916
19.1419029236 15.8520669937 -1.7385387421
19.0173988342 15.8012418747 -1.7317793369
19.0191249847 15.7036342621 -1.7274720669
22.6595878601 -4.7757196426 -1.6872106791
23.5680942535 -4.6267151833 -1.6841400862
22.6645488739 -4.5771169662 -1.6813169718
23.5800933838 -4.7046403885 -1.6766569614
23.5457420349 -4.5636391640 -1.6750329733
19.2681522369 15.8918495178 -1.6695708036
23.4750156403 -4.6837348938 -1.6691924334
19.2456855774 15.7770709991 -1.6641225815
19.1852855682 15.8239345551 -1.6624120474
19.1050014496 15.8717145920 -1.6617323160
19.1050014496 15.8717145920 -1.6617323160
19.1049995422 15.8717107773 -1.6617321968
19.1049995422 15.8717107773 -1.6617321968
19.1068286896 15.7739686966 -1.6577591896
19.0220527649 15.8038864136 -1.6545718908
19.0220527649 15.8038864136 -1.6545718908
19.0220527649 15.8038825989 -1.6545717716
19.0220527649 15.8038825989 -1.6545717716
19.0220527649 15.8038825989 -1.6545717716
22.6923675537 -4.5975813866 -1.6134855747
23.6425647736 -4.8309068680 -1.6103982925
23.6425647736 -4.8309068680 -1.6103982925
23.5735740662 -4.6254630089 -1.6089497805
23.5735740662 -4.6254630089 -1.6089497805
23.5735740662 -4.6254630089 -1.6089497805
23.5735740662 -4.6254630089 -1.6089497805
23.5735740662 -4.6254639626 -1.6089496613
23.5735740662 -4.6254639626 -1.6089496613
23.5735740662 -4.6254639626 -1.6089496613
23.6144886017 -4.9695296288 -1.6060850620
23.6144886017 -4.9695296288 -1.6060850620
23.6138229370 -4.8919243813 -1.6049304008
23.4851036072 -4.6759533882 -1.6010047197
23.6056251526 -4.9701499939 -1.6000164747
23.5103836060 -4.7882595062 -1.5996878147
23.5379772186 -4.7658014297 -1.5986046791
23.4895648956 -4.6914343834 -1.5980408192
23.4324474335 -4.6301250458 -1.5967959166
23.4403915405 -4.6663236618 -1.5963622332
23.4598140717 -4.6082777977 -1.5956892967
19.3332176208 15.8472881317 -1.5937299728
19.2338237762 15.9252691269 -1.5909340382
19.2397060394 15.8588047028 -1.5881632566
19.1328468323 15.9266366959 -1.5863860846
19.0395221710 16.0311851501 -1.5844479799
19.1094913483 15.8742141724 -1.5841774940
19.1094913483 15.8742141724 -1.5841774940
19.1094894409 15.8742122650 -1.5841773748
19.1094894409 15.8742122650 -1.5841773748
19.1094894409 15.8742122650 -1.5841773748
19.1094894409 15.8742122650 -1.5841773748
19.0664653778 15.9407043457 -1.5836850405
23.1528263092 -4.5439720154 -1.5803550482
19.0265369415 15.8063735962 -1.5773489475
19.0265369415 15.8063697815 -1.5773488283
19.0265369415 15.8063697815 -1.5773488283
18.9837379456 15.8725719452 -1.5768604279
19.0822582245 15.7391309738 -1.5768207312
23.5775241852 -4.6244916916 -1.5525463820
23.5775241852 -4.6244926453 -1.5525463820
23.5941829681 -4.6956734657 -1.5517404079
22.7492103577 -4.5311584473 -1.5510309935
23.6184673309 -4.9685745239 -1.5494333506
23.6184673309 -4.9685735703 -1.5494333506
23.6184673309 -4.9685735703 -1.5494333506
23.6184673309 -4.9685745239 -1.5494333506
23.5599975586 -4.7465391159 -1.5490750074
23.5986156464 -4.7113165855 -1.5490210056
23.5963535309 -4.9434385300 -1.5489820242
23.6463470459 -4.9328694344 -1.5489032269
23.5622386932 -4.6770033836 -1.5481244326
23.5847721100 -4.8645753860 -1.5476093292
23.5456600189 -4.7879180908 -1.5475174189
23.5494575500 -4.6860923767 -1.5473456383
23.5611381531 -4.8419899940 -1.5470331907
23.5194549561 -4.7837114334 -1.5464216471
23.5692672729 -4.7737154961 -1.5463218689
23.4763088226 -4.5833349228 -1.5462830067
23.4723243713 -4.6041254997 -1.5456463099
23.4723243713 -4.6041254997 -1.5456463099
23.4723243713 -4.6041254997 -1.5456463099
23.4723243713 -4.6041254997 -1.5456463099
23.4723243713 -4.6041254997 -1.5456463099
23.4723243713 -4.6041254997 -1.5456463099
23.4723243713 -4.6041254997 -1.5456463099
22.7474021912 -4.9287872314 -1.5450545549
23.5072822571 -4.7056450844 -1.5450046062
23.4835186005 -4.6831336021 -1.5444209576
23.5226268768 -4.6861147881 -1.5435514450
23.4570865631 -4.6563153267 -1.5412335396
23.4143848419 -4.7626414299 -1.5395427942
23.4641914368 -4.7526030540 -1.5394438505
23.4174861908 -4.6652951241 -1.5366640091
22.7166500092 -4.9035806656 -1.5357334614
23.3883571625 -4.6696400642 -1.5352480412
23.2263584137 -4.7452268600 -1.5262457132
23.1566982269 -4.5430202484 -1.5249452591
23.1566982269 -4.5430197716 -1.5249452591
23.2316665649 -4.5004944801 -1.5241222382
24.8357982635 -2.4290983677 -1.5201708078
19.2598457336 15.9684066772 -1.5152431726
19.1955699921 15.9592504501 -1.5108810663
19.1447544098 15.9591922760 -1.5085759163
19.1695270538 15.8093175888 -1.5064120293
19.0999393463 15.8935451508 -1.5063515902
19.0921669006 15.9110527039 -1.5051358938
19.0543556213 15.8609056473 -1.5023218393
19.0384235382 15.9410114288 -1.5021092892
19.0622920990 15.8906955719 -1.5020878315
19.0308189392 15.8087072372 -1.5001100302
18.9798278809 15.8221960068 -1.4955997467
22.7011299133 -4.6393275261 -1.4918698072
23.6450157166 -4.8345232010 -1.4755232334
23.6053161621 -4.8431329727 -1.4712898731
23.4773693085 -4.6027998924 -1.4707601070
23.4773693085 -4.6028008461 -1.4707601070
23.4599456787 -4.7243208885 -1.4673049450
23.4414901733 -4.7862734795 -1.4651094675
23.4071846008 -4.6835198402 -1.4635629654
23.2669219971 -4.5620746613 -1.4576227665
23.2669219971 -4.5620746613 -1.4576227665
23.2669219971 -4.5620756149 -1.4576226473
19.2870063782 -2.6573891640 -1.4550743103
23.2583007812 -4.5648994446 -1.4526803493
23.2313632965 -4.7439270020 -1.4520221949
23.1616802216 -4.5417132378 -1.4510531425
23.1616802216 -4.5417141914 -1.4510531425
23.1616802216 -4.5417132378 -1.4510531425
19.1812992096 15.9023466110 -1.4314990044
19.1171875000 15.8929357529 -1.4274712801
19.0211257935 15.8278064728 -1.4226024151
19.0136184692 15.8449382782 -1.4217231274
22.7100353241 -4.6179389954 -1.4199260473
22.5303382874 -4.4195375443 -1.4116410017
22.5303382874 -4.4195384979 -1.4116410017
22.5303382874 -4.4195384979 -1.4116410017
22.4998703003 -4.5757765770 -1.4068330526
22.4736251831 -4.5717525482 -1.4057314396
22.4378890991 -4.4713544846 -1.3995789289
23.2716960907 -4.5607185364 -1.3833850622
23.2716960907 -4.5607185364 -1.3833850622
23.2716960907 -4.5607185364 -1.3833850622
23.2716960907 -4.5607185364 -1.3833850622
23.2699699402 -4.4853911400 -1.3830466270
23.2496738434 -4.5359520912 -1.3829298019
23.2885322571 -4.6309676170 -1.3826075792
23.2361392975 -4.7425813675 -1.3777843714
23.1703777313 -4.5198440552 -1.3777757883
20.2195568085 -2.0536816120 -1.3639087677
22.8320751190 -4.7268018723 -1.3521623611
22.6652679443 -4.3056635857 -1.3500118256
19.1013412476 15.8610658646 -1.3494794369
22.7928371429 -4.7715020180 -1.3494031429
19.0665931702 15.9116230011 -1.3490128517
22.6402091980 -4.4385795593 -1.3459606171
22.7405071259 -4.6746768951 -1.3453297615
19.0385856628 15.8264522552 -1.3447110653
22.6421337128 -4.2445306778 -1.3445671797
22.5349597931 -4.4182224274 -1.3397232294
22.5349597931 -4.4182224274 -1.3397232294
22.5367507935 -4.2247891426 -1.3383101225
22.5143718719 -4.3006911278 -1.3375431299
22.5005187988 -4.5944032669 -1.3342976570
22.5005187988 -4.5944032669 -1.3342976570
22.5005187988 -4.5944032669 -1.3342976570
22.4515686035 -4.4795446396 -1.3307731152
23.5514011383 -4.5630049706 -1.3231077194
23.2562236786 -4.4392681122 -1.3076999187
23.2447929382 -4.7206106186 -1.3041706085
19.0674915314 -4.3214445114 -1.2926074266
19.0398674011 -4.2837367058 -1.2865288258
19.0615119934 -4.3439650536 -1.2861890793
22.6446399689 -4.4372153282 -1.2736988068
22.6446418762 -4.4372158051 -1.2736988068
22.6102066040 -4.1837902069 -1.2729567289
22.6240997314 -4.3193306923 -1.2721935511
22.5950756073 -4.3235354424 -1.2707854509
22.5881252289 -4.4392585754 -1.2679324150
22.5566253662 -4.4849314690 -1.2670820951
22.5308074951 -4.4183592796 -1.2642123699
22.5117969513 -4.4749288559 -1.2636893988
22.5323505402 -4.5586795807 -1.2627844810
22.5049266815 -4.5930547714 -1.2623668909
22.4828777313 -4.4187130928 -1.2620315552
22.4341125488 -4.3965172768 -1.2618871927
22.4341125488 -4.3965163231 -1.2618871927
22.5214157104 -4.7783617973 -1.2590502501
22.4872741699 -4.7096099854 -1.2590101957
22.4255580902 -4.3978152275 -1.2583115101
19.2986869812 -4.2786359787 -1.2578972578
22.4065799713 -4.4542231560 -1.2577936649
22.4435310364 -4.6250557899 -1.2573018074
22.4037837982 -4.5520505905 -1.2571010590
22.3998146057 -4.5718927383 -1.2564858198
22.3775272369 -4.5480446815 -1.2559984922
22.4623470306 -4.7727746964 -1.2549149990
22.3822669983 -4.6879158020 -1.2531456947
19.1940326691 -4.2555122375 -1.2510824203
22.3115158081 -4.7343411446 -1.2473400831
19.0342750549 -4.3927130699 -1.2434076071
18.9903049469 15.8465070724 -1.2085174322
22.6488456726 -4.4358110428 -1.2014241219
22.6211967468 -4.4942398071 -1.1976419687
22.5091190338 -4.5916628838 -1.1904240847
22.4382820129 -4.3951220512 -1.1902759075
22.4382820129 -4.3951220512 -1.1902759075
22.4555969238 -4.4628791809 -1.1895748377
22.4501113892 -4.4706735611 -1.1891552210
22.4313640594 -4.5362038612 -1.1856209040
22.5434265137 -4.9252042770 -1.1846641302
22.3974456787 -4.5750522614 -1.1832311153
19.0463657379 -4.4622535706 -1.1809188128
19.2880420685 -4.3652253151 -1.1363126040
19.2850036621 -4.3962211609 -1.1354950666
22.6779060364 -4.3014302254 -1.1331903934
19.1638679504 -4.3146748543 -1.1298793554
19.2123641968 -4.3280019760 -1.1298735142
19.1804065704 -4.3727183342 -1.1293561459
19.1556644440 -4.3042626381 -1.1259113550
19.1027278900 -4.3369927406 -1.1247056723
22.6182365417 -4.6113739014 -1.1236872673
19.1100006104 -4.3516774178 -1.1228011847
22.5593109131 -4.4899244308 -1.1227649450
19.0226383209 -4.3055477142 -1.1198520660
22.4073200226 -4.1420774460 -1.1198447943
22.4422359467 -4.3936867714 -1.1186531782
22.4422359467 -4.3936877251 -1.1186531782
22.3924274445 -4.2807145119 -1.1170436144
22.4079437256 -4.5690751076 -1.1132518053
22.4079437256 -4.5690751076 -1.1132518053
22.4079437256 -4.5690760612 -1.1132518053
19.3934192657 -4.4185776711 -1.0793155432
19.2723197937 -4.3367242813 -1.0740407705
19.2490139008 -4.3161568642 -1.0734351873
19.2571945190 -4.3733835220 -1.0709713697
19.2640552521 -4.3265185356 -1.0707305670
19.2471084595 -4.4499759674 -1.0704138279
19.2471084595 -4.4499759674 -1.0704138279
19.1841049194 -4.2629284859 -1.0700801611
19.1871833801 -4.3407511711 -1.0685129166
19.1676425934 -4.3135385513 -1.0682238340
19.1443061829 -4.2930812836 -1.0676145554
19.1425533295 -4.4261832237 -1.0646158457
19.1425514221 -4.4261827469 -1.0646157265
19.1425514221 -4.4261827469 -1.0646157265
19.1399021149 -4.3573331833 -1.0644259453
19.1634426117 -4.4897332191 -1.0625894070
19.1271171570 -4.4618468285 -1.0615540743
19.0844841003 -4.3541502953 -1.0604035854
22.3620471954 -4.0902261734 -1.0486738682
22.4251480103 -4.2750806808 -1.0474803448
22.3627223969 -4.1682891846 -1.0469923019
22.2569675446 -4.7881159782 -1.0291854143
19.3844184875 -4.3415198326 -1.0180779696
19.3587436676 -4.2874698639 -1.0143580437
19.2924652100 -4.2846503258 -1.0139092207
19.2759323120 -4.3355412483 -1.0120435953
19.2759323120 -4.3355412483 -1.0120435953
19.2759323120 -4.3355402946 -1.0120435953
19.2545719147 -4.4317083359 -1.0089659691
19.2507190704 -4.4487967491 -1.0084165335
19.2147121429 -4.3581151962 -1.0075256824
19.2714881897 -4.5128221512 -1.0067067146
19.1712284088 -4.3123612404 -1.0065578222
19.2207660675 -4.4128513336 -1.0041054487
19.1499843597 -4.4080128670 -1.0034967661
19.1461486816 -4.4250102043 -1.0029500723
19.1461505890 -4.4250116348 -1.0029500723
19.1461505890 -4.4250116348 -1.0029500723
19.1644897461 -4.4274506569 -1.0024809837
22.7089843750 -4.1256270409 -0.9929539561
22.4431858063 -4.1980905533 -0.9785658121
22.3441505432 -4.3703680038 -0.9707962871
22.3293151855 -4.4191279411 -0.9688047767
22.3100204468 -4.5449514389 -0.9654198885
19.3840770721 -4.3574881554 -0.9551905394
19.3840770721 -4.3574886322 -0.9551904798
19.2793579102 -4.3343148232 -0.9500365853
19.2541351318 -4.4475746155 -0.9464089274
19.2252883911 -4.3718132973 -0.9449335933
19.1495513916 -4.4237937927 -0.9412744045
22.3640060425 -4.4366536140 -0.9166142941
22.3585357666 -4.4444174767 -0.9161959887
22.3125057220 -4.5437898636 -0.9119296670
22.3125038147 -4.5437889099 -0.9119295478
22.3125038147 -4.5437889099 -0.9119295478
22.2901897430 -4.5200510025 -0.9114385247
22.2073173523 -4.5226612091 -0.9076241255
22.2073154449 -4.5226602554 -0.9076240063
22.1849918365 -4.6331739426 -0.9041881561
16.1836814880 -11.5177879333 -0.8986331820
19.3802490234 -4.4728069305 -0.8893823624
19.2459030151 -4.3475284576 -0.8854571581
19.2547245026 -4.3772230148 -0.8852058649
19.2756614685 -4.4488983154 -0.8845829964
19.2573719025 -4.4463095665 -0.8843926787
22.3761749268 -4.3346052170 -0.8660252094
22.3490009308 -4.3680219650 -0.8638108373
22.2563152313 -4.4189577103 -0.8592398763
22.2610664368 -4.4148435593 -0.8590466976
22.3148708344 -4.5426049232 -0.8584344983
22.3148708344 -4.5426049232 -0.8584344983
22.3148689270 -4.5426039696 -0.8584344387
22.3148689270 -4.5426039696 -0.8584344387
22.1382732391 -4.3273978233 -0.8556469679
22.2096710205 -4.5214819908 -0.8543777466
22.2096710205 -4.5214819908 -0.8543777466
22.2096691132 -4.5214810371 -0.8543776870
22.1873340607 -4.4978513718 -0.8538833857
22.1044712067 -4.5003547668 -0.8503211141
19.3903923035 -4.3548974991 -0.8304858208
19.3290748596 -4.3777346611 -0.8269556165
22.3761539459 -4.1944508553 -0.7985087037
22.2126159668 -4.5198707581 -0.7833752036
22.2126140594 -4.5198698044 -0.7833750844
22.2126140594 -4.5198698044 -0.7833750844
19.3946323395 -4.3528447151 -0.7369358540
22.3046627045 -4.2521963120 -0.7231633067
22.2612819672 -4.4193081856 -0.7166168690
22.6734333038 -4.4239144325 -0.6590446830
22.3002376556 -4.4724435806 -0.6485435367
22.1949768066 -4.4513487816 -0.6454811096
16.1823825836 -11.6188249588 -0.5876713395
15.3168449402 -12.7760162354 -0.5852411985
22.3384666443 -4.2446413040 -0.5831925869
16.0188331604 -11.7100200653 -0.5776743293
19.0644302368 -4.3896059990 -0.4758090973
19.0662517548 -4.3880395889 -0.4144070446
19.0678691864 -4.3864297867 -0.3529999852
19.0443763733 -4.3661098480 -0.3523804843
18.7380161285 -4.9299287796 -0.2749224603
18.8198261261 -5.0847377777 -0.2700816393
18.7556438446 -4.9101037979 -0.2281963825
18.8138370514 -5.0650119781 -0.2274372280
18.8502845764 -5.0335617065 -0.2269528955
25.2863101959 -5.4161839485 -2.0375781059
25.6816844940 -2.1710605621 -1.7404111624
25.4710941315 -4.1996746063 -1.5254381895
25.6386947632 -2.0974304676 -1.4181931019
25.6105537415 -2.2998552322 -1.4112304449
26.3676280975 -4.9918789864 -1.3173390627
26.6077728271 -3.9373621941 -1.1199651957
27.1776924133 -2.3505449295 -0.7777840495
26.9691390991 -4.1632986069 -0.6399499178
25.6608715057 -4.1793961525 -0.5240085721
32.3734245300 -7.0525021553 -0.4367954135
26.1620063782 -4.3227858543 -0.3846522868
31.2950363159 -10.8408412933 -0.3821174502
31.0895156860 -11.1459712982 -0.3686847687
31.0849533081 -11.0254688263 -0.2968964279
31.1378364563 -11.0616140366 -0.2956746817
32.5844917297 -5.6029710770 -0.2790291607
32.6975364685 -5.5303702354 -0.2787636518
26.3583889008 -6.8969335556 -0.2350317836
32.4818000793 -7.0694336891 -0.2317360789
48.5520896912 10.6925992966 -3.4805636406
33.4266166687 26.5660743713 -3.1264443398
33.3510208130 26.5042247772 -2.9867498875
33.2670974731 26.4376296997 -2.9792397022
33.5626144409 27.9770431519 -2.9178774357
40.0641479492 1.1189556122 -2.9070773125
40.9300689697 1.1449533701 -2.8735361099
33.3295288086 27.1259498596 -2.8732976913
33.3210792542 26.9134082794 -2.8682529926
33.1868591309 26.9590034485 -2.8631680012
33.5556373596 26.3841476440 -2.8629634380
33.6640243530 26.1609058380 -2.8610689640
33.2643585205 26.7882461548 -2.8605327606
33.3395423889 26.5507450104 -2.8587324619
33.5793914795 26.0951709747 -2.8538780212
33.1807098389 26.7212677002 -2.8533592224
32.9174232483 26.2663669586 -2.8204154968
32.6504516602 26.3750877380 -2.8106961250
32.5170516968 26.4197978973 -2.8056287766
32.5124282837 26.4255561829 -2.8055455685
34.1959877014 27.1722831726 -2.7928419113
33.3834457397 27.0186042786 -2.7399556637
33.4217033386 26.9186134338 -2.7394971848
33.3922538757 26.9299926758 -2.7384116650
33.3549690247 26.9652690887 -2.7374947071
33.4992332458 26.5900783539 -2.7338206768
33.5020980835 26.4913654327 -2.7302060127
33.1945724487 26.9632797241 -2.7301793098
33.1898574829 26.9691448212 -2.7300941944
33.4151725769 26.5235977173 -2.7269721031
33.3472442627 26.5550003052 -2.7261607647
33.3472442627 26.5550003052 -2.7261607647
33.3472442627 26.5550003052 -2.7261607647
33.3472442627 26.5549964905 -2.7261607647
33.3472442627 26.5549964905 -2.7261607647
33.3472442627 26.5549964905 -2.7261607647
33.3472442627 26.5549964905 -2.7261607647
33.3240509033 26.5844402313 -2.7257549763
33.4179649353 26.4249706268 -2.7233557701
33.2196540833 26.7316417694 -2.7226705551
33.2631225586 26.4886054993 -2.7193109989
33.2631225586 26.4886054993 -2.7193109989
33.2631225586 26.4886035919 -2.7193109989
33.2631225586 26.4886035919 -2.7193109989
33.2631225586 26.4886035919 -2.7193109989
33.2631225586 26.4886035919 -2.7193109989
33.2631225586 26.4886035919 -2.7193109989
33.2631225586 26.4886054993 -2.7193109989
33.2399787903 26.5179634094 -2.7189056873
33.1047210693 26.6585292816 -2.7142765522
33.0523452759 26.5976371765 -2.7089869976
39.9537925720 2.3740458488 -2.7052402496
32.7142562866 26.4782085419 -2.6850869656
32.7509117126 26.3802127838 -2.6845996380
32.7322616577 26.3892726898 -2.6839528084
35.4145393372 25.7189731598 -2.6801061630
32.5163650513 26.6444511414 -2.6797614098
32.7368240356 26.1577358246 -2.6790814400
40.1031455994 0.6203743815 -2.6784465313
32.5245971680 26.4239921570 -2.6752994061
32.5245971680 26.4239921570 -2.6752994061
32.5245933533 26.4239902496 -2.6752991676
40.9578170776 1.2012927532 -2.6198623180
33.4101982117 26.9318599701 -2.6058275700
33.6550369263 26.4585018158 -2.6049785614
33.2066764832 26.9614334106 -2.5972492695
33.2019615173 26.9673004150 -2.5971641541
33.2019615173 26.9672985077 -2.5971641541
33.2019615173 26.9672985077 -2.5971641541
33.2019615173 26.9672985077 -2.5971641541
33.2019615173 26.9672985077 -2.5971641541
33.3106880188 26.8026409149 -2.5969145298
33.1595878601 27.0200233459 -2.5963993073
33.3546295166 26.5589904785 -2.5935628414
33.3546295166 26.5589942932 -2.5935628414
33.2704887390 26.4925918579 -2.5870447159
33.2704887390 26.4925899506 -2.5870447159
33.3411483765 26.3625354767 -2.5849015713
33.1433334351 26.6686210632 -2.5838935375
38.7227783203 0.1699284762 -2.5741510391
39.8077354431 1.9796826839 -2.5652751923
40.0981864929 1.1762459278 -2.5649938583
32.6921920776 26.4298629761 -2.5522568226
32.5364875793 26.4221839905 -2.5450291634
32.5318565369 26.4279289246 -2.5449454784
32.5318527222 26.4279251099 -2.5449452400
32.5318527222 26.4279251099 -2.5449452400
32.5318527222 26.4279251099 -2.5449452400
39.8537750244 0.8063266277 -2.5416281223
40.9550361633 1.5155167580 -2.4985330105
40.9550361633 1.5155167580 -2.4985330105
33.6036224365 26.7297229767 -2.4767208099
33.2090377808 26.9710559845 -2.4641242027
40.0295028687 1.9930890799 -2.4540822506
38.7038307190 0.1495872438 -2.4540545940
38.7038307190 0.1495872438 -2.4540545940
40.0954627991 1.4839246273 -2.4461922646
40.0954627991 1.4839246273 -2.4461922646
39.9336318970 1.7547050714 -2.4429278374
40.1474075317 1.0776504278 -2.4393498898
40.0966873169 0.8122580051 -2.4296500683
40.0477752686 0.7637371421 -2.4263684750
39.9446716309 0.5290023088 -2.4149658680
39.2359008789 1.4523316622 -2.3938519955
42.4685707092 16.3436107635 -2.3903663158
42.4685707092 16.3436107635 -2.3903663158
42.4685668945 16.3436088562 -2.3903660774
42.4185218811 16.4061927795 -2.3892204762
42.4309883118 16.3114509583 -2.3874583244
42.3903312683 16.3222198486 -2.3858513832
42.3061103821 16.5071334839 -2.3858389854
42.2650604248 16.3952693939 -2.3815245628
42.2901954651 16.2838134766 -2.3802196980
42.2061729431 16.4681987762 -2.3802049160
40.9625053406 1.5183819532 -2.3708338737
40.9733772278 1.1997917891 -2.3643393517
38.6379127502 0.0359777659 -2.3259518147
40.0833244324 1.4860135317 -2.3200294971
40.2930946350 0.8663325310 -2.3171958923
42.5360412598 16.3521995544 -2.2871053219
32.7057991028 26.1984252930 -2.2862460613
42.3781356812 16.5933151245 -2.2852344513
42.3633766174 16.4555835724 -2.2815444469
42.3699989319 16.4363021851 -2.2814218998
42.3590698242 16.3449878693 -2.2789237499
42.3733177185 16.3076953888 -2.2787518501
42.3233337402 16.3700294495 -2.2778527737
42.3048171997 16.3592052460 -2.2767758369
40.6181983948 3.7335307598 -2.2757019997
42.2581176758 16.2990093231 -2.2733383179
42.2232322693 16.3315143585 -2.2724697590
42.2047691345 16.3205299377 -2.2713916302
42.2218894958 16.2553958893 -2.2707393169
40.9804573059 1.2026323080 -2.2366173267
38.3833389282 1.4234249592 -2.2217936516
40.2051582336 1.5209114552 -2.2018568516
40.0902557373 1.4888027906 -2.1950287819
40.2124023438 1.0538921356 -2.1910278797
40.1317024231 1.1210815907 -2.1888430119
42.5271148682 16.2533149719 -2.1782727242
42.4095344543 16.4001483917 -2.1766612530
40.0323677063 0.8070378304 -2.1765370369
42.4268569946 16.3345355988 -2.1757581234
42.3206901550 16.4978103638 -2.1742763519
42.3504562378 16.4299430847 -2.1741373539
42.4268684387 16.2151584625 -2.1731402874
42.3780021667 16.3099803925 -2.1727552414
42.3780021667 16.3099784851 -2.1727552414
42.3231620789 16.4002456665 -2.1727476120
42.3629608154 16.3396492004 -2.1727240086
42.3267097473 16.2960968018 -2.1706240177
42.2679977417 16.4192199707 -2.1704132557
42.2206687927 16.4590778351 -2.1691415310
42.2503700256 16.3913726807 -2.1690032482
42.3266105652 16.1769981384 -2.1680076122
42.2635917664 16.3088893890 -2.1677935123
39.8659629822 2.5141444206 -2.0808048248
39.1973152161 2.9307816029 -2.0562269688
42.4291038513 16.4418239594 -2.0368678570
42.4374923706 16.4298210144 -2.0364029408
42.3373832703 16.3912487030 -2.0316002369
42.3839035034 16.3128776550 -2.0314085484
42.3839035034 16.3128757477 -2.0314085484
42.3839035034 16.3128776550 -2.0314085484
42.3839035034 16.3128757477 -2.0314085484
42.3839035034 16.3128776550 -2.0314085484
42.3839035034 16.3128757477 -2.0314085484
42.3839035034 16.3128757477 -2.0314085484
42.2837028503 16.2745876312 -2.0266079903
39.3095779419 0.1076017693 -1.9993977547
42.2891654968 16.2773227692 -1.8855727911
42.2891654968 16.2773227692 -1.8855727911
40.3294677734 1.5325790644 -1.8620364666
48.8175926208 10.4103670120 -1.8610810041
40.1604347229 0.8303735256 -1.8389719725
42.2942314148 16.2799148560 -1.7445204258
42.2942314148 16.2799148560 -1.7445204258
42.2942314148 16.2799110413 -1.7445203066
42.2942314148 16.2799110413 -1.7445203066
40.2238426208 1.5051630735 -1.6366461515
39.9514083862 0.8171831965 -1.6109517813
42.2988967896 16.2823352814 -1.6034510136
42.2988967896 16.2823390961 -1.6034510136
42.2988967896 16.2823352814 -1.6034510136
40.0672683716 0.8356607556 -1.4909812212
45.9234123230 -4.3602895737 -4.2195000648
46.7283668518 -4.7517738342 -3.4086637497
45.9567146301 -4.3613328934 -3.1047606468
46.7566909790 -4.7439541817 -3.0065624714
46.7297706604 -5.0081877708 -2.9995465279
46.7473564148 -5.0105361938 -2.7067499161
40.0854225159 -0.6275855303 -2.6498646736
40.0854225159 -0.6275855303 -2.6498646736
40.1291656494 -0.7291627526 -2.6473753452
38.5572814941 -4.3759841919 -2.5927958488
38.5269165039 -4.6420083046 -2.5855846405
38.5228881836 -4.6759572029 -2.5846576691
38.5228881836 -4.6759572029 -2.5846576691
38.5228881836 -4.6759572029 -2.5846576691
46.7837028503 -4.7350330353 -2.5676579475
46.7559051514 -5.0075292587 -2.5604212284
39.9889450073 -0.3899028897 -2.5234324932
37.8885612488 -13.8906545639 -2.4843864441
45.1817245483 -4.5605120659 -2.4788393974
38.4589881897 -4.3616490364 -2.4650485516
38.4589881897 -4.3616490364 -2.4650485516
38.4589881897 -4.3616490364 -2.4650485516
38.4589881897 -4.3616490364 -2.4650485516
38.4589881897 -4.3616490364 -2.4650485516
41.2908439636 -0.7560536265 -2.4639368057
39.9825820923 -4.6952800751 -2.4306292534
38.6827125549 -1.3560972214 -2.4200739861
38.6827125549 -1.3560972214 -2.4200739861
38.6827125549 -1.3560972214 -2.4200739861
38.6745491028 -1.5818316936 -2.4147529602
40.1038055420 -0.3882135749 -2.4052233696
40.1012153625 -0.6221672893 -2.3999745846
38.4667739868 -4.3592605591 -2.3444175720
38.4324836731 -4.6584548950 -2.3363008499
38.4324836731 -4.6584548950 -2.3363008499
38.4094429016 -4.8488302231 -2.3310809135
44.9409828186 -4.5061173439 -2.3264496326
44.9370727539 -4.5456480980 -2.3254053593
44.9370727539 -4.5456485748 -2.3254053593
38.6336479187 -0.2024237812 -2.3205296993
40.2872772217 -0.7156893611 -2.2809875011
40.1090202332 -0.5841300488 -2.2757911682
40.1085205078 -0.6194494963 -2.2749938965
40.1085205078 -0.6194494963 -2.2749938965
40.1085205078 -0.6194494963 -2.2749938965
40.1085205078 -0.6194494963 -2.2749938965
40.1800689697 -0.7137953043 -2.2749214172
40.0013198853 -0.6178086996 -2.2689225674
37.6630363464 -13.3118028641 -2.2551119328
43.3734474182 -4.3192024231 -2.2460207939
45.9959640503 -4.3500113487 -2.2421393394
38.4585037231 -4.7713623047 -2.2139611244
40.1050376892 -4.0535335541 -2.2007658482
40.1675300598 -4.3845453262 -2.1963391304
40.0609207153 -4.3729500771 -2.1905128956
45.0045356750 -4.3861927986 -2.1903691292
44.9444046021 -4.5426607132 -2.1847932339
44.9444046021 -4.5426607132 -2.1847932339
44.9444046021 -4.5426607132 -2.1847932339
44.9444046021 -4.5426607132 -2.1847932339
44.9444046021 -4.5426607132 -2.1847932339
44.9444046021 -4.5426607132 -2.1847932339
44.9444046021 -4.5426607132 -2.1847932339
44.9444046021 -4.5426607132 -2.1847932339
44.7910041809 -4.3654627800 -2.1799786091
44.7402877808 -4.3174667358 -2.1787321568
44.7166519165 -4.3997311592 -2.1746923923
38.0264358521 -12.9868249893 -2.1581778526
40.1180496216 -0.3827547133 -2.1552412510
40.1180496216 -0.3827547133 -2.1552412510
44.3403358459 -4.4686694145 -2.1551339626
38.0756072998 -13.4522066116 -2.1540248394
40.0108222961 -0.3817420602 -2.1494874954
40.1908493042 -1.0449540615 -2.1449327469
43.6733016968 -4.5123176575 -2.1192643642
45.3877944946 -4.3277301788 -2.0689289570
45.3121681213 -4.3355522156 -2.0653285980
45.2633209229 -4.3518767357 -2.0627560616
45.2376441956 -4.3520574570 -2.0615880489
45.0050506592 -4.3250565529 -2.0513026714
44.9537353516 -4.2655324936 -2.0500323772
38.2099914551 -12.7974824905 -2.0471987724
44.9818305969 -4.5016226768 -2.0461280346
44.9046554565 -4.3728094101 -2.0452048779
44.9317321777 -4.4921603203 -2.0443136692
44.8932037354 -4.3860282898 -2.0441462994
44.8485069275 -4.4894881248 -2.0403497219
44.7401123047 -4.2453780174 -2.0402903557
44.8250007629 -4.4815649986 -2.0394575596
44.8446083069 -4.5289273262 -2.0393078327
44.8446083069 -4.5289273262 -2.0393078327
44.8446083069 -4.5289273262 -2.0393078327
44.8446083069 -4.5289273262 -2.0393078327
44.8446083069 -4.5289273262 -2.0393078327
44.8446083069 -4.5289273262 -2.0393078327
44.8446083069 -4.5289273262 -2.0393078327
44.8446083069 -4.5289273262 -2.0393078327
44.8446083069 -4.5289273262 -2.0393078327
44.8446083069 -4.5289273262 -2.0393078327
44.7864189148 -4.3756122589 -2.0392839909
44.8217811584 -4.5161557198 -2.0383036137
44.7397346497 -4.4934926033 -2.0345821381
44.7378654480 -4.5182213783 -2.0344538689
44.7378692627 -4.5182223320 -2.0344538689
44.7378654480 -4.5182213783 -2.0344538689
44.7378692627 -4.5182223320 -2.0344538689
44.7378692627 -4.5182223320 -2.0344538689
44.5056495667 -4.5038647652 -2.0230700970
44.3805770874 -4.2699828148 -2.0225293636
37.8317642212 -13.2436809540 -2.0171055794
37.6536712646 -13.4273719788 -2.0034227371
46.0962028503 -4.2850260735 -1.9958902597
39.9600067139 -1.6844491959 -1.9942531586
43.6490097046 -4.4172644615 -1.9841302633
43.4871025085 -4.3864631653 -1.9774652719
38.4337730408 -4.6104035378 -1.9742691517
40.2895240784 -3.6374611855 -1.9674166441
40.2422332764 -3.6080875397 -1.9659168720
40.1826934814 -3.6278705597 -1.9622017145
40.1353988647 -3.5985724926 -1.9607000351
39.2774963379 -1.6485512257 -1.9594266415
45.1633071899 -4.2578449249 -1.9541915655
45.2053642273 -4.5560851097 -1.9495570660
45.1256713867 -4.5268959999 -1.9465842247
44.9832191467 -4.2518930435 -1.9461573362
45.0047149658 -4.3379607201 -1.9452443123
44.9656257629 -4.3326449394 -1.9435887337
44.9382171631 -4.3624205589 -1.9416929483
44.9031562805 -4.3125610352 -1.9411969185
44.8979148865 -4.3277311325 -1.9406266212
44.8588218689 -4.3224062920 -1.9389710426
44.8314132690 -4.3520870209 -1.9370774031
44.7963600159 -4.3023691177 -1.9365787506
44.8799591064 -4.4886937141 -1.9362822771
44.8351211548 -4.4049472809 -1.9360861778
44.7911300659 -4.3175024986 -1.9360096455
44.8513603210 -4.5019030571 -1.9346959591
44.7246131897 -4.3417534828 -1.9324620962
44.7731895447 -4.4780611992 -1.9316748381
44.7092857361 -4.3493275642 -1.9316011667
44.7466583252 -4.4765844345 -1.9305044413
44.8713722229 -4.7424774170 -1.9303269386
44.7231178284 -4.4686827660 -1.9296104908
44.7427520752 -4.5159316063 -1.9294642210
44.7427482605 -4.5159311295 -1.9294641018
44.7427482605 -4.5159311295 -1.9294641018
44.7427482605 -4.5159311295 -1.9294641018
44.7427482605 -4.5159311295 -1.9294641018
44.5750045776 -4.2518839836 -1.9276503325
44.4347991943 -4.5092859268 -1.9156483412
44.3858680725 -4.5253028870 -1.9130786657
44.3486099243 -4.4701628685 -1.9125988483
38.0411682129 -13.2178812027 -1.9049530029
40.3159332275 -0.8070595860 -1.9046448469
37.9406318665 -13.1405506134 -1.9020910263
37.9397926331 -13.1828231812 -1.8998786211
40.2182960510 -0.9835905433 -1.8958475590
44.0150794983 -4.6530060768 -1.8934673071
43.5886802673 -4.4376249313 -1.8788594007
43.5780792236 -4.4225978851 -1.8787082434
45.9598655701 -4.6350684166 -1.8739376068
45.9422378540 -4.6836323738 -1.8720732927
45.9325828552 -4.9026279449 -1.8668323755
45.4368896484 -4.3313183784 -1.8588910103
45.3322257996 -4.4744653702 -1.8510062695
45.1031608582 -4.5492496490 -1.8389809132
45.1031608582 -4.5492496490 -1.8389809132
45.1031608582 -4.5492496490 -1.8389809132
45.1031608582 -4.5492501259 -1.8389809132
45.1031608582 -4.5492496490 -1.8389809132
45.1031608582 -4.5492496490 -1.8389809132
45.1023674011 -4.5571813583 -1.8387709856
45.0856056213 -4.5969176292 -1.8371396065
44.9389533997 -4.4132609367 -1.8355994225
44.8759346008 -4.3031215668 -1.8349086046
45.0772094727 -4.8039293289 -1.8322186470
45.0763778687 -4.8118548393 -1.8320070505
45.0763778687 -4.8118548393 -1.8320070505
44.8207206726 -4.3573379517 -1.8312162161
44.7691116333 -4.2929301262 -1.8305383921
44.7679023743 -4.3953151703 -1.8279886246
44.3106536865 -4.1752557755 -1.8132551908
40.0278358459 -0.3742325306 -1.8065404892
44.2735443115 -4.4392180443 -1.8057835102
44.2463951111 -4.4634342194 -1.8040214777
44.2463951111 -4.4634342194 -1.8040214777
44.2463951111 -4.4634342194 -1.8040214777
44.2463912964 -4.4634337425 -1.8040212393
44.2463912964 -4.4634337425 -1.8040212393
44.2463912964 -4.4634337425 -1.8040212393
44.2463912964 -4.4634337425 -1.8040212393
44.2463912964 -4.4634337425 -1.8040212393
44.2456283569 -4.4712147713 -1.8038160801
44.2289352417 -4.5102024078 -1.8022041321
44.2209472656 -4.7133064270 -1.7973874807
43.4533157349 -4.0950007439 -1.7781479359
43.3896522522 -4.3776173592 -1.7690632343
43.2388191223 -4.3539595604 -1.7627435923
46.0091972351 -4.4565391541 -1.7359650135
45.9658279419 -4.6318602562 -1.7301536798
45.9658279419 -4.6318602562 -1.7301536798
45.9658279419 -4.6318602562 -1.7301536798
45.9658279419 -4.6318602562 -1.7301536798
45.9650382996 -4.6399421692 -1.7299405336
45.9394035339 -4.8913397789 -1.7232646942
45.9385452271 -4.8994164467 -1.7230485678
45.9385414124 -4.8994154930 -1.7230484486
45.1519432068 -4.3740563393 -1.7035794258
45.1395912170 -4.4583616257 -1.7011702061
44.9885711670 -4.3101854324 -1.6989307404
44.9333457947 -4.3645291328 -1.6952351332
40.3142738342 -1.8643301725 -1.6923098564
44.8805122375 -4.4025964737 -1.6920047998
36.9466285706 -15.2010822296 -1.6846282482
44.4809494019 -4.3869771957 -1.6775456667
44.2946739197 -4.2915697098 -1.6711930037
44.2825393677 -4.3742742538 -1.6688289642
38.2218704224 -13.0093917847 -1.6681267023
38.1057052612 -13.0893316269 -1.6605248451
38.0436439514 -13.5282983780 -1.6486657858
43.6281661987 -4.5549459457 -1.6398696899
43.4254837036 -4.2901844978 -1.6364874840
37.6359710693 -13.7142992020 -1.6243575811
37.6359710693 -13.7142992020 -1.6243575811
37.5350723267 -13.6778287888 -1.6200008392
40.2491073608 -0.6059960127 -1.5914890766
45.1513862610 -4.4092245102 -1.5625479221
45.0455627441 -4.3716640472 -1.5585739613
38.3267211914 -12.7091979980 -1.5534176826
37.9448547363 -13.8211221695 -1.5117180347
37.7644119263 -13.6221599579 -1.5071525574
43.4176788330 -4.4588003159 -1.4963200092
40.2499542236 -0.8378032446 -1.4607315063
40.2499542236 -0.8378032446 -1.4607315063
38.3341026306 -13.0390634537 -1.4519820213
46.0072250366 -4.5359058380 -1.4458942413
38.2583656311 -13.2623414993 -1.4436513186
37.9548797607 -13.5409116745 -1.4237824678
37.5668487549 -13.9289951324 -1.3976786137
37.9534072876 -13.8169860840 -1.3231251240
38.0635948181 -13.5186471939 -1.2086174488
37.4802818298 -13.8839454651 -1.0517736673
38.2274284363 -11.9543170929 -1.0032573938
49.0743446350 11.7544870377 -2.9157340527
49.9959602356 11.6701850891 -2.6427340508
50.7702598572 12.1632080078 -2.5685470104
47.4902343750 29.1828632355 -1.3186701536
48.2255058289 29.6318511963 -1.3391689062
48.7275886536 30.4597148895 -1.3574050665
65.0491943359 -1.5817369223 3.9695293903
67.3176345825 -2.0746941566 7.5982370377
68.1735839844 -2.1009449959 7.6942434311
69.0053634644 -2.1213614941 8.0047225952
69.8855209351 -2.1534466743 7.8862543106
70.3139572144 8.2844982147 7.7721390724
69.1263961792 19.2059707642 7.1112484932
68.0990753174 25.1433811188 7.3789286613
69.0963058472 24.9082088470 7.4684963226
74.9415969849 8.6263694763 -3.7629892826
75.7265853882 9.3113851547 -3.8156039715
76.5691070557 9.4106464386 -4.0981879234
76.8966598511 13.1030483246 -4.1986923218
80.9442138672 9.3209524155 -3.6840450764
81.8289260864 9.4352846146 -2.9560117722
83.0562057495 5.8668932915 -1.8879810572
83.9155883789 5.9273848534 -1.9075870514
83.6234436035 9.1676530838 -1.9654086828
87.1994628906 7.9354858398 2.4681558609
88.0211639404 8.0283908844 3.5210578442
83.7689590454 30.8729152679 3.2874450684
85.2239303589 29.3701877594 3.1196610928
87.4654922485 28.0807838440 3.1916024685
103.4277267456 10.5716133118 0.4053595960
104.2368164062 10.5879487991 -3.4113919735
103.9596939087 38.2397308350 -4.9494009018
120.2843322754 25.3715591431 -0.0962429792
121.1276550293 25.5442390442 -0.4808318913
119.2173843384 36.4351997375 -0.5944024324
122.8141860962 25.8990192413 -0.4877006114
127.6594009399 10.5361175537 -0.6516700387
128.5082092285 10.5841922760 -1.8554027081
129.3611145020 10.6469583511 -2.2702536583
129.2087860107 24.6711635590 1.0494928360
151.8067169189 10.7063293457 -3.4564547539
152.6816558838 10.7834577560 -2.6460351944
153.5573120117 10.8719911575 -1.2299085855
154.4411163330 9.6755199432 -4.4518628120
155.3008575439 9.7292785645 -4.4766740799
156.9704132080 11.0766592026 -3.2083837986
157.9113769531 9.9182519913 -3.2029545307
169.1755065918 9.6820020676 -1.3115192652
169.9723052979 10.7046003342 -1.8648151159
171.6978759766 10.8639183044 0.7813011408
172.5578613281 10.9182453156 0.7851393819
49.0743446350 11.7544870377 -2.9157340527
49.9797935486 11.6627902985 -2.9621131420
50.7702598572 12.1632080078 -2.5685470104
47.4871330261 29.1817245483 -1.4485769272
48.2223548889 29.6306877136 -1.4710741043
48.7243766785 30.4585590363 -1.4913086891
65.0491943359 -1.5817369223 3.9695293903
67.3176345825 -2.0746941566 7.5982370377
68.1496963501 -2.0951836109 7.9060692787
69.0053634644 -2.1213614941 8.0047225952
69.8855209351 -2.1534466743 7.8862543106
70.3596115112 7.8786234856 7.7789707184
69.1043777466 19.2020053864 7.3340377808
68.0769958496 25.1364650726 7.6043190956
74.9415969849 8.6263694763 -3.7629892826
75.7265853882 9.3113851547 -3.8156039715
76.5691070557 9.4106464386 -4.0981879234
76.8192062378 13.5497140884 -4.2049770355
80.9971313477 8.8506736755 -3.6761298180
81.8529739380 8.9438486099 -3.7149732113
87.1636428833 7.9504346848 3.4870064259
88.0211639404 8.0283908844 3.5210578442
84.0035247803 30.2258548737 3.2910022736
86.4105606079 28.4832706451 3.6511852741
87.2286453247 28.7519893646 3.6854987144
104.1888961792 10.5605611801 -4.7110333443
119.5833053589 24.5067806244 0.2916865647
120.2831573486 25.3760337830 0.2849116325
121.2731399536 24.8424930573 -0.4720370770
119.2177429199 36.4384269714 -0.2079018205
122.8141479492 25.9038372040 -0.0985507071
127.6594009399 10.5361175537 -0.6516700387
128.5673828125 9.8397293091 -1.8417578936
129.3479614258 10.6330642700 -2.9743835926
129.2041015625 24.6756820679 1.4572763443
151.8138732910 10.7134590149 -3.1027383804
152.6938476562 10.8020896912 -1.6973365545
153.5533752441 10.8627805710 -1.7069492340
154.4577178955 9.8275165558 3.4626822472
155.3566589355 9.7948932648 -1.2211544514
156.2167358398 9.8490104675 -1.2279803753
156.9956359863 11.1149606705 -1.2577050924
157.8384246826 11.1469831467 -2.7356905937
169.1204986572 10.6810855865 -0.2802715600
169.9766540527 10.7149372101 -1.3371413946
49.9881134033 11.6665420532 -2.8024368286
47.4902343750 29.1828632355 -1.3186701536
48.2255058289 29.6318511963 -1.3391689062
48.7275886536 30.4597148895 -1.3574050665
65.0491943359 -1.5817369223 3.9695293903
67.3176345825 -2.0746941566 7.5982370377
68.1496963501 -2.0951836109 7.9060692787
69.0053634644 -2.1213614941 8.0047225952
69.8855209351 -2.1534466743 7.8862543106
70.3139572144 8.2844982147 7.7721390724
69.1043777466 19.2020053864 7.3340377808
68.0990753174 25.1433811188 7.3789286613
74.8805084229 9.2106313705 -3.5968799591
75.7348327637 9.3153047562 -3.6379086971
76.5691070557 9.4106464386 -4.0981879234
76.8192062378 13.5497140884 -4.2049770355
80.9971313477 8.8506736755 -3.6761298180
81.8529739380 8.9438486099 -3.7149732113
87.1167144775 8.4544563293 3.4780797958
88.0211639404 8.0283908844 3.5210578442
83.7689590454 30.8729152679 3.2874450684
85.2164840698 29.3689632416 3.3294427395
104.2672042847 10.6121444702 -2.1924974918
103.6018066406 34.0676155090 -4.5120582581
104.6819381714 33.5269813538 -4.5418314934
103.9596939087 38.2397308350 -4.9494009018
119.5834503174 24.4924335480 -0.8437709212
120.2832717896 25.3618888855 -0.8585468531
121.1265029907 25.5392456055 -0.8646454811
119.2158889771 36.4316062927 -0.9808973670
122.8130493164 25.8939609528 -0.8768461943
127.6602478027 10.5434150696 -0.2545607686
128.5673828125 9.8397293091 -1.8417578936
129.3669433594 10.6547574997 -1.8678635359
128.6839294434 22.7697696686 0.6612306833
129.2123260498 24.6663990021 0.6416963935
151.8067169189 10.7063293457 -3.4564547539
152.6816558838 10.7834577560 -2.6460351944
153.5410461426 10.8440475464 -2.6609749794
154.4803161621 9.7122936249 -2.6533849239
155.3592071533 9.8042507172 -0.7387771010
156.1385650635 11.0634813309 -0.7657077909
156.9981842041 11.1242723465 -0.7699928284
161.3724670410 10.1639213562 -1.7699344158
169.0326385498 11.9950790405 0.2201200873
169.8923187256 12.0559711456 0.2211616039
170.8378906250 10.8095922470 0.7774619460
171.7597503662 9.8605642319 0.2673551142
172.6201324463 9.9098758698 0.2686209083
173.4804534912 9.9591808319 0.2698879540
49.0743446350 11.7544870377 -2.9157340527
49.9797935486 11.6627902985 -2.9621131420
47.7136306763 28.8135662079 -1.3206987381
48.2255058289 29.6318511963 -1.3391689062
48.7275886536 30.4597148895 -1.3574050665
65.0609817505 -1.5867075920 3.7673485279
67.3176345825 -2.0746941566 7.5982370377
68.1496963501 -2.0951836109 7.9060692787
69.0053634644 -2.1213614941 8.0047225952
69.8855209351 -2.1534466743 7.8862543106
70.3139572144 8.2844982147 7.7721390724
69.1043777466 19.2020053864 7.3340377808
69.9400253296 15.8573656082 7.3695077896
68.0769958496 25.1364650726 7.6043190956
75.7348327637 9.3153047562 -3.6379086971
76.5691070557 9.4106464386 -4.0981879234
76.8192062378 13.5497140884 -4.2049770355
80.9887619019 8.8465385437 -3.8658254147
81.8824157715 8.9600849152 -2.9480147362
87.1636428833 7.9504346848 3.4870064259
88.0211639404 8.0283908844 3.5210578442
84.0035247803 30.2258548737 3.2910022736
104.3220672607 10.0027980804 -2.4257564545
102.6879882812 28.3676147461 -2.4649515152
103.5185546875 28.5963821411 -2.4849407673
104.6687240601 33.5202331543 -4.8827075958
103.9596939087 38.2397308350 -4.9494009018
120.2843322754 25.3715591431 -0.0962429792
121.1276550293 25.5442390442 -0.4808318913
119.2173843384 36.4351997375 -0.5944024324
122.8141860962 25.8990192413 -0.4877006114
127.6602478027 10.5434150696 -0.2545607686
128.6268005371 9.1027383804 -1.4281699657
129.2087860107 24.6711635590 1.0494928360
130.2314453125 23.8376274109 1.8906862736
150.9544830322 10.6529273987 -3.0851325989
151.8221588135 10.7228755951 -2.6310918331
152.6884918213 10.7928228378 -2.1716971397
153.5479736328 10.8534660339 -2.1839735508
154.4872589111 9.7218790054 -2.1737205982
157.8384246826 11.1469831467 -2.7356905937
161.3724670410 10.1639213562 -1.7699344158
169.1123199463 10.6505317688 -1.8553268909
169.9766540527 10.7149372101 -1.3371413946
170.8961944580 9.7803068161 -1.3249782324
171.6080932617 12.1475839615 -1.3758195639
49.0825233459 11.7581825256 -2.7587189674
49.9881134033 11.6665420532 -2.8024368286
50.7702598572 12.1632080078 -2.5685470104
52.3758010864 8.5272970200 -2.5615935326
47.4902343750 29.1828632355 -1.3186701536
48.2255058289 29.6318511963 -1.3391689062
48.7275886536 30.4597148895 -1.3574050665
65.0694885254 -1.2102241516 3.7587053776
67.3176345825 -2.0746941566 7.5982370377
68.1496963501 -2.0951836109 7.9060692787
69.0053634644 -2.1213614941 8.0047225952
69.8855209351 -2.1534466743 7.8862543106
70.3139572144 8.2844982147 7.7721390724
69.1043777466 19.2020053864 7.3340377808
68.0769958496 25.1364650726 7.6043190956
69.0738677979 24.9014682770 7.6965370178
74.8723449707 9.2067499161 -3.7725784779
75.7265853882 9.3113851547 -3.8156039715
76.5691070557 9.4106464386 -4.0981879234
76.8192062378 13.5497140884 -4.2049770355
80.9799270630 8.8423538208 -4.0554990768
81.8355941772 8.9354400635 -4.0983357430
83.0360107422 5.8509511948 -2.6632459164
87.1636428833 7.9504346848 3.4870064259
83.9930572510 30.2236957550 3.5680215359
86.4407119751 28.4871692657 2.8040628433
87.2590408325 28.7559223175 2.8303868771
102.4879913330 11.2705421448 0.0687282979
103.9596939087 38.2397308350 -4.9494009018
120.2843322754 25.3715591431 -0.0962429792
121.1265029907 25.5392456055 -0.8646454811
119.2158889771 36.4316062927 -0.9808973670
124.8400344849 24.5831604004 0.6116572618
127.6562805176 10.5629568100 0.8374907374
128.6268005371 9.1027383804 -1.4281699657
129.2087860107 24.6711635590 1.0494928360
150.9474182129 10.6458339691 -3.4368526936
151.8067169189 10.7063293457 -3.4564547539
152.6816558838 10.7834577560 -2.6460351944
153.5479736328 10.8534660339 -2.1839735508
154.4872589111 9.7218790054 -2.1737205982
156.9860229492 11.0960187912 -2.2330865860
157.8455200195 11.1566619873 -2.2453646660
161.3668060303 10.1540069580 -2.2709405422
49.9901695251 11.6577510834 -2.8023371696
50.7723960876 12.1542825699 -2.5684480667
52.3827743530 8.5207815170 -2.4376585484
47.4953155518 29.1745262146 -1.3187175989
48.2306632996 29.6233844757 -1.3392169476
48.7329063416 30.4511585236 -1.3574582338
65.0488815308 -1.5930997133 3.9697930813
67.3172760010 -2.0864243507 7.5985107422
68.1492996216 -2.1070563793 7.9063477516
69.0049591064 -2.1333830357 8.0050048828
69.8851013184 -2.1656219959 7.8865404129
70.3153533936 8.2722473145 7.7723441124
69.1076812744 19.1899662018 7.3341517448
68.1034545898 25.1315078735 7.3789901733
75.7364807129 9.3020210266 -3.6376919746
76.5707550049 9.3972139359 -4.0979681015
76.8989715576 13.0895566940 -4.1985011101
80.9986953735 8.8364696503 -3.6758892536
81.8545150757 8.9294939041 -3.7147283554
87.1649856567 7.9352135658 3.4872794151
82.7885208130 31.0410213470 3.2535698414
83.9983367920 30.2090282440 3.5681040287
85.2109375000 29.3522071838 3.6092181206
103.3995895386 10.4960231781 -2.7383015156
104.2566452026 10.5827760696 -2.7610461712
105.1136932373 10.6695308685 -2.7837905884
103.5015106201 28.5635452271 -3.4006900787
103.9663543701 38.2215194702 -4.9493036270
120.2887802124 25.3505306244 -0.0959834307
121.1320953369 25.5230712891 -0.4805690646
119.2237396240 36.4143524170 -0.5942333937
122.8186950684 25.8775520325 -0.4874342680
129.2165374756 24.6438312531 0.6419999599
150.9563293457 10.6265344620 -3.0846369267
151.8157043457 10.6869106293 -3.1022396088
152.6835174561 10.7567682266 -2.6455345154
153.5552978516 10.8359432220 -1.7064477205
154.4944152832 9.7043676376 -1.6935192347
157.8404083252 11.1193866730 -2.7351753712
161.4246215820 9.1914844513 -2.2524518967
49.9797935486 11.6627922058 -2.9621131420
52.3758010864 8.5272979736 -2.5615935326
47.7105331421 28.8123989105 -1.4506052732
48.2223548889 29.6306896210 -1.4710741043
48.9576034546 30.0796527863 -1.4935722351
65.0577392578 -1.2053738832 3.9608874321
67.3176422119 -2.0746943951 7.5982365608
68.1496963501 -2.0951838493 7.9060692787
69.0053634644 -2.1213619709 8.0047225952
69.8609924316 -2.1475405693 8.1033782959
70.2893676758 8.2853279114 7.9920125008
69.9400329590 15.8573675156 7.3695073128
69.1043777466 19.2020072937 7.3340377808
68.0769958496 25.1364650726 7.6043190956
74.8723449707 9.2067518234 -3.7725784779
75.7265930176 9.3113880157 -3.8156042099
76.5691070557 9.4106483459 -4.0981879234
76.8966674805 13.1030502319 -4.1986927986
80.9887695312 8.8465394974 -3.8658258915
81.8733978271 8.9547605515 -3.2036993504
83.0360107422 5.8509511948 -2.6632459164
83.9195556641 5.9313354492 -1.7117441893
87.1636428833 7.9504365921 3.4870064259
88.0211639404 8.0283908844 3.5210578442
84.0035247803 30.2258586884 3.2910020351
87.2473220825 28.7545890808 3.1867158413
104.2487411499 9.9557733536 -4.7004818916
119.5845718384 24.4974517822 -0.4652895033
120.4288635254 24.6699695587 -0.4686633945
121.2720489502 24.8374080658 -0.8558511734
119.2173843384 36.4352035522 -0.5944025517
122.8141937256 25.8990211487 -0.4877009988
128.8150634766 22.0207500458 0.3678627908
129.2141418457 24.6626911163 0.3358446360
151.8138732910 10.7134599686 -3.1027383804
152.6816558838 10.7834596634 -2.6460351944
153.5410614014 10.8440465927 -2.6609756947
154.4457855225 9.8359107971 3.9422688484
150.9627227783 10.6622877121 -2.6161499023
161.4158020020 9.2096014023 -2.7539803982
49.9797935486 11.6627922058 -2.9621131420
50.7702598572 12.1632099152 -2.5685470104
52.3812713623 8.5299882889 -2.4377923012
47.4826011658 29.1799545288 -1.6217739582
48.2177505493 29.6288890839 -1.6469352245
48.7196922302 30.4567489624 -1.6698342562
65.0577392578 -1.2053738832 3.9608874321
67.3176422119 -2.0746943951 7.5982365608
68.1496963501 -2.0951838493 7.9060692787
69.0053634644 -2.1213619709 8.0047225952
69.8855285645 -2.1534469128 7.8862538338
70.3139572144 8.2845001221 7.7721390724
69.1043777466 19.2020072937 7.3340377808
69.9400329590 15.8573675156 7.3695073128
68.0990753174 25.1433811188 7.3789286613
69.0963058472 24.9082107544 7.4684963226
74.8805084229 9.2106332779 -3.5968801975
75.7348403931 9.3153076172 -3.6379091740
76.5691070557 9.4106483459 -4.0981879234
76.8192062378 13.5497150421 -4.2049770355
80.9971389771 8.8506755829 -3.6761302948
81.8529739380 8.9438495636 -3.7149732113
83.0562057495 5.8668942451 -1.8879810572
83.6234436035 9.1676549911 -1.9654086828
83.9155883789 5.9273853302 -1.9075870514
87.1636428833 7.9504365921 3.4870064259
82.7831115723 31.0554809570 3.2534980774
83.7689666748 30.8729190826 3.2874445915
85.2164916992 29.3689670563 3.3294422626
103.4797363281 9.9378576279 -1.5190737247
104.2263565063 10.5812511444 -3.7363598347
105.0831680298 10.6679944992 -3.7670993805
104.4067993164 34.3291587830 -4.8885741234
103.1514129639 37.9433059692 -4.9109249115
103.9729843140 38.2464523315 -4.6058588028
119.4410476685 25.1941280365 -0.0954729244
120.2843322754 25.3715610504 -0.0962430239
121.1276626587 25.5442428589 -0.4808323085
122.9605789185 25.1823921204 -0.8679285049
128.6699981689 8.0792598724 -2.9083182812
129.2087860107 24.6711673737 1.0494927168
150.9474182129 10.6458358765 -3.4368529320
151.8067169189 10.7063312531 -3.4564547539
152.6816558838 10.7834596634 -2.6460351944
153.5479888916 10.8534650803 -2.1839742661
157.0515441895 9.8643436432 -3.1854736805
157.9113769531 9.9182538986 -3.2029545307
161.4328765869 9.2396364212 -1.2509753704
49.9959602356 11.6701860428 -2.6427340508
50.7702598572 12.1632099152 -2.5685470104
47.4871330261 29.1817264557 -1.4485770464
48.2223548889 29.6306896210 -1.4710741043
48.9576034546 30.0796527863 -1.4935722351
65.0491943359 -1.5817369223 3.9695293903
67.3176422119 -2.0746943951 7.5982365608
68.1735839844 -2.1009452343 7.6942434311
69.0053634644 -2.1213619709 8.0047225952
69.8609924316 -2.1475405693 8.1033782959
70.2893676758 8.2853279114 7.9920125008
69.1043777466 19.2020072937 7.3340377808
69.9400329590 15.8573675156 7.3695073128
68.0769958496 25.1364650726 7.6043190956
75.7265930176 9.3113880157 -3.8156042099
76.5691070557 9.4106483459 -4.0981879234
80.9799346924 8.8423557281 -4.0554995537
81.8355941772 8.9354410172 -4.0983357430
87.1636428833 7.9504365921 3.4870064259
88.0211639404 8.0283908844 3.5210578442
83.9930648804 30.2236995697 3.5680212975
85.2058258057 29.3670940399 3.6091232300
86.4105758667 28.4832744598 3.6511845589
87.2286453247 28.7519912720 3.6854987144
103.3893508911 10.5076856613 -3.0609812737
104.2463150024 10.5945386887 -3.0863924026
102.5222244263 28.9624996185 -2.4704835415
103.5185546875 28.5963859558 -2.4849407673
103.1514129639 37.9433059692 -4.9109249115
104.6687240601 33.5202407837 -4.8827075958
103.9596939087 38.2397384644 -4.9494013786
119.5834503174 24.4924373627 -0.8437709808
120.4277877808 24.6649227142 -0.8498128057
121.2720489502 24.8374080658 -0.8558511734
129.2087860107 24.6711673737 1.0494927168
150.9244537354 10.6266546249 -4.3746719360
151.8067169189 10.7063312531 -3.4564547539
152.6816558838 10.7834596634 -2.6460351944
153.5533905029 10.8627815247 -1.7069499493
154.4926605225 9.7313709259 -1.6940318346
157.9270629883 9.9379434586 -2.2223322392
161.4286956787 9.2297096252 -1.7519940138
170.8994750977 9.8112621307 0.2660859525
171.7000122070 10.8538932800 0.2482775897
49.9860763550 11.6753349304 -2.8025374413
52.3797721863 8.5391950607 -2.4379262924
47.4888763428 29.1925048828 -1.1454025507
48.2241287231 29.6416339874 -1.1632354259
48.7261466980 30.4695739746 -1.1788022518
65.0494689941 -1.5703737736 3.9692678452
67.3180389404 -2.0629658699 7.5979614258
68.1501007080 -2.0833127499 7.9057908058
69.0057678223 -2.1093420982 8.0044412613
69.8859329224 -2.1412701607 7.8859682083
70.3125228882 8.2967510223 7.7719354630
69.1010284424 19.2140560150 7.3339252472
69.9273223877 19.4427986145 7.4210681915
75.7332305908 9.3285951614 -3.6381273270
76.5674362183 9.4240865707 -4.0984072685
76.8168182373 13.5631952286 -4.2051644325
80.9872055054 8.8607416153 -3.8660664558
81.8717956543 8.9691133499 -3.2039418221
83.0266647339 5.8600764275 -2.9218924046
83.9085617065 5.9367747307 -2.1689703465
83.6158294678 9.1772174835 -2.2267692089
87.1622467041 7.9656581879 3.4867360592
88.0197753906 8.0437660217 3.5207831860
83.9982681274 30.2405338287 3.2909185886
85.2188262939 29.3850688934 3.1195664406
86.4241104126 28.5009460449 3.1569571495
87.4724349976 28.0971927643 2.8351597786
88.2927398682 28.3597850800 2.8615293503
103.3563156128 10.5058755875 -4.0282020569
104.2729568481 9.9879512787 -4.0510611534
102.6891479492 28.3903923035 -2.1346766949
103.5197372437 28.6193504333 -2.1520028114
119.5802917480 24.5183696747 -0.4655543566
120.2799682617 25.3878765106 -0.4776586294
121.1220550537 25.5604286194 -0.8649082780
122.9561843872 25.2038860321 -0.8682006001
129.2045135498 24.6937351227 1.0491912365
150.9525756836 10.6793222427 -3.0856249332
151.8119659424 10.7400112152 -3.1032347679
152.6797027588 10.8101539612 -2.6465322971
153.5392150879 10.8708915710 -2.6614806652
154.4785919189 9.7392988205 -2.6538991928
157.0654449463 9.9113817215 -2.2107050419
157.9253540039 9.9655494690 -2.2228600979
170.7359771729 12.0960903168 -2.4300920963
171.6843414307 10.8321971893 -2.4173486233
172.5442962646 10.8863620758 -2.4295046329
53.2672691345 8.4419059753 -2.4740273952
47.6683578491 28.8889827728 -1.3203002214
48.1789627075 29.7080669403 -1.3387303352
48.9296073914 30.1617755890 -0.2877867222
50.7314414978 28.6338405609 -3.0641453266
51.7045707703 28.6542892456 -3.1107144356
67.1006698608 -2.3572256565 7.6142706871
67.9462432861 -1.9879643917 7.9129419327
68.8261566162 -2.0185868740 7.7970886230
69.9070892334 -2.0482447147 7.7207946777
68.7334594727 17.2354011536 7.2643656731
69.2198333740 18.7782135010 7.3380980492
68.0378189087 25.2431926727 7.6037545204
69.0350799561 25.0097560883 7.6959204674
75.7377853394 9.4438247681 -3.2251672745
76.7851257324 13.6654071808 -4.4488420486
82.9993743896 5.9654707909 -3.4407327175
88.0086746216 8.1667232513 3.5185899734
86.4101638794 28.6242485046 2.3088371754
103.4235687256 10.0643987656 -3.3757162094
104.2808227539 10.1475801468 -3.4037284851
102.6587600708 28.5429039001 -1.4750828743
104.4108428955 33.6924018860 -4.5331687927
105.7201538086 33.1449165344 -4.2288990021
104.5073699951 39.3214836121 -4.2993731499
120.0295257568 25.5687465668 0.5780436397
121.0222091675 25.0384693146 -0.0810371339
129.1653594971 24.8787593842 1.4545788765
150.8100128174 9.7250232697 -3.0582313538
151.8772125244 9.7799119949 -3.0851354599
152.7370300293 9.8351707458 -3.1026449203
153.3231811523 11.0953874588 -2.1790881157
154.2644500732 9.9652776718 -2.1689572334
168.2356567383 10.8610715866 -1.8508856297
168.8880462646 10.9168539047 -1.8509995937
169.7556457520 11.0128746033 0.2502361536
172.3949432373 10.1917409897 0.8084596395
173.2552032471 10.2424478531 0.8123646975
47.7077865601 29.1348495483 -0.9806610346
48.4436836243 29.5830936432 -0.9958360791
50.6029243469 29.3135337830 -1.2131837606
51.8010520935 28.9476814270 -1.2341275215
52.7782669067 28.9603595734 -1.2533578873
67.3060073853 -2.5380041599 7.4526839256
68.1591720581 -2.1722950935 7.6964612007
69.0150833130 -2.1994371414 7.7924895287
69.8874511719 -1.6888813972 7.8759779930
68.8389434814 23.6306610107 7.1542191505
69.4460678101 23.9088516235 7.2475738525
70.2574081421 24.1868801117 7.3316745758
75.7109680176 9.2262763977 -4.0505681038
76.5652160645 9.3299531937 -4.0962419510
76.5538253784 14.9600601196 -3.9810009003
80.2495346069 9.1244726181 -4.2774548531
80.9108276367 9.2217235565 -4.3142395020
81.7958297729 9.3329257965 -3.7209157944
83.6319961548 9.0932397842 -1.2451584339
84.4761199951 9.1723365784 -1.9834867716
103.2446136475 22.4905548096 -1.7276852131
104.0865859985 22.6734104156 -1.7418485880
104.7943801880 23.4640922546 -1.7632597685
103.6570434570 33.9821052551 -3.1569921970
104.4758300781 34.2496910095 -3.1819679737
120.2909469604 25.2303867340 -1.2373684645
121.1377716064 25.4170932770 -0.4785020947
122.9717330933 25.0584907532 -0.4764085114
129.3774261475 23.5554828644 2.6965298653
129.1769409180 28.9542427063 1.8262757063
130.3985748291 27.3846836090 1.8593258858
151.8333129883 10.5820798874 -1.6841840744
152.6929626465 10.6418676376 -1.6937826872
153.5012817383 10.6466045380 -4.4458971024
154.3605651855 10.7060861588 -4.4708132744
155.2989959717 9.5661983490 -4.4730129242
47.9158287048 28.8435096741 -0.2902871966
48.6312065125 29.2804698944 -1.6580384970
49.1598968506 29.7240257263 -1.6737215519
50.5898742676 29.0002021790 -1.5232170820
51.3383941650 29.4266967773 -1.5458241701
55.6400146484 28.6699409485 -2.4207377434
57.4118347168 29.0173339844 -2.0883636475
69.5635070801 -1.2364065647 10.6816082001
76.5937881470 9.2989253998 -4.3370609283
81.8187789917 9.4640121460 -3.7248313427
84.4054489136 9.7710332870 -3.3143792152
86.7203445435 -2.3232648373 1.0363165140
104.1002731323 22.6127872467 -3.3126678467
120.4854507446 24.5036411285 -0.4675810039
118.6670074463 35.3339157104 -0.5839836597
123.0190658569 25.0177230835 -0.4776604176
123.8635711670 25.1890869141 -0.4810192585
124.7081375122 25.3604526520 -0.4843803942
127.6809082031 10.6135015488 -0.2570344806
128.5388946533 10.6774063110 -0.6586217284
129.2645721436 12.2457809448 -0.6898987889
150.1369018555 10.3851346970 -3.0648758411
150.9964599609 10.4444847107 -3.0824637413
151.8559722900 10.5038347244 -3.1000497341
152.7306671143 10.5820617676 -2.1689865589
153.5983123779 10.7025613785 1.0388412476
154.5174560547 9.8689641953 1.0614709854
157.9421081543 10.0149469376 -2.7155632973
47.8394203186 28.9055442810 -1.4584915638
48.5726776123 29.3484535217 -1.6568760872
50.7338447571 29.0693435669 -1.7127068043
51.4817047119 29.4968528748 -1.7379745245
56.9694213867 28.2530727386 -3.0543584824
57.5182647705 29.0805892944 -3.0953891277
67.0609512329 -1.4954611063 9.8817195892
68.4954833984 -1.4869890213 11.8369083405
69.4170379639 -1.5171300173 11.5519304276
75.7483749390 9.3121719360 -3.8166091442
76.6026687622 9.4168186188 -3.8596372604
77.5796508789 8.4708290100 -3.8851850033
80.0636978149 9.3649053574 -4.2743024826
80.9184722900 9.4645500183 -4.3199119568
81.7732467651 9.5641984940 -4.3655209541
83.6582641602 9.1821336746 -1.2482990026
84.4893188477 9.2518005371 -2.5141732693
86.6883163452 -2.1642794609 2.6481783390
103.3100357056 21.9500751495 -4.5907015800
104.1523132324 22.1285438538 -4.6281313896
104.9807357788 22.2999801636 -4.9984011650
120.2399826050 25.6241931915 1.7103569508
121.0927276611 25.7960567474 0.9546303749
122.9826049805 25.1941871643 -0.0906240046
124.6682510376 25.5474662781 0.5982957482
127.6408920288 10.7464227676 -2.6426751614
128.5227813721 10.8711900711 0.1377522051
129.3798522949 10.9508275986 0.5410267115
128.7081298828 22.7677059174 0.3563279510
128.9932708740 36.7401847839 3.0181229115
129.6065216064 37.7255439758 3.0307092667
150.9803924561 10.6552190781 -3.0863571167
151.8397369385 10.7157697678 -3.1039619446
152.7745971680 9.9109773636 -2.1562600136
153.6398468018 9.9760770798 -1.6914221048
154.4389190674 10.9258337021 -1.7177927494
157.9107513428 10.2180166245 -3.5777053833
49.7567291260 12.9882926941 -1.2997280359
50.6488494873 12.7884168625 -2.5767548084
52.4074859619 8.4552984238 -2.8510355949
47.5233840942 29.1182518005 -1.7957218885
48.2590751648 29.5662574768 -1.8235558271
48.7902984619 30.4019718170 -0.2867388427
50.6588096619 28.9090614319 -1.5243433714
51.4080963135 29.3342247009 -1.5469561815
52.3931198120 29.3570861816 -1.2445975542
53.6060142517 28.9517860413 -0.8865488172
54.3675460815 29.3604202271 -0.7073143125
57.1440811157 27.6461315155 -2.0614964962
57.4436340332 28.8966941833 -3.0879724026
66.4248733521 -1.2145328522 8.3073787689
67.2706604004 -1.6178839207 8.4226522446
74.9093933105 9.1084241867 -4.0069713593
75.7636947632 9.2119522095 -4.0526442528
76.6180038452 9.3154821396 -4.0983176231
79.3704910278 8.5866870880 -2.6077721119
81.0286636353 8.7418022156 -4.0555033684
81.8844528198 8.8338394165 -4.0983228683
83.6726455688 9.0639877319 -1.9653660059
84.5000839233 9.1353816986 -3.0405113697
86.6855163574 -2.2610893250 3.1207494736
87.5464630127 -2.2834560871 3.1515264511
103.4081039429 21.6277103424 -4.2597985268
104.2510528564 21.8035621643 -4.2945332527
120.3301315308 25.2457370758 2.0954513550
123.0272521973 25.0488834381 0.5915923715
123.8736419678 25.2021579742 -0.8737364411
124.7181854248 25.3736152649 -0.8797655106
127.7013320923 10.4194431305 1.6326888800
128.5602111816 10.4893875122 1.6435631514
129.4279174805 10.5453577042 0.8495925069
128.7526245117 22.6072616577 0.3578299582
130.2278137207 28.3723850250 2.6710062027
129.1349945068 36.3295631409 2.6053702831
151.2552032471 9.3298177719 -1.6611965895
151.9670104980 9.3821010590 -1.6639275551
152.8271331787 9.4351167679 -1.6733987331
153.6946258545 9.5159683228 -0.2517266870
154.5547637939 9.5691394806 -0.2532013655
156.1671600342 10.8238410950 -3.1891057491
157.1065216064 9.6709117889 -3.1837234497
157.9750518799 9.7336807251 -2.7108879089
170.0333557129 10.5058259964 -1.3351255655
49.8859443665 12.8377828598 -2.2630062103
47.5592613220 29.2675647736 -1.8006231785
48.2935943604 29.7178573608 -1.8284456730
48.7931747437 30.5466518402 -1.8539267778
56.5033988953 29.1350231171 -2.6575686932
57.4958572388 29.0848026276 -2.6941227913
66.4374923706 -1.3969790936 8.1055231094
67.2825622559 -1.8028386831 8.2182521820
68.3918685913 -3.9853644371 11.8964014053
69.4425354004 -0.4563964605 11.5275096893
75.7911987305 9.0137319565 -3.8120052814
76.6459960938 9.1150341034 -3.8549826145
77.5007553101 9.2163391113 -3.8979587555
80.9924163818 8.9947280884 -4.0594072342
81.8653564453 9.0978422165 -3.7189121246
82.7833251953 9.2333736420 -1.7553362846
83.6396942139 9.3285884857 -1.7735660076
84.4713592529 9.4043579102 -2.7809007168
86.6715621948 -2.4927942753 3.1264638901
87.5324859619 -2.5174515247 3.1572921276
88.2768173218 5.2958874702 3.0215008259
103.5794296265 20.7499752045 -4.2483153343
104.3005065918 21.5240345001 -4.2906441689
105.2555389404 21.0805664062 -4.6504931450
104.7679061890 36.2550621033 -2.6188201904
119.3675460815 25.6605167389 0.9384513497
120.4058532715 24.9131813049 0.9564515352
121.2454528809 25.0913314819 1.3468523026
129.3711700439 11.1706314087 -0.6711506248
128.8074035645 22.2575588226 -0.0421745405
129.0045166016 25.8966846466 -0.0895722732
129.6899719238 26.8297710419 1.0290174484
130.3040924072 28.0212345123 2.2624914646
128.8723144531 37.7241020203 2.1712725163
148.0425872803 -8.9374446869 12.2501764297
148.8999938965 -8.9890871048 12.3209104538
151.9178161621 10.1575431824 -1.2066168785
152.7738189697 10.2057170868 -1.6878823042
153.6336364746 10.2630605698 -1.6974345446
154.4309844971 11.2143096924 -1.7237603664
156.2007751465 10.4159421921 -2.6961147785
157.0605468750 10.4731817245 -2.7109980583
157.9813232422 9.2938232422 -3.5606350899
48.9610671997 12.7868509293 -1.7522419691
52.5082244873 8.1750593185 -2.8494565487
55.0202064514 8.5543184280 -3.6795608997
48.1441192627 29.8731517792 -1.4728447199
50.7723731995 28.8387489319 -1.0290479660
52.7176284790 28.8714294434 -1.4354155064
53.6428604126 28.9729518890 -1.4569057226
54.3466644287 29.3554687500 -3.1077575684
56.6006240845 28.8893375397 -1.6691993475
57.3635673523 29.2774200439 -1.8917422295
67.1309738159 -1.5473303795 9.8796825409
67.8214492798 -1.5382609367 11.0580778122
75.8044357300 9.2424430847 -4.2926950455
76.6711349487 9.3517732620 -4.1015224457
81.0697937012 8.7745275497 -4.3116383553
83.6974411011 9.0826826096 -3.0129742622
85.9017562866 -1.7065800428 2.8752560616
86.7124023438 -3.3946294785 2.9428501129
87.4279403687 6.1898427010 2.7675235271
87.5514526367 -3.9342505932 2.9839687347
87.5697937012 28.0130939484 3.4017643929
103.4621887207 9.8518066406 -1.8391851187
104.4388885498 9.9342651367 -1.8599222898
103.2029495239 23.1041240692 -2.6416790485
104.0176010132 23.2744350433 -3.6543428898
104.8846282959 23.4798412323 -2.6847963333
104.3893051147 34.8901939392 -2.8505473137
104.9237060547 35.9693412781 -3.2219746113
119.3584823608 26.0320549011 0.5522872806
120.3989410400 25.2877941132 0.5674573183
121.2440948486 25.4614162445 0.2834920287
123.2661209106 24.1573696136 0.6003156304
124.1119155884 24.3228435516 0.6043592691
125.6095352173 25.5989589691 -1.2864570618
128.6811828613 9.7497816086 -1.4448268414
129.4592742920 10.8630685806 1.2436137199
128.3196868896 25.1672382355 2.2450268269
129.1785125732 25.3247528076 1.4442003965
129.8242034912 26.4916667938 1.4406815767
129.1949768066 36.3871345520 1.7704612017
147.1094360352 -9.2311449051 13.5559082031
148.0066070557 -9.2988586426 13.1755170822
148.9027557373 -9.3666458130 12.7896976471
151.9863891602 9.4088363647 -3.9084370136
152.8726806641 9.4885721207 -2.6262960434
153.7475433350 9.6134519577 1.0559623241
154.6076507568 9.6671724319 1.0618079901
158.0527648926 9.8659286499 0.2270160466
48.1136322021 28.2413806915 -2.1501817703
50.8166007996 28.7709789276 -1.5284687281
51.5671081543 29.1941204071 -1.5510925055
53.7062492371 28.9041481018 1.1441956758
55.3947601318 29.2687911987 -3.0072467327
56.3776931763 29.2307071686 -3.1971023083
57.1424713135 29.6257438660 -3.2404391766
67.4608688354 -1.5667709112 7.4243617058
68.2998733521 -1.5824563503 7.6771459579
68.5763778687 3.2326579094 11.5184431076
69.4113388062 -4.3254466057 11.3996057510
75.8648605347 9.1619157791 -3.6404395103
76.7275085449 9.2688026428 -3.5017366409
81.0142593384 9.2941627502 -4.5740656853
81.8951263428 9.4035463333 -4.1113014221
84.9033660889 5.3027114868 -2.9747357368
85.9126892090 -1.6437283754 3.0729284286
86.5860137939 6.0242824554 2.9435431957
87.4682540894 6.0714707375 2.2253479958
104.3053741455 10.5518388748 -4.7161231041
103.3061904907 22.3325901031 -4.9272003174
104.1966400146 22.5407543182 -3.6463687420
104.0815887451 33.0789985657 -3.1564323902
104.6503677368 34.1538543701 -2.8462333679
105.4750747681 34.4243469238 -2.6107292175
120.4012298584 25.3661556244 0.2797751129
121.4360198975 24.6113166809 0.5812945962
121.9324722290 26.4336566925 0.9512583613
123.1221542358 24.9574661255 0.9783811569
124.1098785400 24.4113597870 0.9942613840
127.7761993408 10.5525817871 0.8322812915
128.6352081299 10.6234178543 0.8378014565
129.4903106689 10.7012662888 1.2457551956
130.2625122070 11.7763862610 1.2358493805
129.0351715088 26.1541652679 1.0248385668
129.8750915527 26.3294048309 1.4419333935
130.5119781494 27.5069503784 1.4385803938
129.6737365723 34.7267074585 1.3695853949
147.2320709229 -9.4561491013 12.1898250580
148.0892791748 -9.5111122131 12.2606420517
148.8690338135 -9.5379180908 13.2554292679
150.2208099365 10.2740564346 -3.8833959103
151.0804138184 10.3327798843 -3.9056413174
151.9399414062 10.3914976120 -3.9278833866
152.8258972168 10.4765758514 -2.6458439827
153.6855773926 10.5354404449 -2.6607587337
154.4921875000 10.5478000641 -4.9536647797
155.3094177246 11.8421201706 -3.1952352524
156.2717895508 10.7216587067 -2.2205145359
157.1914367676 9.8714456558 -2.2155418396
51.5990982056 8.6138792038 -2.8131928444
52.4394340515 8.7513170242 -3.0244503021
48.4384613037 27.7136917114 -2.1533350945
48.9678306580 28.5201816559 -2.1850147247
48.3293495178 31.2355213165 -1.8480068445
50.6950531006 28.9981975555 -1.8908454180
53.6693191528 30.6952362061 -2.5779778957
56.5121879578 29.0618667603 -2.6563625336
57.2857971191 29.4580879211 -2.4926216602
66.6382598877 -1.7627533674 7.1279244423
67.5079727173 -1.2667833567 7.2072367668
68.3420715332 -1.2774604559 7.5103240013
68.6792602539 -1.1955585480 11.3994750977
69.5160980225 -1.7428834438 11.5523900986
75.0392150879 8.9654731750 -3.5986986160
75.8857803345 9.0634555817 -3.8173835278
76.7405319214 9.1653146744 -3.8603715897
77.2471847534 11.8122692108 -3.9433975220
80.2140274048 9.1076688766 -4.0245928764
81.1385574341 8.5773897171 -4.0568795204
83.7352905273 8.8625173569 -3.5329651833
84.5085525513 9.6009025574 -3.8437752724
86.8342056274 -1.8103537560 1.2890201807
87.6735992432 -1.8029062748 2.3887417316
103.6349868774 9.8296060562 0.0896835476
104.4797058105 9.8751907349 -1.8604774475
103.5348205566 21.4114151001 -4.5890784264
104.3781204224 21.5855026245 -4.6264586449
104.1415634155 32.9494552612 -3.1563103199
104.9712219238 33.2140769958 -2.8401687145
105.6027679443 34.0893325806 -2.6091706753
120.4947204590 24.9917144775 0.9507003427
121.3435592651 25.1590919495 0.2856131792
122.1887359619 25.3292236328 -0.0989475250
123.0326919556 25.5039253235 -0.0996880084
128.7411804199 9.4288015366 -1.4405068159
129.5297698975 10.5135345459 -0.2612889707
129.0897674561 25.9893550873 0.6182372570
130.0800170898 25.4124050140 1.0424200296
130.9077606201 25.5901126862 2.2884430885
147.2010498047 -9.6244087219 12.6502580643
148.0579528809 -9.6803512573 12.7237567902
148.9148406982 -9.7362957001 12.7972564697
151.9716491699 10.2025289536 -3.9251761436
152.8699188232 10.3053064346 -1.6944234371
153.7297668457 10.3632106781 -1.7039895058
155.3977203369 10.4231967926 -4.4962849617
156.2969055176 10.5177831650 -2.7027065754
157.1481170654 10.5658044815 -3.2052366734
158.0669860840 9.7092123032 -3.2054247856
49.2877082825 11.6663675308 -2.7660079002
52.4870910645 8.8255252838 -3.0282385349
48.2618713379 28.1634597778 -1.6348097324
47.6296119690 30.8387088776 -1.6468048096
49.9978408813 28.6521587372 -0.1244776919
50.9688491821 28.6872310638 -0.1279160678
51.9532470703 30.3157310486 -2.6933569908
53.1661605835 29.9298782349 -2.7352137566
55.5736999512 29.1922855377 -1.6499687433
57.4192657471 29.1786975861 -3.7936573029
66.5875167847 -1.6607373953 7.4880223274
67.4560012817 -1.1638733149 7.5719876289
68.3124160767 -1.1785765886 7.6677193642
68.8220443726 -1.6558349133 10.3439311981
69.6084060669 -1.6644333601 10.9035444260
75.8468780518 9.1642818451 -4.0553703308
76.7659988403 8.8274183273 -3.8541152477
77.2463989258 12.3820610046 -3.3486642838
81.0591506958 9.3262796402 -3.6893730164
82.7996749878 9.5390481949 -2.9922900200
83.7276840210 8.9905548096 -3.0123250484
84.5925903320 9.0877313614 -2.7794525623
85.4856491089 9.2141475677 -1.0090655088
86.8225936890 -1.6892609596 1.2868908644
87.6688461304 -1.6870485544 2.1148521900
104.2148895264 22.5686969757 -2.9860036373
105.0759582520 22.7659339905 -2.0941784382
103.8987731934 33.7059326172 -2.5688755512
104.7249298096 33.9759101868 -2.2480695248
107.0988388062 29.3229961395 -1.8841588497
120.4479293823 25.1556549072 0.5681346655
121.3669433594 25.3324146271 0.5686111450
122.3559112549 24.8017597198 0.5814306140
123.1928253174 24.9811611176 1.3636760712
127.8576126099 9.5520334244 -1.0364317894
128.7171020508 9.6161584854 -1.0434511900
129.0349273682 26.1738834381 1.0244171619
129.8796234131 26.3449726105 1.0310524702
130.8571166992 25.7725772858 2.2867367268
129.5151062012 35.5038719177 3.0215795040
130.5407257080 34.7262496948 3.0541369915
131.4497680664 34.9482955933 3.0700538158
147.1616668701 -9.4058866501 13.1024045944
147.9778289795 -9.4464302063 13.6376714706
148.8343353271 -9.5010242462 13.7164497375
151.1521148682 9.4909248352 -3.4208033085
151.9431610107 10.4147787094 -3.9285399914
152.8359069824 10.5093736649 -2.1721637249
153.7061157227 10.6229743958 0.6778743267
154.5659637451 10.6823358536 0.6816090941
158.1385498047 9.9697332382 -1.2510499954
170.0310211182 11.6904573441 -2.4172546864
173.9393920898 16.7691688538 2.1699051857
52.6079788208 8.3532791138 -2.6924114227
47.9004249573 28.8438892365 -1.1564151049
47.9482040405 30.4067802429 -1.1675072908
50.2742500305 28.1851634979 1.2565888166
50.7787170410 28.9965915680 -2.0760710239
51.0824966431 30.2226314545 -1.5516792536
52.6850090027 29.1447505951 -1.7667921782
53.4215736389 29.5531349182 -2.3595473766
54.3763694763 29.5360202789 -3.1130640507
55.5891723633 29.0900402069 -3.1582677364
56.5618209839 29.0439453125 -3.5469872952
57.3276329041 29.4364509583 -3.5949862003
67.5339965820 -1.2666000128 7.2060532570
68.3267059326 -1.2679146528 7.8799004555
69.0793075562 -1.2619338036 8.8354597092
69.6790466309 -1.7667033672 10.6880006790
75.9633941650 8.6232881546 -3.8112485409
76.8187255859 8.7201995850 -3.8541543484
77.7870788574 7.7654199600 -3.8791177273
84.6371459961 8.9642496109 -3.0429720879
86.8217163086 -2.4538860321 2.3796405792
87.6753005981 -2.4716279507 2.6748349667
103.7561416626 20.8186283112 -4.2578330040
104.3390121460 22.4180412292 -3.3192205429
104.9881439209 23.2064781189 -3.3505964279
103.9939422607 33.5654716492 -2.2312786579
104.8141021729 33.8297805786 -2.2489073277
107.1122817993 29.1814956665 -1.1935005188
120.5207748413 24.9918975830 0.9495148063
121.3679580688 25.1625366211 0.5722908974
122.2119140625 25.3372898102 0.5762135983
123.0356216431 25.5273838043 2.1366405487
124.0256500244 24.9862384796 2.1602993011
128.7443695068 9.3993825912 -2.9406433105
129.6037292480 9.4620571136 -2.9602963924
129.1077117920 25.9983482361 1.4326370955
129.9608612061 26.1594161987 0.6210327744
130.8058013916 26.3292961121 0.6250174642
130.7163085938 34.5391960144 1.7960298061
147.2653350830 -9.6381635666 12.1923093796
148.0847167969 -9.6801595688 12.7225389481
150.3097534180 9.1982574463 -4.7978329659
151.1130065918 10.1256275177 -4.8419122696
148.9615783691 -9.7212142944 13.2552528381
151.9862365723 10.1929912567 -4.3979525566
152.8968048096 10.3054952621 -1.6956466436
153.7412414551 10.4411258698 2.4689314365
154.6010437012 10.4994678497 2.4826831818
157.1906280518 10.5854511261 -2.2311646938
158.1096343994 9.7291316986 -2.2260301113
169.3058319092 10.4577045441 -0.2837747037
170.1013641357 11.4840250015 -0.8316296935
170.9541625977 11.5215368271 -1.8965597153
49.8118362427 13.1646900177 -2.8273026943
52.5573120117 8.3560981750 -3.3520591259
50.0041503906 28.5873622894 -2.0446562767
50.7523727417 29.0140647888 -2.0752599239
51.5163192749 29.4475746155 -1.5543487072
52.4938850403 29.4696445465 -1.5784701109
55.5992965698 29.1263198853 -2.2340812683
56.5823974609 29.0857067108 -2.4625728130
57.5185317993 29.1458244324 -2.4963245392
67.6119766235 -1.7721569538 6.7964959145
68.4029464722 -1.7779102325 7.5185403824
69.0583038330 -1.7558250427 9.2730369568
69.7270126343 -1.7420694828 10.6852855682
69.6051177979 21.0970611572 7.7917399406
75.9560317993 9.0906744003 -3.8211658001
76.8714447021 8.7515192032 -3.6770741940
82.0250167847 8.6796760559 -4.8699641228
83.0156173706 8.4315509796 2.7753410339
83.8369522095 8.9962463379 2.3386874199
86.0153884888 -2.4055433273 2.0868968964
86.8668289185 -2.9377379417 1.8503468037
87.7374343872 -2.9798965454 1.3250689507
103.4979858398 22.2887458801 -2.3910346031
104.3403701782 22.4699687958 -2.4105169773
105.4747161865 28.7531604767 -2.1928675175
106.3061370850 28.9795742035 -2.2101755142
105.4046554565 34.9455947876 -2.2748017311
119.7118225098 24.8631801605 1.3186907768
120.5556716919 25.0382823944 1.3279403448
121.4071655273 25.2053565979 0.5695742965
122.2539749146 25.3725261688 -0.1028548703
123.0979461670 25.5426559448 -0.4927496910
124.0884475708 25.0008316040 -0.4870854020
124.9333419800 25.1709156036 -0.4904335141
125.7712783813 25.3243389130 -1.6851735115
128.7349395752 10.4670801163 -1.4629960060
129.5764770508 10.5134286880 -2.6799511909
130.3952636719 11.3903322220 0.1241797581
129.0008392334 34.1498031616 3.0125923157
129.8515014648 34.3665237427 2.2005188465
130.6846160889 34.5868339539 2.2145903111
147.3164215088 -9.5864982605 12.1888599396
148.1735534668 -9.6422262192 12.2596969604
148.8721771240 -10.8122482300 13.2832355499
152.0604553223 10.2730674744 -3.1042592525
152.9353790283 10.3500308990 -2.1731786728
153.7852020264 10.4952001572 2.4657530785
155.4544677734 10.4681100845 -4.9828667641
156.4264678955 9.6687221527 -2.6899583340
157.2440643311 10.6598424911 -1.2589857578
158.0712127686 10.6719646454 -3.5949361324
160.7342224121 9.9443607330 -2.2656826973
161.5870971680 9.9875202179 -2.7788078785
170.8772888184 12.5590047836 -2.4466514587
49.0294837952 13.1074075699 -1.0145763159
49.8148040771 13.3020553589 -2.5502068996
51.7507820129 8.3751869202 -2.5299208164
52.6006431580 8.5125064850 -2.5714628696
50.9865379333 28.7669715881 -0.8557966352
51.7373352051 29.1900348663 -0.8684275150
55.5591201782 29.2627906799 -2.8197314739
57.4792022705 29.3030242920 -2.0976836681
67.6199645996 -1.5902773142 7.0007472038
68.4770584106 -1.6103916168 7.0893120766
69.3226394653 -2.0294022560 7.1871471405
69.6431427002 -1.9425773621 11.3368349075
68.3965835571 19.3481864929 7.2333006859
69.0699996948 20.1117458344 7.3156437874
69.8933792114 20.3511886597 7.4026837349
76.8523559570 8.9440984726 -4.1007971764
82.9668579102 9.1276998520 2.7622835636
83.8063964844 9.1124935150 -3.5416715145
84.6819229126 9.2165699005 -3.0505359173
104.1871490479 23.3614959717 -1.4307352304
105.0190582275 23.5400333405 -2.1085765362
105.4384841919 29.0465145111 -0.8426744938
106.2671966553 29.2713966370 -1.1905126572
119.8088073730 24.4886322021 1.7007991076
120.6531829834 24.6610984802 1.7127465010
121.5031204224 24.8298377991 1.3409053087
122.2012176514 25.7083835602 1.3413348198
127.9416961670 9.7309970856 -2.2365157604
128.8009643555 9.7963142395 -2.2515530586
129.6531829834 9.8536615372 -2.6689584255
129.5719604492 28.3063087463 1.8225766420
130.2473754883 29.2426166534 1.8254325390
129.9909820557 33.9539718628 1.7877371311
130.8248443604 34.1716346741 1.7991706133
146.3948669434 -10.2585458755 12.5895967484
147.2515106201 -10.3185291290 12.6631937027
148.1459197998 -10.3928165436 12.2774124146
149.0393066406 -10.4671707153 11.8862009048
152.0780334473 10.6994543076 -1.6978533268
152.9377593994 10.7599124908 -1.7074694633
153.7974090576 10.8203678131 -1.7170827389
156.4377136230 10.0977678299 -1.7288773060
157.2977294922 10.1532564163 -1.7383983135
158.1051177979 10.1517810822 -4.5670399666
161.6737670898 9.1851472855 -1.7621275187
49.6544036865 10.5867519379 -2.0503423214
51.8473968506 7.9376215935 -2.9724230766
52.6410026550 8.3690023422 -3.1906728745
50.1362571716 28.4992599487 -2.0487132072
50.9007263184 28.9313564301 -1.5358002186
51.8253746033 29.0505886078 1.4749498367
52.7983207703 29.0634098053 1.6815031767
55.4844703674 29.4475078583 -2.8203983307
65.3301239014 -1.3833551407 3.9524419308
67.7177352905 -1.3769872189 6.5743355751
68.6394729614 -3.5063080788 12.0330390930
69.6327590942 -2.6384086609 11.5667419434
68.5788803101 19.1959915161 6.3515181541
69.2930450439 19.8262023926 6.4243745804
71.0904617310 16.2705974579 6.5399241447
69.1924972534 25.5294952393 6.9964389801
76.8603973389 9.1946811676 -4.3468613625
83.8797149658 8.9062118530 -3.5404713154
84.7461471558 9.0026845932 -3.3129739761
120.6375045776 25.0464267731 0.2760755122
121.4826049805 25.2170238495 -0.1058262885
122.3265151978 25.3921470642 -0.1065738574
123.1704711914 25.5624084473 -0.4964707792
124.1610183716 25.0207386017 -0.4908121228
125.0059051514 25.1909523010 -0.4941626191
127.9466629028 10.1421947479 -2.9414517879
128.8187255859 10.2241249084 -2.2617413998
129.6777801514 10.2922887802 -2.2768313885
129.0362091064 22.4078521729 -0.0558444224
129.7413635254 23.3240165710 1.4625633955
147.4107360840 -9.8596935272 11.7350606918
148.2680053711 -9.9170131683 11.8032770157
152.0806732178 11.1858406067 -2.6529657841
153.0150909424 10.3836774826 -1.7027243376
157.2619476318 10.6189632416 -4.5544052124
158.1215209961 10.6769933701 -4.5793023109
160.8204803467 9.6501426697 -2.7620038986
161.6878967285 9.7118043900 -2.2757992744
169.4301605225 10.1767616272 -2.3848338127
170.2121887207 11.5504541397 -1.8942425251
171.1566925049 10.2906293869 -1.8787454367
172.0213928223 10.3528423309 -1.3551940918
172.8816528320 10.4046096802 -1.3619776964
49.6353073120 10.8649711609 -2.0555784702
51.8589973450 8.2357387543 -2.6538751125
50.9628906250 28.9172382355 1.2713127136
51.9364585876 28.9440135956 1.2885869741
52.6816215515 29.3580455780 1.6803320646
53.2003593445 30.1848392487 1.8476823568
55.6072731018 29.3371906281 -2.4338877201
65.3702545166 -1.3954238892 3.9508872032
66.2423477173 -1.4187604189 3.7980289459
67.7373352051 -1.3842197657 6.7823038101
68.5947723389 -1.4017415047 6.8681554794
69.6170425415 18.8846149445 6.2082376480
71.2769851685 15.7133665085 6.3189458847
76.0784301758 8.9369411469 -4.0608820915
81.2369461060 9.5534133911 -3.7024152279
83.1480712891 8.2698307037 2.7728831768
83.9323348999 8.8959932327 -3.2810776234
84.7887802124 8.9867687225 -3.3145577908
86.1041641235 -1.3784601688 3.5903680325
106.2944793701 29.3721694946 -3.1574447155
120.6696319580 25.0384006500 1.7037254572
121.5190429688 25.2098388672 1.3318492174
122.3629302979 25.3849086761 1.3410980701
124.0615005493 25.7139606476 -0.5015044212
124.9054565430 25.8888854980 -0.5049159527
128.0030822754 10.1316270828 -2.2480857372
128.8551483154 10.1917409897 -2.6628768444
129.7212524414 10.2676219940 -2.2782616615
129.4097595215 29.4585056305 1.8046602011
147.2557983398 -9.8170232773 14.0168962479
148.1945495605 -9.9028139114 13.1802425385
152.1802368164 9.9582653046 -3.9292757511
153.0276641846 10.0047292709 -4.4256930351
155.5789489746 11.4370517731 -1.2672483921
156.5226135254 10.2952651978 -1.2516351938
157.3826141357 10.3518323898 -1.2585117817
158.2426300049 10.4083995819 -1.2653890848
160.8056945801 10.5486631393 -2.7810404301
161.6728515625 10.6150398254 -2.2949278355
169.4255371094 11.1539011002 -0.8297702074
170.3481140137 10.2473316193 0.2401650101
171.1985321045 10.3265008926 1.6998422146
172.0588378906 10.3783931732 1.7083833218
3.8499023914 0.2163050175 -1.0577255487
3.9497661591 0.2834985256 -1.0856877565
4.7122225761 0.5524733067 -0.0460345410
2.7878410816 3.9853703976 0.1804863065
2.7416317463 4.0202369690 0.1935032308
2.7416317463 4.0202369690 0.1935032308
5.1796936989 -0.7875902653 0.0857587159
6.1093301773 -0.5632925630 -0.0978559926
4.8241519928 -4.3926296234 0.3154853582
5.6709070206 6.3600144386 -0.0599400289
7.0260243416 -4.6395258904 0.2165448219
6.9772129059 -4.6546611786 0.2912320197
6.9359159470 -4.5756597519 0.3108660877
7.8951015472 -0.4461910129 0.6276646256
7.3059782982 -4.5091776848 1.6684515476
7.7593898773 -4.2944035530 -0.1515950710
7.3075914383 -6.2576088905 0.0659857318
9.9138612747 -1.3361918926 1.2447602749
9.0959892273 -3.9243013859 1.4497323036
9.1352405548 -3.8585183620 1.5280534029
10.7655038834 -1.1119515896 -0.1753764898
10.5375576019 -0.2761516273 0.1074754298
10.5372371674 -0.2753688097 0.1410126984
10.5372371674 -0.2753688097 0.1410126984
10.3190240860 -0.2654416859 0.1506881416
9.5144720078 -4.2697229385 0.2242447287
9.5293827057 -4.3486819267 0.2367690206
9.5981922150 -4.4197711945 0.2409428507
9.4665184021 -4.2920494080 0.2594521642
9.4684381485 -4.4454026222 0.2627285421
9.4684591293 -4.2136769295 0.2637116313
9.5842275620 -4.3713693619 0.2679879367
9.6233997345 -4.3611025810 0.2720531821
9.5980291367 -4.4182848930 0.2744575441
9.5762739182 -4.3213438988 0.2876566350
9.7366037369 -4.3141818047 0.2994258106
9.6056699753 -4.4056892395 0.3009705842
9.6613149643 -4.3127946854 0.3028087616
9.6231384277 -4.3595833778 0.3055657744
9.5951900482 -4.4106817245 0.3079535961
9.5977735519 -4.4167551994 0.3079696596
9.4780530930 -4.2757358551 0.3169111013
9.7019224167 -4.2893161774 0.3272503316
9.5325288773 -4.3347239494 0.3291956782
9.5381793976 -4.3650732040 0.3296051323
9.6377477646 -4.2699503899 0.3297351003
9.4855566025 -4.3246417046 0.3311041296
9.5576295853 -4.3384761810 0.3348703384
9.5327463150 -4.3288397789 0.3357871473
9.6553745270 -4.3802332878 0.3716063797
9.5064573288 -4.3568902016 0.3965723217
9.6299839020 -4.3688611984 0.4060226083
9.5623722076 -4.3279151917 0.4262457490
9.6289472580 -4.3735666275 0.4319544137
9.3305435181 -4.8068618774 0.4472605884
10.3462629318 -4.1843523979 1.0336855650
9.0875530243 -5.3492627144 1.2392213345
9.2323083878 -4.4066262245 1.2609663010
11.0859317780 -0.7876274586 1.3044656515
11.4276514053 -0.1521013230 1.7934020758
11.9252977371 -2.9782917500 -0.1446260959
12.3633060455 0.0958016589 -0.1152270809
11.2615289688 -4.3947086334 1.2918987274
12.1818017960 -3.9761736393 1.4653254747
16.9089679718 -3.6638634205 -2.3201916218
18.2141361237 -2.7163789272 -1.6679768562
14.7300510406 -3.8262887001 -1.6079220772
14.5077323914 -4.1269712448 -1.4757940769
14.8489322662 -3.4170870781 -1.4718184471
13.9445438385 -4.2061581612 -1.4293289185
14.8869447708 -1.7223522663 -1.4215371609
14.4319295883 -4.1432538033 -1.4187871218
16.8646659851 -4.2338390350 -1.4033664465
14.8122615814 -3.4589993954 -1.3910329342
14.5958662033 -4.2406711578 -1.3887284994
13.9808959961 -4.0955533981 -1.3872519732
13.9808959961 -4.0955533981 -1.3872519732
13.9491987228 -4.2058997154 -1.3833948374
17.4783439636 -6.2802796364 -1.3820134401
14.5393571854 -4.1723051071 -1.3819316626
15.2338800430 -3.5538523197 -1.3805145025
14.5056571960 -4.0685782433 -1.3769444227
14.0350503922 -4.1439819336 -1.3765124083
17.8480224609 -5.0767292976 -1.3708329201
14.4141874313 -2.0602653027 -1.3707517385
18.1724643707 -3.7312169075 -1.3565523624
14.6128921509 -4.3149914742 -1.3522497416
13.9537134171 -4.2056021690 -1.3374471664
16.4081535339 -2.5457422733 -1.3364332914
17.0530147552 -2.8289728165 -1.3305541277
14.3049793243 -4.2244882584 -1.3238192797
14.1662092209 -4.0743036270 -1.3153365850
15.0833044052 -4.1808977127 -1.3104343414
14.3501625061 -2.6835372448 -1.3080073595
14.6601915359 -4.5443444252 -1.3070163727
14.1453695297 -4.1736831665 -1.3067269325
14.9962844849 -3.3218200207 -1.3060475588
15.0830554962 -3.9480235577 -1.3058888912
14.8406467438 -3.3701767921 -1.2979307175
14.8406467438 -3.3701767921 -1.2979307175
14.7612905502 -3.2305915356 -1.2925735712
17.6513252258 -5.6503090858 -1.2908351421
17.8881359100 -2.9103889465 -1.2905222178
14.8628997803 -4.0388984680 -1.2890938520
18.1930809021 -4.4029226303 -1.2874079943
15.2824687958 -3.1559121609 -1.2834593058
16.3482055664 -2.4851555824 -1.2793736458
14.8381576538 -4.2123470306 -1.2793471813
14.2734079361 -4.1032118797 -1.2785437107
14.8484840393 -4.7657790184 -1.2773188353
16.2566547394 -2.8825771809 -1.2741543055
16.2566547394 -2.8825771809 -1.2741543055
16.9882774353 -3.0448489189 -1.2725292444
14.1869888306 -4.3004670143 -1.2702994347
10.7321901321 -10.7008266449 -1.2617710829
14.5213317871 -4.5869584084 -1.2567670345
16.9249877930 -3.7277770042 -1.2546815872
14.8448619843 -3.3695724010 -1.2499563694
15.0484352112 -4.2699317932 -1.2484158278
15.3297891617 -2.8755478859 -1.2470602989
16.2616291046 -1.3330206871 -1.2457062006
14.5169200897 -4.8946952820 -1.2449969053
16.5640659332 -2.5163319111 -1.2439393997
14.9072914124 -4.8012599945 -1.2393405437
15.2080144882 -2.8118338585 -1.2387804985
16.1750450134 -1.4763158560 -1.2386379242
14.9206857681 -4.3280076981 -1.2368618250
13.7722358704 -4.1535639763 -1.2289525270
13.2368383408 -4.1022338867 -1.2287075520
15.1202497482 -3.1180212498 -1.2280861139
15.1817045212 -3.1337809563 -1.2263704538
16.2607574463 -2.8817374706 -1.2221741676
14.6626567841 -4.5026164055 -1.2213339806
15.0917701721 -4.1798086166 -1.2118198872
14.9103984833 -3.0756111145 -1.2111898661
14.9085073471 -4.0356235504 -1.1983611584
14.4301595688 -4.0957036018 -1.1972751617
11.8421154022 -9.5332584381 -1.1952896118
17.1100349426 -1.8958789110 -1.1948750019
15.6136703491 -1.3726581335 -1.1945114136
13.8425350189 -4.0666866302 -1.1940160990
15.2696714401 -2.9282135963 -1.1939917803
12.8160543442 -4.0811033249 -1.1936382055
10.7203702927 -9.4795465469 -1.1934475899
15.2285013199 -2.8553891182 -1.1898986101
15.1861591339 -2.7888374329 -1.1894385815
12.8459205627 -3.8770482540 -1.1884974241
13.4878749847 -2.0639631748 -1.1881157160
13.1274051666 -2.8332073689 -1.1874523163
16.1587638855 -1.3233895302 -1.1869020462
16.1141910553 -1.2382850647 -1.1867477894
13.3877172470 -1.9636213779 -1.1857755184
14.7315168381 -3.8646676540 -1.1857739687
14.8742418289 -4.9181919098 -1.1857632399
16.1164970398 -1.3893489838 -1.1835391521
14.7500314713 -4.2121129036 -1.1831493378
14.1748046875 -4.2646045685 -1.1819936037
15.2582015991 -3.4857385159 -1.1812438965
17.0851497650 -2.6979084015 -1.1789830923
13.4299659729 -1.9695360661 -1.1779197454
12.9607734680 -2.7770280838 -1.1759767532
14.4463491440 -2.8146891594 -1.1750926971
16.4227619171 -3.3616530895 -1.1731214523
10.9095478058 -9.7822065353 -1.1694350243
17.0226840973 -2.8715460300 -1.1666895151
17.6087760925 -5.9102907181 -1.1661869287
15.1376657486 -4.1115884781 -1.1658767462
15.0957784653 -4.1792030334 -1.1624947786
14.4042911530 -3.5188605785 -1.1618980169
11.2625675201 -10.1695709229 -1.1611250639
13.0049848557 -4.9717245102 -1.1607644558
15.4190597534 -2.7211918831 -1.1596033573
13.8366775513 -3.2559132576 -1.1573672295
13.1396436691 -2.6124598980 -1.1554772854
12.8662481308 -4.0902609825 -1.1531950235
13.4974069595 -1.9781528711 -1.1520558596
14.4199314117 -4.0187630653 -1.1516430378
14.9124650955 -4.0350174904 -1.1496983767
15.2954053879 -2.8070213795 -1.1486232281
17.2701778412 -2.5215573311 -1.1477679014
18.2972717285 -3.5019304752 -1.1455717087
15.2959108353 -2.9493365288 -1.1455248594
15.2735376358 -2.9274435043 -1.1449906826
13.5395765305 -1.9843760729 -1.1448541880
14.8570928574 -4.2403721809 -1.1426841021
12.7589941025 -3.9429268837 -1.1412577629
16.2173461914 -1.3406130075 -1.1411420107
15.1900024414 -2.7880616188 -1.1407690048
16.8466396332 -3.9574384689 -1.1405452490
16.2414875031 -1.3306583166 -1.1396281719
14.3073215485 -4.1496968269 -1.1395097971
14.2656173706 -4.3089408875 -1.1382826567
13.0957593918 -2.6512827873 -1.1381738186
17.7962570190 -2.2582833767 -1.1366647482
14.1787328720 -4.2641077042 -1.1353268623
18.2181129456 -4.1069889069 -1.1332019567
14.8132743835 -4.7680282593 -1.1329486370
18.1441497803 -3.9414758682 -1.1312340498
16.0970249176 -1.3620120287 -1.1295644045
17.1085529327 -3.0214755535 -1.1294758320
16.0110702515 -1.2292081118 -1.1285800934
16.0689888000 -1.3650738001 -1.1282261610
17.6956443787 -2.3358736038 -1.1281567812
10.9136533737 -9.7829513550 -1.1234539747
10.9136533737 -9.7829523087 -1.1234539747
10.9071712494 -9.6261501312 -1.1205327511
10.9071702957 -9.6261482239 -1.1205327511
17.3007087708 -1.2727743387 -1.1200991869
13.7650566101 -2.5654950142 -1.1164206266
16.1842689514 -2.7343816757 -1.1147269011
16.1842689514 -2.7343816757 -1.1147269011
16.1842689514 -2.7343816757 -1.1147269011
11.8034830093 -9.3795099258 -1.1138024330
17.9306392670 -4.0038719177 -1.1134513617
12.8279352188 -3.9872341156 -1.1111932993
16.1629352570 -2.8616380692 -1.1109687090
14.5068435669 -4.6713967323 -1.1097036600
13.4543886185 -1.6894482374 -1.1090809107
11.7311325073 -9.4728403091 -1.1084753275
11.7311325073 -9.4728403091 -1.1084753275
11.7311325073 -9.4728403091 -1.1084753275
11.7311315536 -9.4728422165 -1.1084752083
17.4832592010 -6.2887334824 -1.1083096266
10.8628339767 -9.5430374146 -1.1082128286
11.6654500961 -9.4600925446 -1.1057770252
14.9403390884 -3.5637533665 -1.1054542065
13.3465194702 -4.2011303902 -1.1054370403
16.0879745483 -1.0324729681 -1.1010566950
15.2627773285 -2.5393631458 -1.1006571054
18.4456939697 -3.3059899807 -1.1003198624
15.2991218567 -2.8062117100 -1.0996112823
16.1442680359 -1.3921915293 -1.0982967615
14.3137865067 -4.1180105209 -1.0977926254
13.2442932129 -4.1693153381 -1.0970115662
17.6663990021 -4.1990504265 -1.0927011967
17.6889076233 -1.3932375908 -1.0907503366
10.6352300644 -9.6406612396 -1.0896863937
14.1825189590 -4.2635707855 -1.0886489153
14.1825189590 -4.2635717392 -1.0886487961
15.2185373306 -3.2269573212 -1.0867298841
14.7577400208 -4.2109131813 -1.0864734650
17.5620441437 -4.1745061874 -1.0862636566
18.5295104980 -1.6751570702 -1.0797820091
14.0270013809 -4.0827903748 -1.0740915537
17.3618869781 -1.3494580984 -1.0730599165
15.0087785721 -3.1833622456 -1.0718580484
18.2016677856 -4.1969642639 -1.0716274977
17.5947570801 -2.2448627949 -1.0697159767
11.8276119232 -9.5288734436 -1.0692728758
10.3807888031 -9.5666809082 -1.0676406622
13.1266660690 -2.7151291370 -1.0675711632
17.4204082489 -4.8680152893 -1.0668767691
17.6940441132 -2.5814676285 -1.0649225712
13.3767690659 -4.1395077705 -1.0642949343
11.7351312637 -9.4732503891 -1.0611469746
11.7351303101 -9.4732484818 -1.0611469746
11.7351303101 -9.4732484818 -1.0611469746
11.7351303101 -9.4732484818 -1.0611469746
14.9988641739 -3.5203821659 -1.0608578920
14.9144392014 -3.4090158939 -1.0563138723
13.2743806839 -4.1081581116 -1.0561842918
14.9666547775 -3.9615311623 -1.0560402870
15.3208341599 -2.7012732029 -1.0536946058
14.2889289856 -4.2932190895 -1.0494478941
14.2889289856 -4.2932195663 -1.0494478941
13.0973491669 -4.1433324814 -1.0473867655
13.0973491669 -4.1433324814 -1.0473867655
13.0973491669 -4.1433324814 -1.0473867655
16.1407794952 -1.3202022314 -1.0440236330
10.9205827713 -9.7840223312 -1.0429615974
14.7931509018 -4.0937743187 -1.0421147346
13.0382680893 -4.1473860741 -1.0363068581
17.2011146545 -2.7115564346 -1.0358968973
14.8207664490 -4.7668294907 -1.0349230766
16.7761020660 -4.2321176529 -1.0336544514
12.9089794159 -4.0987234116 -1.0315126181
10.4639663696 -9.6392526627 -1.0313879251
16.6886577606 -4.1672906876 -1.0311118364
11.9166688919 -9.4983882904 -1.0309598446
11.8961019516 -9.4457988739 -1.0263600349
12.7904500961 -4.0484676361 -1.0230848789
10.6875944138 -10.0385351181 -1.0213313103
11.8232297897 -9.5398101807 -1.0209944248
11.8232297897 -9.5398101807 -1.0209944248
11.8232288361 -9.5398082733 -1.0209944248
11.8232288361 -9.5398082733 -1.0209944248
11.8232288361 -9.5398082733 -1.0209944248
10.6783313751 -9.5728807449 -1.0201538801
9.9075164795 -11.4243984222 -1.0186160803
11.7576160431 -9.5269680023 -1.0183013678
14.5546216965 -4.5459446907 -1.0182242393
16.9786701202 -2.8151121140 -1.0178040266
10.6702032089 -9.4179201126 -1.0176987648
10.6702032089 -9.4179201126 -1.0176987648
12.7004394531 -3.9833745956 -1.0162755251
15.1266450882 -4.0249381065 -1.0158594847
10.5975809097 -9.5024986267 -1.0125513077
13.2031860352 -4.1744728088 -1.0117881298
17.6581192017 -5.7883195877 -1.0101702213
12.7281303406 -3.9437253475 -1.0100880861
15.2178192139 -2.6823811531 -1.0099565983
14.4560585022 -5.0884246826 -1.0050169230
14.8721380234 -3.8007915020 -1.0035837889
10.4878005981 -9.4791593552 -1.0026009083
10.5076246262 -9.2784147263 -1.0024173260
10.5076246262 -9.2784128189 -1.0024173260
14.3059024811 -4.3361816406 -1.0020714998
16.9106006622 -3.5722193718 -1.0019373894
17.3373508453 -4.8396792412 -1.0011355877
14.9465379715 -4.3556036949 -1.0004416704
10.9700698853 -9.9601030350 -1.0003243685
11.0202140808 -8.9773035049 -0.9983878136
17.9287681580 -4.0896210670 -0.9980114698
11.0986509323 -8.9346256256 -0.9977269769
14.7966451645 -4.0930633545 -0.9937509298
16.0650177002 -1.3109630346 -0.9902488589
15.9794692993 -1.1491483450 -0.9899193048
18.0572128296 -4.8882689476 -0.9878982902
10.7931928635 -9.9961624146 -0.9863613844
11.9846544266 -9.5116081238 -0.9855734706
16.0572605133 -1.4856814146 -0.9841529727
12.8094329834 -3.9562900066 -0.9796024561
10.7524480820 -9.1576967239 -0.9771386981
10.7524490356 -9.1576986313 -0.9771386981
10.6820592880 -9.5733537674 -0.9751371145
9.5420541763 -10.3449230194 -0.9741140008
11.8208131790 -9.5089511871 -0.9737151265
11.8270254135 -9.5400409698 -0.9733148813
11.8270254135 -9.5400419235 -0.9733148813
11.8270254135 -9.5400409698 -0.9733148813
10.6739196777 -9.4183816910 -0.9730139375
10.6739196777 -9.4183816910 -0.9730139375
14.6198644638 -4.7017688751 -0.9723858833
10.6818151474 -9.2428989410 -0.9720677137
10.6818151474 -9.2428989410 -0.9720677137
10.6818151474 -9.2428989410 -0.9720677137
17.1739330292 -3.0639605522 -0.9720672369
17.0593509674 -2.7702927589 -0.9717335105
14.6217470169 -4.8521423340 -0.9691731930
17.0711479187 -2.9312217236 -0.9671591520
9.7514123917 -9.2662925720 -0.9671226740
13.2568502426 -4.2006649971 -0.9662801027
17.4297695160 -4.3380498886 -0.9636208415
10.5279941559 -9.5869874954 -0.9627001882
13.2054367065 -4.5910658836 -0.9623696804
14.8709917068 -4.0060639381 -0.9600464702
10.5184993744 -9.5082845688 -0.9588428736
10.5112838745 -9.2788639069 -0.9583944678
11.5783443451 -10.3483285904 -0.9577783346
10.4617385864 -9.7686195374 -0.9557127357
12.9824905396 -4.1791725159 -0.9508213401
14.7518606186 -4.2264475822 -0.9498118758
17.6021785736 -2.5636937618 -0.9488310218
10.2835721970 -10.5060319901 -0.9469209909
16.1780204773 -1.3691858053 -0.9435497522
13.4126758575 -3.9558072090 -0.9414861798
11.9966382980 -9.5009813309 -0.9381648302
13.0803308487 -2.6287128925 -0.9334114790
16.8607425690 -4.0425677299 -0.9332455397
10.7560548782 -9.1580390930 -0.9327769876
10.7560548782 -9.1580390930 -0.9327769876
11.2439756393 -10.1972560883 -0.9324668050
10.9225139618 -7.9089818001 -0.9291521907
10.6854076385 -9.2432527542 -0.9277051091
10.6854076385 -9.2432527542 -0.9277051091
14.4181804657 -4.2237930298 -0.9270102978
16.7564678192 -4.2658085823 -0.9252014756
10.6162452698 -9.9667682648 -0.9231634140
14.3020315170 -4.2786421776 -0.9205414653
16.1739749908 -2.7134315968 -0.9202026725
17.2239646912 -3.0754947662 -0.9192117453
10.6023063660 -9.4618749619 -0.9191426635
14.8732137680 -3.7385580540 -0.9178023934
10.5946817398 -9.3081064224 -0.9173486829
13.5457754135 -1.4789707661 -0.9167313576
17.0887851715 -2.9440243244 -0.9147194028
10.5148382187 -9.2792263031 -0.9143621922
10.5148382187 -9.2792263031 -0.9143621922
14.8413295746 -4.0493416786 -0.9117854238
11.0091047287 -9.8151435852 -0.9077564478
12.2352380753 -9.5463771820 -0.9074435830
14.0173301697 -4.0280642509 -0.9028206468
13.9366598129 -4.0508790016 -0.8960856795
18.2082633972 -4.2097868919 -0.8950614929
10.8374328613 -9.0627822876 -0.8940317631
10.7525682449 -10.0564155579 -0.8908341527
10.7595529556 -9.1582870483 -0.8884062767
15.9736003876 -1.1756772995 -0.8867311478
10.1133375168 -9.7306737900 -0.8862580061
10.6892061234 -9.5740308762 -0.8850756884
10.6892061234 -9.5740308762 -0.8850756884
10.1162567139 -9.4774446487 -0.8823027015
17.2634735107 -5.1942367554 -0.8807697296
10.6153545380 -9.6586914062 -0.8798707128
16.7917881012 -4.1329817772 -0.8751777411
13.5440788269 -3.9044377804 -0.8737672567
10.5350637436 -9.5876817703 -0.8732994795
10.6065959930 -9.1344451904 -0.8730175495
16.7596282959 -4.2647881508 -0.8708289266
16.7596282959 -4.2647871971 -0.8708289266
16.7596282959 -4.2647871971 -0.8708289266
16.8201026917 -4.4779005051 -0.8701437712
10.4425258636 -9.6919355392 -0.8668175340
17.1551876068 -2.8860707283 -0.8653752804
17.1443710327 -2.9220130444 -0.8631820083
9.8664941788 -9.4309282303 -0.8623577952
12.9079475403 -3.8954596519 -0.8587512374
16.1472053528 -0.6059527993 -0.8587095737
14.8937845230 -4.3712816238 -0.8585551381
10.3712177277 -9.5203342438 -0.8583712578
10.9333801270 -10.0215129852 -0.8577622175
12.2332859039 -9.6386260986 -0.8564708829
12.7649240494 -3.9703733921 -0.8506239653
10.8241233826 -9.7634487152 -0.8501563072
10.2457132339 -9.4411125183 -0.8499301672
10.2151145935 -10.4308118820 -0.8492791057
13.2153015137 -4.1723103523 -0.8478318453
16.5498313904 -5.0353264809 -0.8444176316
10.1252012253 -9.7218875885 -0.8427969813
10.1643781662 -9.4216966629 -0.8421800137
12.0089559555 -10.1836242676 -0.8413302898
10.1241149902 -9.4047937393 -0.8407253623
12.6493644714 -9.3206052780 -0.8397619724
16.0416107178 -1.2479764223 -0.8389265537
18.2113227844 -4.2085895538 -0.8363614082
17.2832164764 -1.9720236063 -0.8363527060
16.5248432159 -2.5358977318 -0.8362461329
15.9414930344 -1.1463130713 -0.8357025981
10.1511201859 -9.3322868347 -0.8345628381
17.3573398590 -4.8996434212 -0.8340362310
10.6102237701 -9.1747121811 -0.8325901031
18.6081390381 -2.6376004219 -0.8301907182
10.5384454727 -9.5878934860 -0.8285861611
9.9482116699 -9.5043468475 -0.8260783553
10.4990129471 -9.4198446274 -0.8221718073
9.9286670685 -9.2876634598 -0.8209676147
16.7947845459 -4.1319150925 -0.8207967281
14.8652906418 -3.8723099232 -0.8196567297
16.7626285553 -4.2637281418 -0.8164479136
17.1742916107 -2.7838380337 -0.8136093616
17.1580448151 -2.8849318027 -0.8106554747
10.3720598221 -9.4969530106 -0.8105686903
16.1946544647 -0.7115967274 -0.8076603413
17.9884090424 -5.0961608887 -0.8067886233
16.0923271179 -0.5812658668 -0.8052975535
16.1000499725 -0.6502473950 -0.8047167659
9.5620069504 -10.1962041855 -0.8023719788
15.9972467422 -0.5203000307 -0.8023239970
15.9881048203 -0.4837823808 -0.8021284342
17.0258789062 -0.5328439474 -0.8001279831
15.9385671616 -0.5033037663 -0.7994543910
14.5520687103 -11.4514455795 -0.7991786003
10.1273860931 -9.4050092697 -0.7973362207
15.8900489807 -0.5168893337 -0.7969567180
15.8808956146 -0.4805913568 -0.7967558503
10.1368389130 -9.8570652008 -0.7961626053
15.8693857193 -0.4868275225 -0.7960972786
15.8313694000 -0.4999838471 -0.7940852046
10.0630846024 -9.4762639999 -0.7928581834
10.0548372269 -9.4853296280 -0.7922854424
15.7471618652 -0.4208904803 -0.7902560830
15.7733945847 -0.5550860167 -0.7902482748
15.7733945847 -0.5550860167 -0.7902482748
17.3348903656 -4.3092503548 -0.7897626162
17.5750312805 -4.9810132980 -0.7882446051
16.8171920776 -0.7713265419 -0.7854361534
10.5827751160 -9.4907674789 -0.7840350270
12.8247299194 -4.0637569427 -0.7796368599
12.8038616180 -3.9837872982 -0.7781999111
10.4491605759 -9.6922903061 -0.7773813605
12.7363882065 -3.9130983353 -0.7766912580
10.5505084991 -9.4147100449 -0.7765925527
12.4225397110 -9.4884595871 -0.7734352350
9.7599573135 -9.1184396744 -0.7661821246
16.1011638641 -0.4385034144 -0.7585271001
16.1011638641 -0.4385034144 -0.7585271001
16.1011638641 -0.4385035336 -0.7585271001
10.2562818527 -10.1989078522 -0.7575255036
17.1632347107 -2.8685114384 -0.7563757896
17.1607341766 -2.8837656975 -0.7559278607
12.1853199005 -9.5438442230 -0.7558124661
10.1305522919 -9.4051351547 -0.7539390922
15.9943056107 -0.4214059114 -0.7538079619
15.9939374924 -0.4356434941 -0.7534790039
15.9939374924 -0.4356433749 -0.7534790039
15.9939374924 -0.4356433749 -0.7534790039
15.9939374924 -0.4356434941 -0.7534790039
15.9939374924 -0.4356433749 -0.7534790039
15.9939374924 -0.4356433749 -0.7534790039
15.9939374924 -0.4356433749 -0.7534790039
15.9939374924 -0.4356434941 -0.7534790039
15.9939374924 -0.4356433749 -0.7534790039
18.0298213959 -4.9536609650 -0.7529253960
10.1482362747 -9.3788986206 -0.7514924407
10.0579977036 -9.4854612350 -0.7488879561
10.0928945541 -9.4331159592 -0.7477943301
15.8091268539 -0.3904349506 -0.7455928922
15.8114252090 -0.4779002666 -0.7437787652
15.7670326233 -0.3900710642 -0.7434430122
10.5820560455 -9.5195322037 -0.7423232198
15.7761154175 -0.4763218164 -0.7419630885
18.6121559143 -2.6356573105 -0.7416167855
15.7758436203 -0.5540013909 -0.7404965162
10.5532369614 -9.5785465240 -0.7397223115
17.4947547913 -0.6111849546 -0.7383517027
9.8637123108 -9.5068197250 -0.7357872725
18.7838420868 -0.6539975405 -0.7336643338
12.7724361420 -4.0387315750 -0.7333404422
18.1751956940 -4.3341226578 -0.7289543152
18.5407352448 -3.1089568138 -0.7279982567
17.4744873047 -4.9510364532 -0.7265585065
16.1033039093 -0.4233385026 -0.7207931876
16.1029357910 -0.4376698434 -0.7204622030
16.1029357910 -0.4376698434 -0.7204622030
16.1029357910 -0.4376698434 -0.7204622030
16.1029357910 -0.4376698434 -0.7204622030
16.1029357910 -0.4376698434 -0.7204622030
16.1029357910 -0.4376698434 -0.7204622030
16.1029357910 -0.4376698434 -0.7204622030
17.1788902283 -2.7817783356 -0.7178311944
17.3246078491 -5.0490455627 -0.7171149254
13.9782457352 -4.0551886559 -0.7156530023
13.8942461014 -4.1047863960 -0.7107569575
12.0638647079 -9.6916427612 -0.7106584907
16.8472805023 -4.3867578506 -0.7087525725
16.0792427063 -2.6918165684 -0.7086116672
15.7775793076 -0.5531843901 -0.7031779885
10.0673246384 -9.3602972031 -0.7015303373
16.2140254974 -0.3441251814 -0.6891375184
16.2140254974 -0.3441251814 -0.6891375184
16.2140254974 -0.3441251814 -0.6891375184
16.2140254974 -0.3441251814 -0.6891375184
9.7114543915 -11.2910699844 -0.6849474311
18.7073230743 -0.4889643192 -0.6764462590
17.1415977478 -2.8636243343 -0.6731886864
18.2410316467 -5.0076713562 -0.6725178361
12.1590919495 -9.4739351273 -0.6712063551
16.8741321564 -4.2865738869 -0.6710106134
8.1822013855 -11.2009086609 -0.6697587371
16.9366283417 -0.4889223874 -0.6640136242
18.0986766815 -5.1217722893 -0.6638107896
13.2829036713 -2.6125099659 -0.6628918052
13.2806291580 -2.6243791580 -0.6625283360
10.0592908859 -9.6491975784 -0.6614247561
11.8623390198 -9.4407939911 -0.6517450213
8.4210491180 -11.4487237930 -0.6469098330
16.1640548706 -4.3832678795 -0.6366969943
17.7098693848 -0.7202706337 -0.6334680319
10.2191839218 -9.4767665863 -0.6285722256
10.7074050903 -9.5739364624 -0.6259696484
10.7074050903 -9.5739364624 -0.6259696484
13.2976894379 -2.5448341370 -0.6221447587
10.6335105896 -9.6586503983 -0.6207615137
10.6335105896 -9.6586503983 -0.6207615137
13.2828598022 -2.6234970093 -0.6197471619
12.1161804199 -9.6281814575 -0.6192425489
18.2050552368 -4.7290172577 -0.6180490851
17.0428771973 -0.5906575918 -0.6124733686
16.9668369293 -0.4572684169 -0.6119514108
16.9668369293 -0.4572684765 -0.6119514108
10.3919734955 -10.0274505615 -0.6017222404
14.3080101013 -2.2267248631 -0.5998472571
17.2475833893 -4.1258249283 -0.5936895609
16.9279403687 -1.2556170225 -0.5926783681
10.0663318634 -9.5464735031 -0.5871985555
13.2308998108 -4.1676826477 -0.5852698684
17.7961616516 -0.7042825222 -0.5806133747
16.5359077454 -3.5306723118 -0.5797154307
13.2849626541 -2.6225900650 -0.5769599676
13.8304529190 -3.9288585186 -0.5750368834
16.3220405579 -1.1623629332 -0.5727413297
17.4662017822 -3.0533816814 -0.5712502599
17.4635295868 -3.0688927174 -0.5707889795
18.6035366058 -2.7409775257 -0.5613235831
10.2240037918 -9.4762907028 -0.5519967675
13.3012866974 -2.5432286263 -0.5472635627
13.3012866974 -2.5432286263 -0.5472635627
13.2864542007 -2.6218931675 -0.5448658466
13.2864542007 -2.6218931675 -0.5448658466
13.9121217728 -4.0392665863 -0.5421454906
17.3542175293 -4.1490597725 -0.5412278771
17.2969131470 -4.3869271278 -0.5334128737
10.6369209290 -9.5615224838 -0.5326045752
10.3171682358 -9.3738889694 -0.5145742297
13.2878732681 -2.6211817265 -0.5127687454
13.2878732681 -2.6211822033 -0.5127687454
13.8598918915 -3.9422478676 -0.5077328682
16.9704456329 -0.4548929334 -0.5050839782
16.9704456329 -0.4548929334 -0.5050839782
16.1551609039 -1.8962020874 -0.5000277162
16.1305732727 -4.7120833397 -0.4834633172
12.9539470673 -4.0319685936 -0.4669370353
17.5730895996 -3.0844733715 -0.4620957375
13.7988576889 -2.0344636440 -0.4593409896
10.7150135040 -9.5308504105 -0.4451189935
16.3999004364 -2.7326450348 -0.4387388229
16.9331073761 -1.2519500256 -0.4323715866
17.6842365265 -2.3573288918 -0.4268842638
17.3007335663 -4.3841538429 -0.4212428033
10.2315473557 -9.4748401642 -0.4206869900
17.2751922607 -4.4858484268 -0.4178544581
16.2357959747 -1.4938292503 -0.4126625955
10.8729896545 -9.5156087875 -0.4086340666
10.6548967361 -9.6465597153 -0.3958743215
9.6327285767 -9.2334947586 -0.3913486600
13.1874189377 -2.5979096889 -0.3812673390
13.9720315933 -3.9552898407 -0.3745974600
13.9454984665 -4.0501976013 -0.3713129461
10.9567241669 -9.5847663879 -0.3662659228
18.4601936340 -3.4796981812 -0.3610496223
17.5788879395 -3.0660746098 -0.3503682017
12.9050827026 -4.0818881989 -0.3359198868
10.2360706329 -9.4734172821 -0.3331256211
11.0893316269 -9.5032873154 -0.3285019398
16.2260799408 -2.8172214031 -0.3259201348
10.9674959183 -9.5734052658 -0.3216898739
17.2783432007 -4.4828948975 -0.3056682050
18.6341400146 -4.9026970863 -0.2733874619
16.8360824585 0.0411965474 -0.2650737762
16.8740577698 -0.1486505121 -0.2563135922
10.8174409866 -9.6288948059 -0.2450753301
18.0706577301 -5.6373925209 -0.2343044281
18.5311985016 -4.8742041588 -0.2272878587
18.4528827667 -4.9520125389 -0.2192041874
16.8710117340 0.0840827078 -0.2150755674
16.9806957245 0.0313107744 -0.2119080126
10.8847665787 -9.5515518188 -0.2042609602
10.8109760284 -9.6374826431 -0.1990308464
10.8109750748 -9.6374816895 -0.1990308166
10.5710535049 -9.6567621231 -0.1888946444
16.2239685059 -4.6888980865 -0.1804541796
18.6809253693 -4.9124536514 -0.1705695093
18.5770549774 -4.8851637840 -0.1696179062
18.6823959351 -4.8778843880 -0.1682353318
18.6527976990 -4.8813982010 -0.1668163091
18.6917781830 -4.9764690399 -0.1664984971
18.5488433838 -4.8544397354 -0.1658536196
18.5879611969 -4.9489822388 -0.1655536145
18.5132064819 -4.8274912834 -0.1648290157
18.6236114502 -4.9306988716 -0.1644118130
18.5384654999 -4.8590273857 -0.1621234417
18.6616134644 -5.0052495003 -0.1613405794
18.5577964783 -4.9777631760 -0.1603957564
10.9682693481 -9.6200466156 -0.1600676775
10.8865900040 -9.5503482819 -0.1588077694
10.8865890503 -9.5503463745 -0.1588077694
10.8127956390 -9.6362800598 -0.1535774618
10.8127946854 -9.6362791061 -0.1535774320
16.9089832306 -0.0981964320 -0.1526344419
16.8755512238 -0.1313094795 -0.1503924578
10.0275707245 -10.4475708008 -0.1463283896
10.5379734039 -9.5261659622 -0.1462766230
16.1482028961 -2.7512340546 -0.1340862215
16.2517108917 -4.5917720795 -0.1306500286
16.2249469757 -4.6873302460 -0.1273408383
16.5687198639 -3.2378039360 -0.1215308383
16.5433292389 -3.3676578999 -0.1175316647
10.9699974060 -9.6187467575 -0.1142809093
10.9699974060 -9.6187486649 -0.1142808646
10.8956670761 -9.7053041458 -0.1090125442
18.5793590546 -4.8491697311 -0.1075170338
18.7221126556 -4.8793177605 -0.1063449606
18.6181221008 -4.8525195122 -0.1057095155
18.4850597382 -4.9197216034 -0.1051859334
18.7284221649 -4.9561290741 -0.1049463674
18.6998462677 -4.9230189323 -0.1043769792
18.5959072113 -4.8959827423 -0.1037491187
18.6669139862 -4.9020771980 -0.1033432484
18.6487960815 -4.8775391579 -0.1030600294
18.5629577637 -4.8751540184 -0.1027121395
18.6433658600 -4.8840742111 -0.1026705205
18.5448131561 -4.8507452011 -0.1024248302
18.7183151245 -4.9449381828 -0.1012421623
18.6769351959 -4.9742722511 -0.0987227038
18.4937362671 -4.9396300316 -0.0981597155
18.5730495453 -4.9470949173 -0.0981003866
18.4691677094 -4.9199175835 -0.0974781364
13.6241235733 -9.1460189819 -0.0736390129
16.3300056458 1.1180654764 -0.0691575557
10.9716157913 -9.6173534393 -0.0684928522
10.9716157913 -9.6173553467 -0.0684928149
10.8899087906 -9.5476675034 -0.0678965449
10.8899087906 -9.5476675034 -0.0678965449
18.4669971466 -4.8544459343 -0.0501252599
18.5213909149 -4.8998622894 -0.0439475589
18.4853630066 -2.6927459240 -0.0433669575
18.6151351929 -4.9160881042 -0.0401940607
18.5112056732 -4.8890852928 -0.0398982763
18.7065467834 -4.9757723808 -0.0392054729
18.6026668549 -4.9485874176 -0.0389159881
18.7022018433 -4.9923424721 -0.0386450849
18.7022018433 -4.9923424721 -0.0386450849
18.7022018433 -4.9923424721 -0.0386450849
18.7022018433 -4.9923424721 -0.0386450849
18.7022018433 -4.9923424721 -0.0386450849
18.7022018433 -4.9923424721 -0.0386450849
18.7022018433 -4.9923429489 -0.0386450738
18.7022018433 -4.9923429489 -0.0386450738
18.7022018433 -4.9923429489 -0.0386450738
18.7022018433 -4.9923429489 -0.0386450738
18.5983371735 -4.9650664330 -0.0383582897
18.5983371735 -4.9650664330 -0.0383582897
18.5983371735 -4.9650664330 -0.0383582897
18.5983371735 -4.9650664330 -0.0383582897
18.5983352661 -4.9650654793 -0.0383582227
18.5983352661 -4.9650654793 -0.0383582227
18.5983352661 -4.9650654793 -0.0383582227
18.5983352661 -4.9650654793 -0.0383582227
18.5983352661 -4.9650654793 -0.0383582227
18.5983352661 -4.9650654793 -0.0383582227
18.4944820404 -4.9377908707 -0.0380718559
10.9731254578 -9.6158618927 -0.0227040723
16.2264442444 -4.6840586662 -0.0211113282
10.5291700363 -9.6973228455 -0.0065264818
18.4766845703 -4.8185720444 0.0119633367
16.7935714722 -0.3957261443 0.0138112297
18.4950466156 -4.9359068871 0.0220166650
18.4950466156 -4.9359068871 0.0220166650
18.4950466156 -4.9359068871 0.0220166650
18.4950466156 -4.9359073639 0.0220166743
10.5658874512 -9.2659711838 0.0227486137
18.4936580658 -4.8633370399 0.0761476681
18.4954376221 -4.9339756966 0.0821047649
18.4999408722 -4.9156122208 0.1416383386
16.2026691437 -4.3068289757 0.1688979566
18.4956684113 -4.9299693108 0.2022790015
17.7232437134 -4.1180291176 0.3302090764
17.3874702454 -4.4889950752 0.3414355814
17.8272666931 -4.1399598122 0.3894798756
18.5076026917 -2.8699641228 0.4151316583
18.3774051666 -0.4558827281 0.4633845985
17.5117931366 -1.5870920420 0.5079065561
17.8654136658 -4.3283281326 0.5137906671
17.4072685242 -4.9349632263 0.5196176767
17.4886322021 -4.1949810982 0.5487158895
17.5993041992 -1.3456294537 0.5610966086
17.9935417175 -4.2455811501 0.5712988377
17.0619735718 -4.0772094727 0.5829141736
17.5955314636 -0.8132320642 0.6043058634
17.7594223022 -2.9918854237 0.6221734881
18.2712249756 -4.1137919426 0.6293280125
17.5463047028 -4.8234052658 0.6314024925
17.2335014343 -4.0122570992 0.6361665130
17.4107589722 -4.1625781059 0.6555995345
17.2475929260 -2.9922945499 0.6594831944
17.4226589203 -3.2309362888 0.6735584736
17.9260749817 -4.1532049179 0.6803758740
17.9192790985 -5.0453238487 0.7163652778
17.9852466583 -4.2547693253 0.7460092902
17.8142280579 -5.0141987801 0.7704187632
17.5186557770 -3.0863487720 0.7851396203
17.9247016907 -4.4985527992 0.7976149321
17.3904438019 -3.2460393906 0.8359584212
18.0513725281 -4.0485606194 0.8364037871
17.8520469666 -4.3304800987 0.8606758714
17.9820556641 -4.0702233315 0.8737155795
18.0789356232 -4.0940237045 0.8791459203
17.6698951721 -4.1598296165 0.8898333311
17.5647449493 -3.0426189899 0.8981834650
18.1575489044 -4.0796914101 0.9031692147
17.5899047852 -4.9094724655 0.9192018509
17.7909202576 -2.2272741795 0.9359820485
18.0504493713 -4.0541324615 0.9561392069
18.1142578125 -4.1287446022 0.9645145535
17.6615695953 -2.3214845657 0.9693173170
18.1396942139 -3.4335877895 0.9864793420
18.1779441833 -3.2549571991 0.9907904267
17.6636695862 -2.4074630737 0.9916962385
17.8163013458 -4.0568876266 0.9948853254
18.1044845581 -3.6445579529 1.0026657581
17.4422969818 -3.4967889786 1.0153299570
17.8893680573 -4.5934801102 1.0332305431
17.7510890961 -2.4362597466 1.0336786509
18.3937282562 -2.5554170609 1.0339016914
18.0576095581 -3.2714886665 1.0339628458
17.4691314697 -4.1444272995 1.0489059687
17.5446681976 -3.5152900219 1.0773280859
17.8089179993 -4.4603958130 1.0816075802
17.4098930359 -4.0327177048 1.0947867632
17.8602428436 -4.0859618187 1.1180377007
17.8697223663 -3.2448613644 1.1235381365
17.5093803406 -4.7493014336 1.1378682852
18.3875694275 -2.5512754917 1.1505849361
17.7821636200 -4.9711155891 1.1622414589
17.7156009674 -1.7656131983 1.1872993708
17.2280158997 -5.3276095390 1.2092669010
17.5393829346 -3.9150817394 1.2094496489
17.7577152252 -3.2212028503 1.2289321423
17.4481010437 -4.7644667625 1.2322170734
16.6919975281 -6.5003666878 1.2373776436
17.1937885284 -5.4254450798 1.2695306540
17.6437244415 -5.0404295921 1.2745481730
17.4609241486 -4.8082976341 1.3004316092
18.6040267944 -1.4379382133 1.3029042482
17.9432239532 -3.0798883438 1.3210823536
17.7786235809 -3.9176354408 1.3469185829
17.5069942474 -4.9222431183 1.3573704958
17.5979785919 -4.6969723701 1.3602530956
17.6000175476 -4.7656159401 1.3736143112
17.5962772369 -5.1011853218 1.3811436892
17.5970153809 -3.4330570698 1.3819266558
17.3969211578 -5.3622384071 1.3959075212
17.4957351685 -4.9131236076 1.4264688492
17.7631263733 -4.5480690002 1.4308967590
17.7479724884 -2.3138899803 1.4317326546
18.1178207397 -2.7575442791 1.4761216640
17.6120319366 -3.7464590073 1.4821720123
17.7384376526 -3.6646308899 1.4875032902
17.7762718201 -4.0212802887 1.5064666271
17.3457241058 -4.8379459381 1.5181845427
17.8856048584 -2.8282563686 1.5192700624
17.4861202240 -4.7299380302 1.5223072767
17.4489383698 -4.8662333488 1.5269823074
17.5895557404 -4.7574300766 1.5310773849
17.7642631531 -4.0304279327 1.5643247366
17.7754516602 -2.8094778061 1.5670964718
17.8811779022 -2.8259017467 1.5761802197
17.6127586365 -4.6514000893 1.5848128796
17.5480403900 -4.8914079666 1.5930109024
17.7479686737 -2.2036848068 1.5976182222
17.4227352142 -4.7736492157 1.5991330147
17.7119808197 -4.6751980782 1.6514439583
17.8488864899 -3.7315673828 1.6680929661
17.3699378967 -4.6932296753 1.6832053661
17.3237209320 -4.4265971184 1.7216627598
14.8661432266 -3.2720661163 1.7709846497
17.0729351044 -2.8750417233 1.7760435343
17.4798450470 -3.7081191540 1.8108699322
17.9836006165 -2.7275011539 1.8110302687
14.8577203751 -3.2998197079 1.8241901398
15.2775688171 -3.1478693485 1.8320108652
14.7529726028 -3.2447385788 1.8412452936
14.7576446533 -3.2808485031 1.8418253660
17.1195888519 -5.1253104210 1.8582853079
14.7483301163 -3.2744042873 1.8591619730
17.6990280151 -3.9757897854 1.8627891541
17.6279640198 -4.9033122063 1.8897097111
15.0795812607 -3.9758439064 1.8958665133
17.7037315369 -4.1509909630 1.9119126797
18.0935077667 -2.5948903561 1.9898070097
17.7968101501 -4.1686644554 2.0377750397
15.2649269104 -2.6591649055 2.0662984848
17.7886524200 -3.9866573811 2.0991356373
14.6005058289 -3.3259432316 2.1122212410
17.0536575317 -2.8823339939 2.2485914230
16.9583930969 -3.1227407455 2.2581832409
17.5584964752 -4.6433911324 2.2784180641
15.1282377243 -2.6283085346 2.2923362255
14.8047914505 -3.4579527378 2.3728914261
17.3020286560 -4.1300168037 2.5400123596
17.7086963654 -4.2390027046 2.6000561714
17.4296875000 -2.4102444649 2.6781790257
17.4423294067 -0.5518733859 2.7255296707
17.5500240326 -2.2162730694 2.7781345844
17.1800117493 -4.0156993866 2.9104671478
17.5411529541 -4.5804452896 3.1263983250
17.2926998138 -3.5049467087 3.2335257530
17.2996501923 -3.1255929470 4.1999402046
17.7501049042 -5.1497969627 4.7129755020
17.5554161072 -3.4186549187 4.7568402290
17.4035758972 -3.1222257614 5.0020737648
16.9005928040 -4.8391051292 5.0843963623
17.0293445587 -3.7385990620 5.0891852379
16.9543514252 -3.9706668854 5.2604422569
15.2335042953 -2.5902025700 5.7151455879
15.2335042953 -2.5902025700 5.7151455879
15.2335042953 -2.5902025700 5.7151455879
15.2335042953 -2.5902025700 5.7151455879
15.2163152695 -2.5856893063 5.7638187408
15.1949987411 -2.7030923367 5.7673602104
16.5172252655 -4.0846166611 5.8123326302
18.7847938538 -4.9397435188 -0.1715210378
18.7955913544 -5.0039558411 -0.1674431413
18.8503742218 -4.9395394325 -0.1650215685
18.7464065552 -4.9127044678 -0.1640556008
19.0761260986 -4.3631267548 -0.1232418269
19.0723152161 -4.3800234795 -0.1226984411
19.0723152161 -4.3800234795 -0.1226984411
18.7872848511 -4.9030318260 -0.1087796167
18.8261051178 -4.9061174393 -0.1069804728
18.8567695618 -4.9311251640 -0.1043307111
18.7708663940 -4.9290003777 -0.1039741784
18.7527770996 -4.9043321609 -0.1036951542
18.7747268677 -5.0598154068 -0.1012801155
18.7931976318 -5.1295914650 -0.1005871966
18.8053016663 -5.0214872360 -0.1000154614
18.7808151245 -5.0014500618 -0.0993447602
19.0508384705 -4.7113451958 -0.0567904189
18.8060588837 -5.0196170807 -0.0389316268
18.8060588837 -5.0196170807 -0.0389316268
18.8060588837 -5.0196170807 -0.0389316268
18.8060588837 -5.0196170807 -0.0389316268
18.8060588837 -5.0196170807 -0.0389316268
18.8060588837 -5.0196180344 -0.0389316082
18.8060588837 -5.0196180344 -0.0389316082
18.8060588837 -5.0196180344 -0.0389316082
18.8060588837 -5.0196180344 -0.0389316082
18.8761558533 -4.9521551132 0.0175632481
18.8110008240 -5.0010437965 0.0215894561
15.5356369019 -11.9921436310 0.0354642197
15.4467506409 -12.1071186066 0.2111476362
25.0717964172 -2.2652037144 0.4166147709
25.3081226349 -2.8262965679 0.4501983523
24.9511299133 -3.5295922756 0.4626131356
25.2843265533 -3.0209255219 0.5352160931
25.1249561310 -2.4828910828 0.5961713195
25.1448612213 -2.2286400795 0.6612733006
25.3196353912 -2.6716282368 0.6852475405
25.1892070770 -3.6710608006 0.6982926130
24.9557552338 -2.3886277676 0.7365305424
25.0626163483 -2.3987846375 0.7396343350
25.0226173401 -2.3625214100 0.7406524420
25.0328311920 -2.2732074261 0.7459563613
25.0090332031 -2.2687635422 0.7469377518
25.0993175507 -3.1689457893 0.7625876069
25.1950511932 -2.8052666187 0.7657226324
24.9843025208 -2.3207700253 0.8116934299
25.0547904968 -2.2685937881 0.8154107332
24.8910102844 -2.3215286732 0.8159396052
25.1150474548 -2.4755122662 0.8172170520
24.9838294983 -2.4767818451 0.8231939673
25.0286254883 -2.2930142879 0.8251900673
25.0286235809 -2.2930140495 0.8251901865
25.0286235809 -2.2930140495 0.8251901865
25.1137351990 -2.2760789394 0.8290175200
25.1168975830 -2.4981889725 0.8337455988
25.1842327118 -3.9209196568 0.8780116439
24.9972400665 -2.1864371300 0.8860878348
25.0261878967 -2.2907409668 0.9038413167
25.0519905090 -2.3658955097 0.9043198228
25.0469436646 -2.3745081425 0.9047374725
25.1330623627 -2.3004028797 0.9075968862
25.0076637268 -2.4853773117 0.9089499712
25.2151107788 -3.0537526608 0.9882165790
25.0826053619 -3.6296806335 1.0068554878
24.7256450653 -4.8428010941 1.0237324238
24.9738159180 -5.0452880859 1.0514731407
25.1847934723 -2.7955799103 1.0829501152
25.2295169830 -3.1244883537 1.0971882343
24.8579616547 -4.5090985298 1.1262971163
25.0624599457 -3.0951697826 1.1358631849
24.8892517090 -4.6206803322 1.1363779306
24.8909397125 -4.2547678947 1.1690721512
25.2658214569 -2.9771485329 1.2314659357
24.9877166748 -3.4607646465 1.2354176044
24.9841632843 -3.4580476284 1.3143438101
25.2416877747 -3.1440083981 1.3157067299
24.9763526917 -3.3820247650 1.3815383911
25.1314144135 -3.1282498837 1.3895306587
25.0398693085 -3.3628907204 1.5460661650
25.0547142029 -3.3792073727 1.8605114222
25.2401714325 -3.6231529713 2.0335934162
24.2687683105 -5.1039791107 7.1765370369
24.6422843933 -2.9565298557 7.2658882141
25.0079002380 -2.7895741463 7.8067235947
24.7880878448 -4.1311211586 8.3682670593
24.8202152252 -4.2102761269 8.4841098785
24.8990554810 -4.2010912895 8.5184020996
24.8590278625 -4.5613675117 8.5281181335
23.6577720642 -4.8688039780 8.8832674026
24.8728675842 -4.5249509811 9.0928354263
24.9722499847 -4.3915672302 9.2037725449
23.2411918640 15.8950805664 1.6763478518
23.2615776062 15.6448993683 1.9092189074
23.3461704254 15.7003326416 2.0042116642
23.3325233459 15.7208662033 2.0043799877
23.6747074127 15.3154773712 1.6577880383
23.6221332550 15.6367378235 1.8399184942
25.5601329803 -2.2098336220 -0.1888073832
32.6915359497 -5.6183209419 -0.1773466319
25.8528957367 -2.8844954967 -0.1719880998
26.3176670074 -4.2075238228 -0.1410992295
26.0952281952 -5.4326648712 -0.1041442901
26.9438705444 -2.7039606571 -0.1024214849
26.0247631073 -5.7649645805 -0.0936614573
25.1807098389 -5.6034703255 -0.0895273536
32.5991096497 -5.6785063744 -0.0691400990
26.2662963867 -3.8307812214 -0.0677694082
32.6161956787 -5.7813773155 -0.0676585510
26.5671234131 -2.0909469128 -0.0320006236
26.8367042542 -2.5651774406 -0.0248445608
25.2237796783 -5.4046692848 -0.0150790745
25.8832283020 -3.2214736938 -0.0121077336
26.5911521912 -2.9808013439 -0.0090848077
31.0689125061 -11.1735982895 0.0142348818
31.1277694702 -11.1279993057 0.0143902358
26.2365055084 -4.0329394341 0.0210926868
26.2127857208 -4.1861214638 0.0255277418
27.5106029510 -4.6491694450 0.0262177270
32.7055091858 -5.6939134598 0.0335465744
28.5472698212 -5.3131198883 0.0431538895
26.1960029602 -4.9186248779 0.0468425788
25.3103981018 -3.6884427071 0.0952039734
26.1883907318 -4.3367595673 0.1130044013
28.6835212708 -5.1634359360 0.1288913339
26.6226119995 -5.5332069397 0.1484836191
26.4800281525 -3.6716215611 0.1785556972
26.2872009277 -3.9027042389 0.1820600778
26.1883621216 -4.3343172073 0.1960075051
26.2943286896 -4.3516516685 0.1967364699
28.2017574310 -4.6636567116 0.2098562419
25.1798343658 -5.0811367035 0.2168867886
27.2305755615 -5.3644528389 0.2177268267
31.0351448059 -11.1534585953 0.2245282382
26.0473346710 -2.9833254814 0.2338731736
30.9992370605 -11.1506910324 0.2350724339
25.6804676056 -2.3667230606 0.2810569406
25.5545825958 -2.5560536385 0.2851824164
26.3881416321 -2.7212243080 0.2911536694
26.8567142487 -2.4738178253 0.2931551337
25.2595729828 -5.2249054909 0.3022956848
26.2326183319 -5.2884140015 0.3089400530
25.2538890839 -3.8625335693 0.3160005808
25.4159545898 -3.6973502636 0.3164987266
31.2222938538 -10.9441871643 0.3189449906
25.2979316711 -4.3995013237 0.3257808089
31.2105484009 -11.1872034073 0.3296283185
25.3399486542 -4.1914143562 0.3307806253
26.2801532745 -4.5886101723 0.3484742641
26.2251491547 -5.2952175140 0.3664655983
26.8274154663 -2.2124292850 0.3670321405
26.0067214966 -3.0738732815 0.3685363233
25.1815814972 -5.5888662338 0.3743441105
26.2142238617 -2.7554957867 0.3764114678
26.8559226990 -2.4715466499 0.3774891198
37.6243743896 -2.4996623993 0.3789741099
26.0066642761 -3.1006505489 0.3812589645
25.8605060577 -3.5740387440 0.3861350715
37.6291885376 -2.8438034058 0.3863038123
26.7955589294 -3.6164629459 0.3992701769
25.3859748840 -3.8927271366 0.4025059640
26.1290740967 -4.0052995682 0.4137493074
26.1054630280 -4.1577615738 0.4181635678
26.2573604584 -4.2361650467 0.4190629721
26.7167606354 -4.4139146805 0.4324653745
25.0133419037 -5.2644605637 0.4373526275
26.2447986603 -2.5197565556 0.4457976222
26.7193450928 -2.2014601231 0.4492938519
26.3963947296 -2.4713239670 0.4506591856
26.3297328949 -5.3135676384 0.4515445232
25.4148387909 -2.8380684853 0.4520166516
28.5181236267 -4.7081122398 0.4603770375
28.4519863129 -5.0957331657 0.4718770087
25.3756637573 -4.1321992874 0.4757777750
25.3593082428 -3.9619605541 0.4791837931
25.6716175079 -4.1029214859 0.4809129536
25.3620681763 -4.0384130478 0.4871338904
37.6414337158 -2.2047486305 0.4892884493
37.6679725647 -2.3173515797 0.4905548692
26.1744022369 -4.0642790794 0.4956609905
26.3304462433 -4.4589486122 0.5036407113
25.6886920929 -2.1902821064 0.5053956509
25.1175365448 -5.2836809158 0.5191334486
26.2857017517 -5.1554965973 0.5337430239
25.5642681122 -2.9572966099 0.5345893502
26.4172592163 -2.7609312534 0.5387228131
25.7203083038 -5.7915182114 0.5413339734
26.1506042480 -2.9867224693 0.5423036814
26.4755859375 -2.8792052269 0.5454028249
25.9240303040 -3.0964257717 0.5482515693
25.4342880249 -4.2139649391 0.5613137484
26.1784553528 -3.6440699100 0.5689188242
25.8697814941 -4.0918412209 0.5792732835
27.3475246429 -3.7738783360 0.5793365240
26.0430755615 -4.1971282959 0.5804560184
25.9514503479 -4.2600803375 0.5859907269
25.6813354492 -2.2778558731 0.5946987271
25.4432678223 -2.5365972519 0.6041046381
26.5036563873 -2.1925570965 0.6049817801
31.2375011444 -10.9603948593 0.6075268388
31.2128601074 -11.0861949921 0.6114031076
26.1041355133 -2.8081257343 0.6154090762
25.3894729614 -3.0311489105 0.6173901558
26.0277099609 -3.0796785355 0.6177676320
26.5004806519 -2.4766323566 0.6184184551
26.0276412964 -3.3624210358 0.6239719391
25.2532901764 -3.7511968613 0.6252321601
26.5059547424 -2.9235744476 0.6279726624
26.0291347504 -3.1065907478 0.6324176192
26.1357460022 -3.1191651821 0.6349222660
25.3768501282 -3.8980257511 0.6369751096
25.5387802124 -4.2288408279 0.6439514756
27.2841796875 -2.7536318302 0.6454607248
25.6534690857 -4.2330937386 0.6600317359
25.6534690857 -4.2330937386 0.6600317359
25.3477401733 -2.9281787872 0.6896001101
26.1721382141 -2.7366161346 0.6923871040
25.5195960999 -2.8203697205 0.6942322254
26.2848720551 -2.4545209408 0.6958772540
26.1757659912 -3.0209083557 0.6984578371
26.2922763824 -2.6377294064 0.6995597482
25.9731025696 -2.9953587055 0.6996917129
25.2954521179 -3.6864807606 0.7012080550
25.8372020721 -2.8780817986 0.7032808065
26.0505981445 -2.9015693665 0.7089093328
26.0089359283 -3.2559525967 0.7185706496
37.6316490173 -2.3075084686 0.7203039527
26.2006225586 -3.2545595169 0.7246376276
26.5584926605 -3.4106185436 0.7340176702
26.9868106842 -3.2172164917 0.7399334311
25.6517524719 -4.2304267883 0.7413486838
28.6197319031 -5.2598338127 0.7458108664
25.9939422607 -4.1306271553 0.7458280921
26.3578758240 -4.2424864769 0.7539639473
26.4322719574 -2.2470309734 0.7669193745
27.5576229095 -3.8288946152 0.7718342543
26.3321151733 -4.7101049423 0.7727817893
26.2356166840 -2.8853142262 0.7743825912
27.3707275391 -4.2659082413 0.7751042843
26.2202033997 -2.2488331795 0.7765735388
25.5761928558 -3.1273412704 0.7786839008
26.0875759125 -3.2250258923 0.7808192372
26.1308879852 -2.6563880444 0.7818356156
25.7053470612 -5.5165939331 0.7819156647
25.9187717438 -3.0891122818 0.7932171226
26.1319580078 -3.1142189503 0.7995542884
25.6518592834 -3.9574999809 0.8011866212
25.6204090118 -3.7128982544 0.8049736619
27.1181221008 -2.9926013947 0.8217093349
25.6257705688 -2.1006073952 0.8261271715
27.3017501831 -5.9944114685 0.8309296966
29.2282810211 -12.4362039566 0.8415460587
25.5159854889 -5.1678738594 0.8416188955
26.2244148254 -4.6885643005 0.8530690074
25.9151992798 -3.3411748409 0.8643864393
32.5252723694 -12.1619329453 0.8652088642
25.9396247864 -2.8849503994 0.8693879247
25.8099193573 -3.0740714073 0.8713588119
26.1629676819 -2.8904168606 0.8754971027
26.0230903625 -3.0991590023 0.8783594370
26.0460338593 -3.1772670746 0.8790323734
32.5847625732 -12.2712297440 0.8841042519
25.2936668396 -4.0682148933 0.8843380809
32.5740242004 -12.2998619080 0.8852190375
26.0947856903 -3.3933262825 0.8896183372
26.0917835236 -3.4163024426 0.8902583718
28.7251644135 -3.9867515564 0.8942676187
32.6027183533 -12.5274600983 0.8953081369
25.6716423035 -4.0752792358 0.8995867372
27.4452724457 -2.8132812977 0.9043017030
25.7572250366 -4.2195301056 0.9069278240
25.8631591797 -4.2366781235 0.9105587006
25.8594303131 -4.2594513893 0.9112272859
25.5880832672 -4.5736837387 0.9143062234
25.9837455750 -4.3546195030 0.9157359600
28.5100727081 -5.2343759537 0.9236566424
25.8137607574 -2.2853977680 0.9267414808
28.5976428986 -5.4088263512 0.9312385321
26.2920112610 -4.7361273766 0.9342999458
26.5076160431 -4.4514865875 0.9343970418
30.4898834229 -12.0950441360 0.9491597414
27.2364463806 -4.4835820198 0.9584603906
26.1689414978 -2.9933559895 0.9597222209
26.0205745697 -3.0966217518 0.9603244662
25.8956470490 -3.2351799011 0.9606381655
25.9180660248 -3.3128991127 0.9613263011
25.5767364502 -4.1507196426 0.9616200924
25.7759876251 -3.8191125393 0.9620919228
26.1086483002 -3.2614738941 0.9683361650
32.5267906189 -12.0547952652 0.9703450799
32.4287185669 -12.1405258179 0.9766716957
26.0406322479 -3.7683799267 0.9825375080
25.5396423340 -2.5360007286 0.9880611300
28.8289985657 -3.9984428883 0.9884232283
25.8569583893 -4.2566390038 0.9931843281
32.5727386475 -12.2951488495 0.9937245250
32.5727386475 -12.2951488495 0.9937245250
32.5727386475 -12.2951488495 0.9937245250
32.5727386475 -12.2951488495 0.9937245250
32.5727386475 -12.2951507568 0.9937245846
25.9860324860 -2.3759124279 0.9988629818
32.5011062622 -12.4845275879 1.0011255741
32.5011062622 -12.4845275879 1.0011255741
32.5011062622 -12.4845266342 1.0011255741
26.3901367188 -2.6392548084 1.0122308731
27.1284599304 -6.1622920036 1.0162893534
26.2296314240 -4.6647086143 1.0187945366
25.7471237183 -3.6904253960 1.0212492943
25.7898559570 -3.4477701187 1.0226274729
26.1250877380 -3.1072242260 1.0258731842
26.0000991821 -3.2463769913 1.0259541273
25.6646041870 -3.9933865070 1.0316351652
25.1904277802 -4.3250226974 1.0344930887
25.6707363129 -4.0478348732 1.0411888361
25.5372123718 -4.2028393745 1.0420044661
25.7517986298 -4.0597820282 1.0464136600
25.5039291382 -4.4013051987 1.0478662252
28.9592437744 -2.8732471466 1.0486999750
30.3663730621 -12.3596143723 1.0553914309
25.0747585297 -5.1063876152 1.0568743944
27.8478183746 -3.1196660995 1.0689709187
26.2862930298 -4.8629369736 1.0743470192
25.9896011353 -4.8816370964 1.0795706511
32.5404167175 -12.2377328873 1.0812735558
32.4591026306 -12.1298332214 1.0825935602
32.3687858582 -12.3868541718 1.0852630138
26.3231487274 -5.2381138802 1.0895423889
26.9493751526 -4.2512202263 1.0913327932
32.3173828125 -12.2392492294 1.0914185047
25.9142990112 -2.2486112118 1.0921926498
26.4971866608 -4.9425325394 1.1010824442
32.5711212158 -12.2903232574 1.1022213697
27.3632297516 -4.3361964226 1.1089844704
32.4758262634 -12.4453449249 1.1099417210
27.7380962372 -4.0092592239 1.1107317209
25.9054718018 -3.6293244362 1.1228750944
28.9090633392 -12.2207441330 1.1238322258
26.0386657715 -3.1278963089 1.1239430904
27.2742500305 -4.8669261932 1.1246588230
25.8496875763 -3.7021248341 1.1270009279
25.5849151611 -4.0186462402 1.1278426647
25.8706703186 -3.3808667660 1.1280556917
29.1068553925 -12.3041572571 1.1314826012
25.7973747253 -3.8065030575 1.1316618919
26.7302627563 -2.4404048920 1.1318219900
25.3217754364 -4.1648592949 1.1339273453
26.9598293304 -2.7280130386 1.1367740631
25.6888275146 -1.9928580523 1.1390928030
30.1438846588 -12.1212310791 1.1470012665
30.1657447815 -12.2740659714 1.1493622065
30.2651958466 -12.3144369125 1.1531326771
25.8863391876 -2.2105624676 1.1535141468
30.4233722687 -12.1120185852 1.1563102007
29.2751731873 -12.4368934631 1.1563389301
30.3248825073 -12.2751989365 1.1569601297
26.0446453094 -2.2807133198 1.1571763754
30.2925357819 -12.2807464600 1.1585483551
30.2529411316 -12.2484226227 1.1596344709
30.4669246674 -12.3168640137 1.1662223339
30.4068336487 -12.2234287262 1.1668972969
30.4256381989 -12.2946987152 1.1676080227
26.5077114105 -2.4492912292 1.1677812338
30.4074306488 -12.2658767700 1.1678012609
31.2847938538 -12.2787113190 1.1726698875
31.3097934723 -12.3013639450 1.1794275045
26.0301628113 -3.4913866520 1.1843857765
25.2371959686 -3.9984030724 1.1849536896
31.4313640594 -12.2546043396 1.1876783371
25.9939403534 -3.2410905361 1.1898390055
25.1766681671 -4.5832552910 1.1912244558
25.9746494293 -3.3925805092 1.1940361261
31.3952713013 -12.4716463089 1.1940748692
26.0810394287 -3.4063105583 1.1988143921
26.5227851868 -3.5664882660 1.2009011507
25.6370811462 -4.2143011093 1.2087614536
25.4979343414 -4.3954668045 1.2097427845
32.6304740906 -12.3853158951 1.2101215124
26.5989379883 -4.9580769539 1.2110985518
26.4643306732 -5.0929784775 1.2111078501
26.6004924774 -3.7856833935 1.2114861012
29.0199928284 -12.0688743591 1.2126768827
32.5541954041 -12.3828029633 1.2135245800
32.5915222168 -12.4607782364 1.2135424614
29.1190967560 -12.1100635529 1.2168130875
26.2636661530 -4.3319458961 1.2201366425
29.2181949615 -12.1512537003 1.2209494114
25.1373405457 -5.0192742348 1.2211714983
26.9979076385 -2.9686152935 1.2220512629
26.0850372314 -4.1311006546 1.2238301039
29.0060577393 -12.2576341629 1.2251745462
28.9333152771 -12.1869344711 1.2269219160
27.4553642273 -2.7193555832 1.2330468893
29.2038345337 -12.3410129547 1.2334880829
30.1850624084 -11.9627418518 1.2425121069
29.3046836853 -12.3102588654 1.2436929941
30.3045139313 -12.0196466446 1.2460705042
30.0642986298 -12.2288179398 1.2460970879
30.1237564087 -12.1901044846 1.2502781153
30.5041446686 -12.0984554291 1.2541999817
30.2233047485 -12.2301988602 1.2543702126
30.3381042480 -12.1212100983 1.2545008659
30.4451427460 -12.0014877319 1.2547482252
29.2732391357 -12.4320039749 1.2555147409
30.1909675598 -12.2357282639 1.2559574842
30.1518020630 -12.1572046280 1.2560110092
30.1513309479 -12.2035169601 1.2570481300
30.1247310638 -12.1700839996 1.2575207949
26.8269023895 -4.2472090721 1.2578467131
30.4378452301 -12.1608133316 1.2585734129
30.2159805298 -12.1126327515 1.2598494291
30.2514533997 -12.1970558167 1.2600928545
30.2053756714 -12.1391811371 1.2609125376
30.2053737640 -12.1391801834 1.2609125376
30.1800708771 -12.1072731018 1.2613599300
30.2243556976 -12.2099809647 1.2616049051
30.1891880035 -12.2295951843 1.2636294365
26.6611366272 -4.5935802460 1.2636582851
30.0351696014 -12.2745800018 1.2638731003
30.3652820587 -12.2719650269 1.2643010616
30.3050804138 -12.1788511276 1.2649881840
30.3050804138 -12.1788511276 1.2649881840
30.3050804138 -12.1788530350 1.2649881840
30.3050804138 -12.1788530350 1.2649881840
30.3050804138 -12.1788511276 1.2649881840
30.3050804138 -12.1788530350 1.2649881840
30.3050804138 -12.1788511276 1.2649881840
30.2798290253 -12.1468362808 1.2654308081
30.3239727020 -12.2498760223 1.2656894922
30.3057231903 -12.2211551666 1.2658869028
28.7961692810 -4.1572623253 1.2659077644
25.8840236664 -3.2252945900 1.2666722536
30.4047889709 -12.2185211182 1.2690634727
30.4047889709 -12.2185211182 1.2690634727
30.4047889709 -12.2185211182 1.2690634727
30.4047870636 -12.2185192108 1.2690635920
30.4047870636 -12.2185192108 1.2690635920
30.4047870636 -12.2185192108 1.2690635920
30.4047870636 -12.2185192108 1.2690635920
30.4047870636 -12.2185192108 1.2690635920
25.2102108002 -4.1426191330 1.2691805363
30.3795681000 -12.1863965988 1.2695022821
30.3883628845 -12.3095216751 1.2718040943
25.6544113159 -3.8957774639 1.2725236416
27.2252998352 -4.4722609520 1.2819226980
31.4549922943 -12.2528409958 1.2840094566
31.4825916290 -12.3519105911 1.2849310637
25.3888359070 -4.3744854927 1.2854313850
31.4076499939 -12.3354158401 1.2879668474
31.3291091919 -12.2109861374 1.2887985706
31.2992019653 -12.3370265961 1.2929189205
31.2932987213 -12.4272956848 1.2951663733
31.3991603851 -12.3760652542 1.2969690561
31.4352607727 -12.5568666458 1.2992976904
31.4991207123 -12.4150953293 1.3010190725
26.8611278534 -3.1867926121 1.3082154989
32.6713676453 -12.4464559555 1.3180927038
32.5870361328 -12.3565044403 1.3199431896
26.2580318451 -4.7661991119 1.3220387697
29.1294860840 -12.1466283798 1.3227162361
28.9636363983 -12.1767063141 1.3228373528
29.2285747528 -12.1877985001 1.3271842003
29.0626296997 -12.2181167603 1.3273152113
26.0391178131 -2.6578750610 1.3286700249
29.0301094055 -12.2234458923 1.3289064169
28.9907417297 -12.1479663849 1.3290357590
29.0053501129 -12.1814241409 1.3291072845
28.2713813782 -6.4102468491 1.3300611973
29.1534137726 -12.1725282669 1.3302569389
28.9455757141 -12.1328516006 1.3307518959
25.2814712524 -3.4748661518 1.3311227560
29.1616172791 -12.2595310211 1.3317931890
27.5247840881 -3.0480527878 1.3328754902
29.1290893555 -12.2648725510 1.3333849907
29.0898361206 -12.1891374588 1.3335036039
29.2525272369 -12.2136449814 1.3347226381
29.2606086731 -12.3009433746 1.3362709284
29.2280731201 -12.3063030243 1.3378636837
29.1889209747 -12.2303085327 1.3379719257
29.2034244537 -12.2639951706 1.3380532265
29.2611598969 -12.2839641571 1.3439308405
29.2428646088 -12.2562246323 1.3441519737
30.1041622162 -12.2446985245 1.3451378345
29.2638282776 -12.3731040955 1.3457649946
29.2257843018 -12.3029241562 1.3459506035
25.6677246094 -4.1542043686 1.3484367132
25.8974952698 -3.3090927601 1.3493734598
30.2035694122 -12.2851095200 1.3495749235
25.3362197876 -4.0092229843 1.3503234386
25.3362197876 -4.0092229843 1.3503234386
30.2360401154 -12.0766315460 1.3515878916
30.4019927979 -12.0540771484 1.3516268730
29.2710151672 -12.4269933701 1.3546786308
29.2710151672 -12.4269952774 1.3546786308
30.6015968323 -12.1328535080 1.3604199886
25.5516777039 -4.0198674202 1.3607145548
30.2633666992 -12.2269811630 1.3617039919
30.2030467987 -12.1341886520 1.3624035120
30.2030467987 -12.1341886520 1.3624035120
30.2030448914 -12.1341876984 1.3624036312
30.2030448914 -12.1341876984 1.3624036312
30.2030448914 -12.1341876984 1.3624036312
30.2030448914 -12.1341876984 1.3624036312
30.2037467957 -12.1763467789 1.3632965088
30.3133811951 -12.1472101212 1.3657444715
30.3027439117 -12.1738348007 1.3668106794
30.3027439117 -12.1738348007 1.3668106794
30.3027439117 -12.1738357544 1.3668106794
30.2864475250 -12.2645263672 1.3695385456
30.4131164551 -12.1867733002 1.3701478243
30.4024391174 -12.2134895325 1.3712177277
27.3052558899 -2.3840620518 1.3748553991
31.3480377197 -12.1863374710 1.3760964870
31.3950195312 -12.1666498184 1.3815922737
31.3524894714 -12.2089948654 1.3844492435
31.3802261353 -12.3077297211 1.3853571415
31.4847278595 -12.2420024872 1.3872354031
26.9878253937 -2.9869635105 1.3925068378
31.2796993256 -12.3818893433 1.3995988369
31.3795795441 -12.4210662842 1.4039872885
27.1847705841 -3.4891862869 1.4045557976
31.4957332611 -12.3660345078 1.4055714607
31.4957332611 -12.3660326004 1.4055714607
31.1751117706 -12.4977569580 1.4068818092
25.5537319183 -3.0045320988 1.4088472128
27.6046962738 -2.7891597748 1.4100165367
31.3745803833 -12.5768508911 1.4156879187
29.0279197693 -12.1004438400 1.4157425165
29.0518169403 -12.1263818741 1.4236170053
27.1491851807 -5.9876942635 1.4240093231
29.0485668182 -12.2351837158 1.4261506796
28.9614887238 -12.1552848816 1.4283462763
32.5663986206 -12.3205165863 1.4285498857
26.0171451569 -3.0130877495 1.4292017221
28.9645195007 -12.2435083389 1.4301437140
28.9262199402 -12.1740388870 1.4303565025
29.1475009918 -12.2766542435 1.4309637547
29.1019001007 -12.2176494598 1.4317370653
29.0424633026 -12.1283597946 1.4324734211
29.0424633026 -12.1283597946 1.4324734211
29.0424633026 -12.1283597946 1.4324734211
29.0424633026 -12.1283597946 1.4324734211
29.0424613953 -12.1283588409 1.4324735403
29.0424613953 -12.1283588409 1.4324735403
29.0424613953 -12.1283588409 1.4324735403
29.0424613953 -12.1283588409 1.4324735403
27.0254249573 -4.4507341385 1.4328690767
29.0160179138 -12.0976696014 1.4329992533
29.0605487823 -12.1964817047 1.4331475496
26.9254894257 -4.2576699257 1.4331655502
29.0421772003 -12.1689291000 1.4333761930
29.0634555817 -12.2850055695 1.4349573851
29.0252437592 -12.2153034210 1.4351609945
29.2464427948 -12.3181285858 1.4357767105
29.1416072845 -12.1693325043 1.4372662306
29.1416072845 -12.1693305969 1.4372662306
29.1416072845 -12.1693305969 1.4372662306
29.1416072845 -12.1693305969 1.4372662306
29.1416072845 -12.1693305969 1.4372662306
29.1416072845 -12.1693305969 1.4372662306
29.1416072845 -12.1693325043 1.4372662306
29.1416072845 -12.1693305969 1.4372662306
29.1416072845 -12.1693325043 1.4372662306
29.1416072845 -12.1693325043 1.4372662306
29.1595973969 -12.2376785278 1.4379495382
29.1412620544 -12.2100353241 1.4381746054
28.9825458527 -12.2717752457 1.4383352995
29.1623897552 -12.3265018463 1.4397711754
29.1242599487 -12.2565670013 1.4399659634
25.7529354095 -3.9059042931 1.4401736259
29.3453788757 -12.3595981598 1.4405899048
29.2407512665 -12.2103033066 1.4420590401
29.2407493591 -12.2103013992 1.4420590401
29.2407493591 -12.2103013992 1.4420590401
29.2407493591 -12.2103013992 1.4420590401
29.2407493591 -12.2103013992 1.4420590401
29.2407512665 -12.2103033066 1.4420590401
29.2407493591 -12.2103013992 1.4420590401
29.2407512665 -12.2103033066 1.4420590401
29.2407512665 -12.2103033066 1.4420590401
29.0814819336 -12.3132314682 1.4431481361
27.0424556732 -4.5474672318 1.4441814423
29.0439624786 -12.3080682755 1.4447360039
29.3505935669 -12.2254819870 1.4458011389
30.1854419708 -12.1059570312 1.4472756386
29.1804199219 -12.3546867371 1.4479609728
29.1429023743 -12.3495063782 1.4495482445
30.2850761414 -12.1457757950 1.4520210028
29.2685127258 -12.4218654633 1.4538295269
29.2685127258 -12.4218645096 1.4538295269
30.3003864288 -12.3203716278 1.4551560879
30.3847084045 -12.1855907440 1.4567660093
30.1611728668 -12.1819124222 1.4584310055
30.1007423401 -12.0894441605 1.4591426849
30.1014976501 -12.1314535141 1.4600297213
26.6249084473 -5.3310403824 1.4603714943
30.2004280090 -12.1290779114 1.4638812542
30.2004280090 -12.1290798187 1.4638813734
26.8492946625 -5.4531083107 1.4728016853
31.2818603516 -12.1593561172 1.4826292992
27.0902976990 -2.9958715439 1.4831123352
31.4453620911 -12.2199468613 1.4849343300
31.3819255829 -12.1980752945 1.4873307943
31.3099060059 -12.1703634262 1.4899880886
31.4099998474 -12.2089948654 1.4946866035
31.2396068573 -12.3038444519 1.4961028099
26.2520065308 -3.0079445839 1.5001986027
31.3395347595 -12.3428945541 1.5008178949
31.3534011841 -12.3790998459 1.5009833574
31.2930030823 -12.2830448151 1.5016149282
27.1908645630 -5.7730979919 1.5041862726
31.4532852173 -12.4182662964 1.5057029724
29.0404071808 -12.1245050430 1.5060830116
29.0404071808 -12.1245050430 1.5060830116
27.7275638580 -5.4167098999 1.5118896961
31.4767284393 -12.4549713135 1.5138343573
29.2386798859 -12.2064199448 1.5161659718
29.3378086090 -12.2473783493 1.5212080479
29.3378086090 -12.2473783493 1.5212080479
28.0838966370 -2.7739009857 1.5258445740
30.3976459503 -12.3568134308 1.5360221863
26.8094596863 -3.6687331200 1.5637941360
26.9553260803 -3.1908698082 1.5679507256
26.7347087860 -3.9321234226 1.5729598999
27.1147594452 -5.5896553993 1.5800677538
31.2907562256 -12.2790527344 1.5802031755
31.3907470703 -12.3179044724 1.5851598978
31.3907470703 -12.3179044724 1.5851598978
31.4907302856 -12.3567619324 1.5901168585
31.2698898315 -12.5279750824 1.5952465534
31.3944263458 -12.6006336212 1.5998315811
25.9042510986 -3.9010608196 1.6063293219
25.0543022156 -5.0439677238 1.6151497364
26.5621414185 -3.3943142891 1.6201688051
27.0718879700 -2.7185418606 1.6260613203
26.7623767853 -5.1372580528 1.6300123930
27.3919219971 -2.7505056858 1.6451212168
29.2626533508 -12.4112539291 1.6520898342
29.2626533508 -12.4112539291 1.6520898342
27.0812454224 -2.9902768135 1.6535090208
27.1794338226 -3.6327192783 1.6631476879
27.1636085510 -3.2129023075 1.6656136513
27.3899784088 -3.7373616695 1.6668534279
27.4181213379 -2.8655788898 1.6683694124
27.5410881042 -2.7162911892 1.6704763174
27.5074729919 -3.0368030071 1.6790299416
26.7853507996 -4.2033362389 1.6825731993
27.1947860718 -4.1869449615 1.6965193748
27.3885192871 -4.1229629517 1.6972888708
27.3248748779 -4.0443992615 1.6984512806
25.4481277466 -4.5252757072 1.6995012760
26.1140384674 -3.7582786083 1.7089229822
27.0566291809 -5.0618929863 1.7110165358
31.2866439819 -12.2722530365 1.7111642361
31.3866081238 -12.3110885620 1.7165359259
31.3866062164 -12.3110876083 1.7165360451
31.3866062164 -12.3110876083 1.7165360451
26.4816265106 -3.4440252781 1.7192260027
31.4079322815 -12.4800920486 1.7192758322
29.3051681519 -12.2056980133 1.7199627161
31.1909790039 -12.5145101547 1.7208147049
31.2906417847 -12.5541114807 1.7262169123
26.8713283539 -3.9680707455 1.7356252670
27.0890026093 -3.4589126110 1.7371633053
25.7513084412 -5.5400090218 1.7418720722
27.7184734344 -4.8639688492 1.7424060106
25.2086772919 -3.9776344299 1.7441812754
27.3065280914 -2.8517491817 1.7478454113
27.4131336212 -2.8627562523 1.7545404434
27.3959293365 -3.0222973824 1.7588195801
27.3959293365 -3.0222971439 1.7588195801
26.9056739807 -4.0717277527 1.7589154243
27.5024719238 -3.0339193344 1.7655309439
31.3545475006 -12.2483291626 1.7674934864
26.4662132263 -4.9163393974 1.7747896910
27.9861526489 -4.9738526344 1.7765042782
31.3839054108 -12.3069028854 1.7953491211
31.3839035034 -12.3069009781 1.7953491211
27.6798324585 -4.0649495125 1.8026765585
31.2879562378 -12.5498781204 1.8050280809
27.3427925110 -2.7532320023 1.8064537048
31.1809749603 -10.9872875214 1.8228342533
26.0764179230 -4.6331667900 1.8237758875
27.8563003540 -4.6639866829 1.8303883076
26.1450576782 -4.8548369408 1.8371431828
27.2841777802 -3.0077843666 1.8379288912
26.8310832977 -4.2102842331 1.8499920368
26.4021167755 -5.5835213661 1.8530882597
26.1525020599 -3.3971056938 1.8639128208
27.8507423401 -2.7418484688 1.8644979000
27.9780368805 -2.5352106094 1.8658121824
25.1105804443 -5.2408623695 1.8679515123
27.7723865509 -3.4432821274 1.8834342957
25.2849121094 -5.3383193016 1.8860814571
27.3902931213 -2.6117835045 1.8861559629
31.2800788879 -12.2624225616 1.8944671154
31.2800807953 -12.2624244690 1.8944671154
31.2800788879 -12.2624225616 1.8944671154
27.7432765961 -3.9031038284 1.8948390484
26.6758975983 -5.4895229340 1.8967020512
27.7001934052 -3.9813747406 1.8985090256
27.4439487457 -2.7611112595 1.8989466429
31.3800296783 -12.3012275696 1.9004186392
27.8165531158 -3.9773185253 1.9047622681
31.2950801849 -12.5166702271 1.9089951515
27.1277809143 -5.4171414375 1.9210976362
27.4023799896 -2.8570280075 1.9268311262
25.7139816284 -4.1161360741 1.9327348471
25.5050888062 -4.2544407845 1.9329601526
26.6392002106 -4.3324661255 1.9340507984
27.1223793030 -5.9651927948 1.9449800253
27.9304103851 -2.8352077007 1.9502056837
27.2927417755 -2.4416918755 1.9594985247
27.7399253845 -3.8555746078 1.9812208414
31.2759151459 -12.2566461563 1.9991871119
27.2900562286 -2.8431494236 2.0052609444
26.3290290833 -5.3519182205 2.0056254864
31.1912651062 -12.4713497162 2.0077338219
27.2687911987 -5.2226929665 2.0086686611
27.2729434967 -3.0019149780 2.0095188618
26.6622505188 -2.6200284958 2.0178446770
26.4962692261 -5.5980992317 2.0279998779
26.5845317841 -5.3153419495 2.0423541069
27.0356540680 -4.8960976601 2.0495421886
27.5572566986 -4.0396156311 2.0562238693
28.0361938477 -5.1991820335 2.0569982529
27.3319091797 -2.4514565468 2.0589451790
27.3219261169 -2.4702382088 2.0598096848
26.5278682709 -5.6151323318 2.0637767315
26.8109169006 -3.9292867184 2.0648722649
25.7518386841 -5.6361680031 2.0751655102
26.9910678864 -4.0752973557 2.0849597454
27.5266094208 -4.9511532784 2.0898840427
27.2879619598 -3.8809189796 2.0922889709
26.6169986725 -3.5444309711 2.1108684540
27.6286468506 -5.1567101479 2.1143236160
27.0571765900 -4.5618238449 2.1176860332
31.3751239777 -12.5718193054 2.1268179417
28.0250949860 -3.8236253262 2.1327710152
27.9250049591 -5.1760807037 2.1381483078
26.5768985748 -4.2682428360 2.1542742252
26.9754467010 -5.5430274010 2.1554379463
28.4591255188 -4.9347238541 2.1577534676
27.2187747955 -3.3664951324 2.1696791649
26.4439392090 -3.9563028812 2.1845672131
26.8710079193 -2.8716554642 2.2073502541
27.1099147797 -2.2879002094 2.2100892067
31.1719264984 -10.9377946854 2.2339851856
27.2914295197 -2.6523840427 2.2362275124
27.5515518188 -5.1386904716 2.2448868752
27.7198448181 -3.3082206249 2.2707483768
27.9818572998 -4.7900848389 2.2820155621
26.9371280670 -2.6315641403 2.2832381725
27.1315784454 -4.4677424431 2.2832896709
26.8141803741 -4.0181794167 2.3192241192
31.1569118500 -10.9593391418 2.3380157948
26.1446990967 -3.9514980316 2.3629992008
26.4001197815 -5.5783696175 2.3722150326
26.8102035522 -3.8385114670 2.4134287834
26.7553558350 -4.2019982338 2.4238877296
27.0380649567 -4.2865180969 2.4406173229
31.0655708313 -11.1944332123 2.4501569271
27.8701305389 -5.3236074448 2.4756991863
27.0852012634 -3.3406884670 2.5028102398
26.9218616486 -5.6599373817 2.5037012100
26.4918022156 -5.3249049187 2.5307023525
25.6476631165 -5.3311510086 2.5371127129
27.0652599335 -4.2476015091 2.5377814770
26.4998302460 -3.6326611042 2.5482618809
26.5534915924 -4.0076794624 2.5685601234
26.6000881195 -5.3891539574 2.5967464447
26.3910598755 -2.9902899265 2.6602861881
27.2526493073 -2.6614263058 2.6651985645
26.1478347778 -3.9890217781 2.6780526638
26.2250595093 -5.2134881020 2.6787462234
26.2962226868 -1.9477329254 2.6930277348
26.9294376373 -4.3619561195 2.7023131847
26.3906745911 -2.1080284119 2.7077550888
26.1362247467 -2.7841010094 2.7186250687
26.9897232056 -4.6067285538 2.7197837830
26.9335632324 -2.8645496368 2.7239212990
26.6131381989 -5.4507083893 2.7256965637
26.7606277466 -3.3811674118 2.7279276848
25.8486022949 -5.1640243530 2.7838623524
25.7461471558 -5.5165681839 2.7962396145
27.0115680695 -3.0554957390 2.8930764198
27.1511802673 -3.3368325233 2.9403862953
26.5134315491 -3.9562416077 2.9550025463
26.6419544220 -3.8184006214 2.9623043537
27.6607265472 -3.5619871616 3.0013380051
27.0363883972 -3.3205111027 3.0142617226
26.3479976654 -3.5743322372 3.0369665623
27.5428199768 -4.1356186867 3.3446462154
26.6044864655 -3.7809858322 3.3932945728
26.6690444946 -2.6380529404 3.4128484726
26.8592224121 -5.4795365334 3.4222466946
27.6880302429 -3.8980865479 3.5061452389
26.7293491364 -4.1413383484 3.5152444839
26.5043830872 -5.3790044785 3.5525887012
26.5753192902 -2.5592672825 3.6640202999
26.6812515259 -2.5693731308 3.6784620285
26.2546405792 -4.8025827408 3.7277600765
25.5041904449 -5.0819649696 7.2284212112
25.6677074432 -3.3856499195 7.2313823700
25.4110527039 -3.7711091042 7.2651329041
26.2401027679 -3.9398925304 7.3820309639
26.2716789246 -4.2711930275 7.4536423683
26.3847541809 -2.6877145767 7.4628677368
25.5646343231 -4.9317650795 7.5172123909
25.4791393280 -4.7097387314 7.5628237724
25.7196331024 -5.4707112312 7.7856583595
25.4171237946 -2.8022441864 7.9941854477
25.9126377106 -6.2386879921 8.0957107544
26.5016021729 -3.6313600540 8.1293869019
25.0265026093 -4.9353041649 8.1737489700
25.2474193573 -4.8462166786 8.2347965240
26.1749210358 -4.0723628998 8.2473964691
25.3516559601 -3.1268401146 8.4339618683
26.2381591797 -3.7876546383 8.5406455994
25.6235694885 -6.3075919151 8.5869560242
25.6207180023 -3.2211003304 8.6545305252
25.3760490417 -5.2328286171 8.7478132248
26.2396297455 -4.0916419029 8.7482423782
25.3373928070 -4.2882118225 8.9490709305
24.8850536346 -5.9318299294 8.9665508270
25.7793579102 -2.1224825382 9.0395803452
25.8339290619 -2.3243827820 9.1610240936
25.4831962585 -4.3071703911 9.1807174683
25.3909931183 -2.4341259003 9.1821699142
26.4630222321 -2.9235322475 9.2198028564
25.3965091705 -5.4810233116 9.3700990677
38.7714118958 0.0719541311 0.1111777127
38.7000732422 0.2304665595 0.2260288745
38.6628913879 0.0763440058 0.3212670982
38.6312026978 0.9617435336 0.6503970027
37.6072235107 -13.7916574478 -0.9348419905
38.4455337524 -3.0270936489 -0.5330439210
38.2915306091 -11.5326299667 -0.5192024708
38.5975761414 -5.0180191994 -0.3724438250
38.8378372192 -0.1964194775 -0.3646053970
37.7313804626 -11.1022300720 -0.3014461696
38.5327033997 -4.9877734184 -0.2495097071
40.1371421814 -0.6670967937 -0.2464952767
38.6829185486 -0.0008688423 -0.2450513542
38.5897598267 -4.7400183678 -0.1327309310
38.4639549255 -5.2203702927 -0.1248043776
38.6011314392 -4.9733071327 -0.1239736080
37.8258857727 -10.9630594254 -0.0634694025
37.7348403931 -11.0946254730 -0.0564560220
37.7152328491 -11.0547866821 -0.0564408153
38.1173553467 -4.0232400894 -0.0285154786
38.4377212524 -4.2933673859 -0.0191614497
38.7234497070 -4.6294617653 -0.0112787187
38.5522117615 -5.1098275185 -0.0064452197
37.7171630859 -12.9873981476 -0.0026702539
37.6537399292 -13.6303405762 0.0181304645
37.9489631653 -10.9614057541 0.0535515919
37.7846069336 -11.0013513565 0.0535666943
37.8148727417 -10.9106340408 0.0585172437
37.8545341492 -11.0010280609 0.0587017015
37.7360229492 -11.0906620026 0.0660405010
38.5379295349 -5.0182890892 0.1079868749
38.7237129211 -4.6261758804 0.1102471799
38.7321815491 -0.1852143109 0.1185966581
37.6084594727 -5.3172240257 0.1277581453
37.6495513916 -13.3001165390 0.1308881640
37.7016563416 -13.7918539047 0.1517793983
37.9854049683 -6.2641272545 0.1561731398
38.3049697876 -6.7277212143 0.1656820774
37.8465614319 -10.9276666641 0.1755883396
37.8156242371 -10.9345207214 0.1771413535
37.9188308716 -10.9642286301 0.1776021272
37.8911361694 -10.9093370438 0.1776539236
37.8088035583 -10.9194126129 0.1816075295
37.7465133667 -11.0534448624 0.1873713434
37.7368507385 -11.0866003036 0.1885365099
37.7368469238 -11.0865983963 0.1885366440
38.6513481140 -4.3105025291 0.2230446041
38.6513481140 -4.3105025291 0.2230446041
38.6513481140 -4.3105025291 0.2230446041
38.7236175537 -4.6228470802 0.2317716330
38.5206336975 -4.7993497849 0.2345394045
38.6818771362 -4.9530186653 0.2357525378
38.6013755798 -4.8079023361 0.2362194210
38.6962699890 -4.8480706215 0.2379512489
38.6962699890 -4.8480706215 0.2379512489
37.7067680359 -13.4598188400 0.2643932700
38.5167121887 -6.1210217476 0.2740106285
38.5349044800 -2.4269154072 0.2863146067
37.9092864990 -10.8305101395 0.2928881049
37.8269195557 -11.0196466446 0.2959499657
37.9373626709 -10.8398647308 0.2966412604
37.7438049316 -10.8938436508 0.2969589531
37.8890151978 -11.0231161118 0.2980315387
37.9248313904 -10.8185539246 0.3015627563
38.0281448364 -10.8477897644 0.3023408651
37.7526321411 -10.9630270004 0.3028967977
37.7708015442 -11.0297088623 0.3035354912
37.9276237488 -11.1528892517 0.3039481044
37.9193801880 -10.9319849014 0.3042977452
37.9589920044 -11.0225963593 0.3044891953
37.9315299988 -10.9805822372 0.3048127294
37.9124946594 -10.9448404312 0.3048918545
37.7698974609 -10.9828987122 0.3073708117
37.8730888367 -11.0126581192 0.3081657887
38.4901618958 -3.3868026733 0.3093956709
37.7373008728 -11.0824260712 0.3110313714
37.7373008728 -11.0824260712 0.3110313714
37.8403892517 -11.1124544144 0.3118370175
37.8403892517 -11.1124544144 0.3118370175
37.8403892517 -11.1124544144 0.3118370175
37.8403892517 -11.1124544144 0.3118370175
38.6508750916 -4.3071851730 0.3442361057
38.6508750916 -4.3071851730 0.3442361057
38.6508750916 -4.3071851730 0.3442361057
38.5097236633 -2.5258874893 0.3795500994
37.6061401367 -13.4193181992 0.3875144720
38.5056915283 -3.5870103836 0.4030056894
37.0806198120 -13.8143987656 0.4103635550
37.8060798645 -10.7968578339 0.4139336348
37.7238960266 -10.9853782654 0.4166414142
37.9301261902 -11.0454053879 0.4189140201
37.7746200562 -10.8275756836 0.4211866558
37.8779220581 -10.8569917679 0.4223014116
37.9949150085 -10.9304752350 0.4237619042
38.3593940735 -4.2344179153 0.4238376319
37.7129974365 -10.8686609268 0.4248816073
38.0282363892 -10.8435335159 0.4254974127
38.0227088928 -10.9572525024 0.4282422364
37.8501853943 -11.0749311447 0.4334917963
37.7373847961 -11.0781497955 0.4335235357
37.7373809814 -11.0781478882 0.4335236549
37.8404922485 -11.1081657410 0.4346601665
37.8404922485 -11.1081657410 0.4346601665
37.8404922485 -11.1081666946 0.4346601963
37.8404922485 -11.1081666946 0.4346601963
37.8404922485 -11.1081666946 0.4346601963
37.8208999634 -11.0682411194 0.4346728921
37.9435882568 -11.1381874084 0.4357976615
37.9435882568 -11.1381874084 0.4357976615
37.9435882568 -11.1381874084 0.4357976615
37.9435882568 -11.1381883621 0.4357976615
37.9435882568 -11.1381883621 0.4357976615
37.9435882568 -11.1381874084 0.4357976615
37.9240264893 -11.0981483459 0.4358064234
37.9446105957 -2.5009558201 0.4881061316
38.0279426575 -10.8391695023 0.5486509204
37.7371177673 -11.0737619400 0.5560109615
37.9530220032 -11.1004543304 0.5577782393
37.9433059692 -11.1337795258 0.5589495301
38.6410751343 -1.5089724064 0.6038280725
37.9650039673 -2.6907181740 0.6092106700
37.9431991577 -2.5147550106 0.6191365719
38.2000160217 -11.7698364258 0.6766125560
37.6748085022 -13.3138475418 0.7228192091
37.5888977051 -13.6067619324 0.7446069717
38.4621353149 -3.7153000832 0.7606405616
39.1065483093 -2.7821214199 0.7648007274
39.1040840149 -2.8164455891 0.7656651735
38.4553184509 -2.6686706543 0.8645390868
37.5881118774 -13.6017189026 0.8690614700
39.1017875671 -2.8132028580 0.8878356814
38.2353248596 -4.8931636810 0.9233012199
36.9075279236 -15.0798482895 0.9262697101
38.0538635254 -12.1546201706 0.9343166351
38.1599884033 -11.8405456543 1.0467693806
38.1184005737 -11.8128023148 1.0480464697
38.0342102051 -11.9136419296 1.1782035828
38.2959098816 -3.1666488647 1.3532996178
36.8831787109 -15.3837747574 1.4379935265
37.5757408142 -13.5687227249 1.6155761480
38.2814636230 -3.2532334328 1.8128861189
38.2943305969 -2.9497184753 2.0447351933
