X Y Z Doppler RCS Label Mahalanobis_Error
2.909158 0.544145 -1.144020 -0.547517 8.150000 0.000000 0.448321
3.243039 1.756358 -1.103934 -0.466094 7.010000 0.000000 0.254641
3.100386 1.367870 -1.085437 -0.517090 7.070000 0.000000 0.332543
3.327020 0.180580 -1.074975 -0.532105 6.790000 0.000000 0.089742
3.243906 0.178721 -1.074255 -0.542578 7.260000 0.000000 0.104208
3.206445 0.348424 -1.067887 -0.530448 7.390000 0.000000 0.067058
3.324065 1.889385 -1.067186 -0.450150 7.050000 0.000000 0.473882
3.562332 0.077841 -1.063228 -0.542631 6.850000 0.000000 0.020679
2.904849 0.618376 -1.058349 -0.546163 6.960000 0.000000 0.381646
3.797287 1.354214 -1.057909 -0.523422 7.350000 0.000000 0.083711
3.090499 2.151088 -1.056483 -0.481203 7.430000 0.000000 0.464856
3.454645 0.045431 -1.054993 -0.542714 6.850000 0.000000 0.038929
3.430879 1.244474 -1.053106 -0.534803 7.620000 0.000000 0.342309
2.911226 1.207540 -1.053014 -0.506447 6.850000 0.000000 0.114723
3.972704 0.307904 -1.052778 -0.542802 6.400000 0.000000 0.039182
3.362350 1.371368 -1.052348 -0.500871 6.550000 0.000000 0.097288
3.516302 0.116832 -1.051935 -0.553424 7.570000 0.000000 0.201446
3.872398 0.874373 -1.050594 -0.545817 8.780000 0.000000 0.178741
3.362080 0.410661 -1.045388 -0.520648 6.930000 0.000000 0.273929
2.946101 0.611709 -1.044356 -0.566005 6.580000 0.000000 0.677693
3.847489 0.094843 -1.040907 -0.553522 8.530000 0.000000 0.137622
3.406614 1.657481 -1.036420 -0.520957 7.450000 0.000000 0.430210
3.110692 0.367069 -1.034545 -0.540050 6.400000 0.000000 0.097336
3.749652 0.177831 -1.034065 -0.532841 6.330000 0.000000 0.190762
3.858916 0.249616 -1.033507 -0.572338 6.980000 0.000000 0.450669
3.726875 0.373016 -1.033168 -0.552450 6.970000 0.000000 0.159389
3.760720 0.893253 -1.031439 -0.544948 8.670000 0.000000 0.189533
3.959979 0.098923 -1.023051 -0.553521 8.950000 0.000000 0.111556
3.260794 0.371776 -1.021903 -0.520934 7.090000 0.000000 0.269452
3.415620 0.081154 -1.012685 -0.553523 7.590000 0.000000 0.196360
2.841864 2.029200 -0.996144 -0.491769 7.140000 0.000000 0.708824
3.251808 0.699466 -0.983949 -0.546015 7.640000 0.000000 0.232753
2.824974 0.607189 -0.977114 -0.545640 7.290000 0.000000 0.329017
4.032492 3.003092 -1.250104 -0.464168 7.000000 0.000000 0.290902
4.049256 2.750947 -1.209120 -0.454651 8.780000 0.000000 0.090115
4.723366 1.837080 -1.194652 -0.552546 7.180000 0.000000 0.599404
4.976500 1.206955 -1.173557 -0.515506 7.260000 0.000000 0.363173
4.556377 0.972825 -1.168126 -0.585339 7.960000 0.000000 0.784055
4.872689 1.187417 -1.154245 -0.515380 7.010000 0.000000 0.361330
4.681822 1.241323 -1.149373 -0.562420 6.490000 0.000000 0.472197
3.953509 2.960936 -1.149144 -0.463236 8.110000 0.000000 0.264373
3.829239 2.512270 -1.148505 -0.522938 7.810000 0.000000 0.968558
5.132808 1.665344 -1.147821 -0.558424 8.080000 0.000000 0.492219
3.543248 4.269442 -1.146386 -0.397587 7.490000 0.000000 0.583579
4.044042 2.528585 -1.143766 -0.448248 7.290000 0.000000 0.389846
5.346932 1.210063 -1.141292 -0.507424 7.730000 0.000000 0.563139
5.027322 0.046709 -1.134572 -0.553683 7.860000 0.000000 0.050291
5.248909 0.646907 -1.130748 -0.520254 8.840000 0.000000 0.478484
4.961587 0.876844 -1.130360 -0.459836 7.600000 0.000000 1.399296
3.860367 2.911432 -1.129000 -0.462139 7.200000 0.000000 0.265287
5.528610 0.823947 -1.127214 -0.551791 9.560000 0.000000 0.049187
3.617167 4.234750 -1.127196 -0.415278 8.330000 0.000000 0.774492
5.346083 1.159408 -1.124797 -0.543000 6.760000 0.000000 0.005498
5.211128 1.341508 -1.122672 -0.543308 6.500000 0.000000 0.089292
5.055702 2.023873 -1.122137 -0.521086 7.580000 0.000000 0.059079
3.899168 2.916863 -1.119687 -0.468404 7.160000 0.000000 0.342862
5.140989 2.109030 -1.118601 -0.520279 8.700000 0.000000 0.065941
3.996514 2.966714 -1.118596 -0.469606 7.200000 0.000000 0.335416
4.980415 1.009938 -1.117755 -0.563319 7.260000 0.000000 0.344023
5.063983 0.384890 -1.116964 -0.531623 6.970000 0.000000 0.312528
4.527198 0.810502 -1.116139 -0.549091 8.070000 0.000000 0.116356
5.015189 1.409416 -1.115278 -0.512347 7.080000 0.000000 0.366004
4.475221 2.840807 -1.112423 -0.512233 7.940000 0.000000 0.654296
5.485294 0.627680 -1.111682 -0.563512 6.960000 0.000000 0.208681
3.758715 3.770257 -1.111592 -0.464068 7.230000 0.000000 1.083524
5.423778 0.810317 -1.108316 -0.551765 8.730000 0.000000 0.049906
4.420388 0.967594 -1.108164 -0.539359 8.480000 0.000000 0.020089
5.217841 1.957557 -1.106338 -0.510547 7.190000 0.000000 0.195552
5.230916 0.680682 -1.105164 -0.543270 7.680000 0.000000 0.098444
3.449585 2.648416 -1.104608 -0.490804 8.710000 0.000000 0.818347
4.197302 0.999440 -1.102342 -0.565012 7.180000 0.000000 0.499341
3.678416 2.862378 -1.099907 -0.463734 8.030000 0.000000 0.376579
5.107181 0.112744 -1.098777 -0.543251 7.630000 0.000000 0.142335
4.663936 0.893438 -1.096118 -0.568058 7.500000 0.000000 0.425411
4.070193 0.397206 -1.091893 -0.571948 7.510000 0.000000 0.461225
4.788187 1.536267 -1.090675 -0.510991 7.220000 0.000000 0.294550
4.391710 1.428761 -1.086494 -0.545901 7.140000 0.000000 0.326774
5.023846 0.521514 -1.084826 -0.552529 7.410000 0.000000 0.041560
3.905834 1.590545 -1.084166 -0.549307 6.480000 0.000000 0.635925
5.199532 0.086857 -1.081589 -0.542715 7.840000 0.000000 0.163581
4.213399 2.329569 -1.078470 -0.505619 7.440000 0.000000 0.295429
5.167239 0.736008 -1.077252 -0.511624 7.880000 0.000000 0.615163
5.030442 0.357119 -1.070843 -0.552832 7.780000 0.000000 0.022684
5.458546 0.923867 -1.070843 -0.573059 7.750000 0.000000 0.412477
4.775275 1.729712 -1.068648 -0.451293 7.950000 0.000000 1.191508
4.456163 0.430496 -1.067325 -0.521628 8.090000 0.000000 0.431192
4.881126 1.532391 -1.067241 -0.507124 6.740000 0.000000 0.388704
4.607656 1.665968 -1.064335 -0.505135 7.680000 0.000000 0.290338
5.093695 0.084687 -1.063557 -0.542715 7.680000 0.000000 0.162225
5.094751 0.397801 -1.063453 -0.512977 6.810000 0.000000 0.641145
4.096826 0.982429 -1.063139 -0.564821 7.350000 0.000000 0.492905
3.270331 2.702005 -1.056757 -0.409458 7.630000 0.000000 0.340287
4.231019 2.329995 -1.053930 -0.503821 8.400000 0.000000 0.249193
4.538929 1.705671 -1.053579 -0.536138 8.010000 0.000000 0.260256
4.163882 2.691472 -1.052201 -0.492539 7.870000 0.000000 0.370843
4.785975 1.481337 -1.046582 -0.528691 7.110000 0.000000 0.041349
3.973621 2.515836 -1.045298 -0.526401 8.290000 0.000000 0.902120
3.785233 1.559623 -1.042171 -0.495291 6.780000 0.000000 0.249915
5.017604 1.666191 -1.041909 -0.539622 8.740000 0.000000 0.173837
4.068955 0.157767 -1.038518 -0.553373 7.350000 0.000000 0.103707
4.125053 1.389773 -1.033450 -0.516192 7.250000 0.000000 0.133269
4.070170 0.054132 -1.022124 -0.553615 8.300000 0.000000 0.098494
4.648674 0.901447 -1.019106 -0.548155 7.750000 0.000000 0.071057
4.345978 1.644287 -1.009726 -0.534704 8.190000 0.000000 0.243342
4.917669 1.642550 -1.002741 -0.539336 8.790000 0.000000 0.168149
4.302748 0.447400 -0.995079 -0.542345 7.220000 0.000000 0.099037
3.921096 1.158001 -0.994239 -0.546482 6.730000 0.000000 0.282773
3.915494 1.385947 -0.991238 -0.523851 7.480000 0.000000 0.038169
4.264240 0.523273 -0.989059 -0.551343 8.650000 0.000000 0.065687
5.144156 0.416223 -0.987363 -0.552611 7.560000 0.000000 0.011284
5.059299 0.058170 -0.986619 -0.553689 7.950000 0.000000 0.003319
4.234916 1.266877 -0.976393 -0.546734 7.850000 0.000000 0.254455
4.196148 1.163951 -0.935741 -0.511494 7.650000 0.000000 0.386411
4.614252 -0.217983 -1.141132 -0.483173 7.370000 0.000000 1.055209
5.491937 -0.263210 -1.132588 -0.573915 3.620000 0.000000 0.371240
4.951270 -0.251123 -1.111075 -0.573827 7.600000 0.000000 0.403753
5.145650 -1.965191 -1.104066 -0.561319 7.970000 0.000000 0.804181
5.180058 -0.150792 -1.096615 -0.522867 8.170000 0.000000 0.474466
4.839240 -0.140802 -1.079589 -0.542840 6.420000 0.000000 0.123339
4.415822 -0.182600 -1.066003 -0.543890 8.540000 0.000000 0.065015
4.508117 -0.165941 -1.040644 -0.553781 7.700000 0.000000 0.075944
4.622930 -1.798826 -1.036052 -0.540144 7.400000 0.000000 0.488484
4.286261 -0.303681 -1.005245 -0.553308 6.300000 0.000000 0.097393
5.360485 -0.985586 -0.999432 -0.512014 7.890000 0.000000 0.523793
4.313618 -0.929578 -0.992758 -0.548278 7.480000 0.000000 0.205576
4.706263 -1.746735 -0.966209 -0.511063 7.010000 0.000000 0.072044
3.903721 -1.618919 -0.952483 -0.532564 9.020000 0.000000 0.468969
5.910752 3.879878 -1.523974 -0.514860 7.870000 0.000000 0.779243
4.937605 3.612514 -1.493720 -0.446669 8.570000 0.000000 0.050366
6.341233 2.815305 -1.403547 -0.523644 8.680000 0.000000 0.220478
5.826969 3.327430 -1.396094 -0.458096 7.430000 0.000000 0.457140
5.921675 3.369185 -1.344560 -0.454945 7.730000 0.000000 0.531899
5.253603 2.169226 -1.324258 -0.533656 7.510000 0.000000 0.347783
6.341307 1.278375 -1.267539 -0.517051 7.960000 0.000000 0.464624
6.243326 2.992276 -1.251632 -0.479080 7.620000 0.000000 0.442157
4.973743 2.669626 -1.248041 -0.489639 7.280000 0.000000 0.025984
6.656196 0.522559 -1.246408 -0.602523 7.520000 0.000000 0.806533
7.092561 0.336535 -1.243174 -0.572790 7.300000 0.000000 0.284890
6.550633 2.761408 -1.231802 -0.543289 7.410000 0.000000 0.438491
5.997811 3.657638 -1.226395 -0.522772 7.580000 0.000000 0.696588
6.548746 1.308147 -1.220145 -0.567179 7.280000 0.000000 0.341924
5.501931 3.385067 -1.218237 -0.488424 9.380000 0.000000 0.164312
6.515088 2.801629 -1.218216 -0.543000 8.250000 0.000000 0.456235
5.607622 3.890374 -1.216045 -0.449499 8.690000 0.000000 0.226679
6.708664 2.301018 -1.216012 -0.543000 7.170000 0.000000 0.219211
5.934126 0.586125 -1.214548 -0.541500 7.180000 0.000000 0.163878
5.772151 0.815960 -1.213146 -0.563526 7.160000 0.000000 0.245942
5.705115 3.941712 -1.205744 -0.450058 8.040000 0.000000 0.232417
5.885739 2.300676 -1.203487 -0.510842 8.660000 0.000000 0.160546
5.988616 2.338161 -1.201378 -0.510918 8.460000 0.000000 0.165792
4.589133 5.080235 -1.199856 -0.429679 7.180000 0.000000 0.797490
4.266006 4.851632 -1.199188 -0.538160 7.810000 1.000000 2.693945
6.195096 1.355414 -1.197703 -0.550523 7.010000 0.000000 0.106296
6.964361 0.979169 -1.196722 -0.563617 8.010000 0.000000 0.187222
6.077057 3.395628 -1.196506 -0.459056 8.340000 0.000000 0.531686
6.396591 2.341241 -1.195769 -0.558559 7.460000 0.000000 0.541454
6.805857 1.687448 -1.195582 -0.564634 7.850000 0.000000 0.365390
5.484248 3.662386 -1.194038 -0.522147 8.270000 0.000000 0.890982
6.004208 0.034410 -1.193626 -0.543000 7.070000 0.000000 0.173407
6.084113 0.779367 -1.192961 -0.532056 7.740000 0.000000 0.311144
5.814484 2.636340 -1.191759 -0.488577 7.130000 0.000000 0.355276
5.433858 3.733933 -1.188889 -0.512011 8.290000 0.000000 0.788377
6.047283 0.596690 -1.187217 -0.541510 7.960000 0.000000 0.177535
5.275530 3.326005 -1.183905 -0.506910 7.780000 0.000000 0.523322
6.507105 1.212253 -1.181103 -0.511073 7.580000 0.000000 0.613448
6.772746 0.121270 -1.181034 -0.513258 8.480000 0.000000 0.704957
6.865232 0.922913 -1.178715 -0.563603 8.130000 0.000000 0.180583
6.259734 1.717722 -1.178612 -0.563604 7.910000 0.000000 0.416971
5.373732 3.375164 -1.177921 -0.507416 8.130000 0.000000 0.518078
6.703236 1.702892 -1.177624 -0.482930 7.300000 0.000000 0.975949
5.625300 1.739738 -1.177251 -0.512050 6.980000 0.000000 0.332046
5.647855 2.310596 -1.177060 -0.446809 7.240000 0.000000 1.166507
5.555861 2.315697 -1.176926 -0.549999 9.000000 0.000000 0.567745
6.938174 1.303749 -1.175813 -0.470554 7.380000 0.000000 1.298898
6.518888 1.827399 -1.174894 -0.473759 6.990000 0.000000 1.069675
5.664360 0.849845 -1.174096 -0.563513 8.040000 0.000000 0.249972
4.904061 3.752176 -1.173719 -0.501846 7.230000 0.000000 0.899027
4.370293 4.570210 -1.170586 -0.448304 7.910000 0.000000 0.928899
5.734243 3.350215 -1.169917 -0.457340 8.840000 0.000000 0.470374
5.975217 1.530421 -1.169538 -0.491526 8.550000 0.000000 0.801260
6.081767 1.555591 -1.166987 -0.491567 8.470000 0.000000 0.806921
6.275649 2.792269 -1.163900 -0.523479 7.520000 0.000000 0.173848
6.266812 2.697784 -1.161427 -0.584550 7.040000 0.000000 1.143488
6.765687 0.867848 -1.160716 -0.563591 6.680000 0.000000 0.174308
5.931839 1.230389 -1.160677 -0.563530 6.990000 0.000000 0.307208
5.455796 2.281185 -1.158776 -0.549758 9.670000 0.000000 0.568153
5.603741 1.989012 -1.158138 -0.523141 7.450000 0.000000 0.045552
6.535976 2.762797 -1.156363 -0.505620 8.970000 0.000000 0.195279
6.346798 1.724843 -1.156341 -0.543396 7.560000 0.000000 0.068577
6.354487 1.798962 -1.154290 -0.563636 8.090000 0.000000 0.426084
5.499320 1.485506 -1.154242 -0.548878 8.360000 0.000000 0.196972
5.674623 0.319036 -1.154222 -0.543000 6.970000 0.000000 0.161738
5.554566 0.869709 -1.154060 -0.563496 8.110000 0.000000 0.257792
5.748724 1.465663 -1.152278 -0.563751 8.550000 0.000000 0.399458
6.129277 0.698660 -1.151699 -0.563548 6.940000 0.000000 0.185307
5.187187 3.693156 -1.151401 -0.488898 9.120000 0.000000 0.491278
6.614481 1.486351 -1.151191 -0.547497 8.010000 0.000000 0.038352
5.657918 2.538670 -1.148657 -0.508301 8.510000 0.000000 0.044835
4.468951 4.526319 -1.146527 -0.539374 7.010000 1.000000 2.328645
5.619389 1.555509 -1.146022 -0.538343 8.310000 0.000000 0.026611
6.069417 3.220800 -1.145603 -0.444628 7.530000 0.000000 0.868563
5.352768 3.174256 -1.143064 -0.507030 7.950000 0.000000 0.391321
5.696386 0.357881 -1.141399 -0.603511 7.070000 0.000000 0.837245
5.345402 3.415962 -1.141207 -0.489205 8.030000 0.000000 0.246257
6.070227 1.913506 -1.139841 -0.527959 7.650000 0.000000 0.086416
6.129925 0.573498 -1.138574 -0.521244 7.580000 0.000000 0.533056
5.739076 3.646723 -1.137221 -0.487441 6.690000 0.000000 0.189214
6.034821 0.067958 -1.135549 -0.542989 7.670000 0.000000 0.191392
5.891358 1.414662 -1.134589 -0.514853 7.970000 0.000000 0.449053
5.051396 3.118903 -1.133885 -0.436247 7.570000 0.000000 0.688976
6.136549 3.006317 -1.132987 -0.456131 7.390000 0.000000 0.808775
5.575048 2.461543 -1.131591 -0.508830 8.740000 0.000000 0.056661
5.838512 1.645491 -1.131557 -0.491174 8.290000 0.000000 0.759212
6.245889 0.672942 -1.128696 -0.563551 6.940000 0.000000 0.169610
5.795352 0.602392 -1.127750 -0.601771 8.410000 0.000000 0.821068
5.564138 0.890511 -1.127647 -0.573141 8.300000 0.000000 0.413076
5.283272 2.081645 -1.126531 -0.510331 8.040000 0.000000 0.148437
5.647150 3.620962 -1.125436 -0.479395 7.790000 0.000000 0.076262
5.201289 2.648335 -1.124694 -0.480164 7.170000 0.000000 0.314149
5.478693 3.427669 -1.123359 -0.507925 8.110000 0.000000 0.503167
5.643468 3.600290 -1.121904 -0.486912 7.970000 0.000000 0.189488
3.632380 4.339494 -1.121251 -0.399409 7.920000 0.000000 0.575581
4.974612 4.271073 -1.120577 -0.442390 8.700000 0.000000 0.209153
6.110875 0.932140 -1.120318 -0.573270 8.040000 0.000000 0.376507
6.354040 2.089072 -1.120155 -0.503474 8.440000 0.000000 0.475617
5.710333 0.532226 -1.119792 -0.523148 7.970000 0.000000 0.485438
5.432916 3.929799 -1.119586 -0.430735 7.990000 0.000000 0.449161
5.854752 1.340473 -1.119360 -0.512401 8.300000 0.000000 0.511171
5.252164 3.801333 -1.118379 -0.487824 8.810000 0.000000 0.503909
5.601864 0.522036 -1.117591 -0.523146 7.500000 0.000000 0.479935
6.458299 1.755314 -1.117130 -0.543404 8.000000 0.000000 0.056405
6.255953 0.108686 -1.116809 -0.543009 7.660000 0.000000 0.206245
5.022562 3.480814 -1.116706 -0.457043 7.670000 0.000000 0.098600
5.848176 0.287831 -1.116097 -0.573519 8.750000 0.000000 0.321123
4.196999 4.726590 -1.115651 -0.394346 7.210000 0.000000 0.270937
6.205541 1.218088 -1.115571 -0.518282 7.950000 0.000000 0.482280
5.976874 0.718421 -1.115495 -0.551524 8.290000 0.000000 0.010572
5.496883 2.371910 -1.114464 -0.509620 8.420000 0.000000 0.072290
4.968212 3.863638 -1.112929 -0.501005 7.750000 0.000000 0.911882
3.748322 4.271496 -1.112159 -0.428083 6.770000 0.000000 0.888694
6.020532 1.865754 -1.110985 -0.512518 8.000000 0.000000 0.358489
5.326016 1.754179 -1.110738 -0.526994 7.000000 0.000000 0.040217
5.430887 1.784819 -1.109889 -0.527102 7.220000 0.000000 0.046290
5.991271 3.354771 -1.106974 -0.458830 7.850000 0.000000 0.544557
6.087972 0.596651 -1.106676 -0.512998 7.450000 0.000000 0.672708
5.827665 0.274140 -1.106592 -0.522285 8.130000 0.000000 0.529178
6.213529 0.506889 -1.106050 -0.562679 7.800000 0.000000 0.134412
6.182387 2.916067 -1.105166 -0.479597 8.030000 0.000000 0.481787
6.034699 0.611757 -1.103965 -0.523165 7.480000 0.000000 0.500336
5.122442 3.220631 -1.102667 -0.435744 7.810000 0.000000 0.670833
5.825554 0.508173 -1.102101 -0.523140 7.600000 0.000000 0.500130
6.912696 0.000613 -1.101992 -0.542948 8.410000 0.000000 0.232262
5.759541 1.282236 -1.100249 -0.512422 8.390000 0.000000 0.521683
6.869156 0.386074 -1.098690 -0.513039 7.890000 0.000000 0.723504
6.150208 0.106852 -1.098128 -0.543009 8.370000 0.000000 0.206197
5.906846 0.885552 -1.097972 -0.589359 7.060000 0.000000 0.643790
5.893967 3.561114 -1.096606 -0.494023 7.220000 0.000000 0.183292
5.790453 0.500769 -1.096330 -0.552837 7.860000 0.000000 0.008631
6.150372 1.586794 -1.096000 -0.457499 6.150000 0.000000 1.386061
6.433119 1.332497 -1.092833 -0.548250 7.850000 0.000000 0.016648
6.252055 3.324611 -1.089584 -0.492634 7.880000 0.000000 0.085449
4.684881 3.409478 -1.088865 -0.447434 7.890000 0.000000 0.132296
6.131207 0.479311 -1.088278 -0.501688 6.240000 0.000000 0.877906
6.180524 1.931742 -1.087588 -0.504104 8.260000 0.000000 0.503107
5.523266 1.533292 -1.085726 -0.538251 7.740000 0.000000 0.015643
6.430659 0.960464 -1.084676 -0.529197 9.240000 0.000000 0.377678
6.117784 0.752627 -1.083864 -0.542180 8.560000 0.000000 0.176942
5.663812 3.425383 -1.083194 -0.455873 8.350000 0.000000 0.441275
5.606132 2.309352 -1.083192 -0.533684 8.050000 0.000000 0.259331
5.789380 0.658013 -1.080011 -0.603387 6.660000 0.000000 0.842579
5.658939 3.179724 -1.079647 -0.523231 8.760000 0.000000 0.534287
5.378907 2.258744 -1.075761 -0.533324 8.450000 0.000000 0.284234
5.746230 1.770488 -1.074987 -0.512227 7.590000 0.000000 0.363832
6.149535 2.280970 -1.073763 -0.511237 7.810000 0.000000 0.244957
6.416474 1.198351 -1.073157 -0.511050 7.140000 0.000000 0.633009
5.930227 3.234946 -1.070696 -0.500058 9.390000 0.000000 0.087493
6.286060 2.225499 -1.067860 -0.511488 7.900000 0.000000 0.289426
5.729852 1.332072 -1.065620 -0.469236 8.840000 0.000000 1.227421
5.566035 0.714312 -1.061892 -0.603331 7.660000 0.000000 0.860808
5.759116 1.399728 -1.058958 -0.546116 8.240000 0.000000 0.061179
5.313757 3.364973 -1.058475 -0.484022 8.000000 0.000000 0.126503
6.258425 2.062714 -1.056284 -0.503369 8.210000 0.000000 0.484774
5.993956 0.810722 -1.054211 -0.531949 7.670000 0.000000 0.336759
5.683342 0.682128 -1.043083 -0.603364 8.180000 0.000000 0.842882
5.726267 1.763681 -1.041818 -0.507950 8.170000 0.000000 0.441853
6.495200 2.874159 -1.039893 -0.523931 8.730000 0.000000 0.146162
6.153744 1.600486 -1.038261 -0.545904 7.200000 0.000000 0.069136
6.465331 2.723530 -1.037740 -0.536531 7.880000 0.000000 0.294209
5.822917 0.821264 -1.034739 -0.511738 8.400000 0.000000 0.662926
5.206382 4.118052 -1.034657 -0.499989 8.880000 0.000000 0.917540
5.917556 1.481230 -1.034419 -0.509570 7.870000 0.000000 0.543057
6.542658 1.142671 -1.033832 -0.512918 7.730000 0.000000 0.630605
4.650760 3.265897 -1.031476 -0.489524 7.670000 0.000000 0.469101
6.810803 0.256125 -1.026545 -0.543072 8.170000 0.000000 0.242438
6.266678 2.919509 -1.024974 -0.533012 7.330000 0.000000 0.369046
6.331960 0.948682 -1.020639 -0.529173 8.870000 0.000000 0.387582
5.710366 0.858508 -1.018505 -0.511572 8.390000 0.000000 0.654758
5.723127 0.291732 -1.009291 -0.543111 7.730000 0.000000 0.204067
6.344314 0.539521 -1.006844 -0.512047 8.500000 0.000000 0.728982
6.337548 1.318039 -1.004140 -0.548182 8.050000 0.000000 0.002040
6.825802 1.855088 -1.002806 -0.532637 7.170000 0.000000 0.153373
5.371181 2.113587 -1.000168 -0.503489 7.630000 0.000000 0.299494
6.817284 1.229322 -0.987787 -0.531340 7.080000 0.000000 0.333892
6.356724 1.334843 -0.982579 -0.478622 7.980000 0.000000 1.151237
5.224455 2.098520 -0.971131 -0.534508 7.110000 0.000000 0.235680
6.316504 1.225571 -0.968220 -0.510899 7.820000 0.000000 0.642876
6.855488 -0.052921 -1.316756 -0.543000 7.760000 0.000000 0.181632
6.655538 -0.473631 -1.255602 -0.483366 7.890000 0.000000 1.140045
6.921539 -0.045062 -1.196327 -0.522947 8.480000 0.000000 0.543269
6.270605 -0.168033 -1.165472 -0.522894 7.160000 0.000000 0.517694
6.789559 -0.409820 -1.158531 -0.544135 7.430000 0.000000 0.169113
5.956943 -0.165478 -1.145377 -0.573391 9.720000 0.000000 0.328908
6.758940 -0.399452 -1.134568 -0.553760 8.420000 0.000000 0.014569
5.686464 -1.360783 -1.132926 -0.491758 7.710000 0.000000 0.732688
6.978806 -0.510271 -1.131948 -0.543000 7.720000 0.000000 0.189514
5.923824 -0.202183 -1.128528 -0.542819 7.470000 0.000000 0.177121
6.825269 -0.083838 -1.117987 -0.522932 7.900000 0.000000 0.554642
6.889541 -0.265626 -1.117276 -0.553903 6.520000 0.000000 0.032980
6.469209 -1.217329 -1.113820 -0.531720 7.510000 0.000000 0.210158
5.756966 -3.327718 -1.108027 -0.493210 8.020000 0.000000 0.285847
6.172016 -0.164575 -1.107010 -0.522894 7.480000 0.000000 0.527657
6.508265 -1.134174 -1.102853 -0.531027 7.100000 0.000000 0.249399
5.802921 -2.397960 -1.099867 -0.473570 8.440000 0.000000 0.588585
6.364555 -1.199894 -1.097179 -0.531683 7.830000 0.000000 0.209842
6.687566 -2.142996 -1.095461 -0.541120 7.960000 0.000000 0.231824
5.804134 -1.383345 -1.070842 -0.491815 7.640000 0.000000 0.755361
6.925233 -0.042141 -1.060277 -0.543810 6.860000 0.000000 0.224880
5.596931 -3.655393 -1.045916 -0.543000 7.580000 0.000000 1.370272
5.503345 -2.241999 -1.032996 -0.538577 6.880000 0.000000 0.467611
6.590879 -0.639703 -1.026436 -0.542397 7.070000 0.000000 0.185244
5.625968 -3.287315 -1.013733 -0.519538 8.110000 0.000000 0.731666
5.511217 -3.598343 -1.008982 -0.543000 7.830000 0.000000 1.366228
6.655228 -2.415066 -1.004730 -0.512133 7.520000 0.000000 0.144274
5.777840 -2.559656 -0.992075 -0.504478 7.760000 0.000000 0.004149
6.351903 -2.401780 -0.980314 -0.509499 7.230000 0.000000 0.139770
6.112469 -3.043875 -0.964750 -0.522857 7.610000 0.000000 0.467228
5.363554 -2.617859 -0.917659 -0.521836 7.570000 0.000000 0.430001
6.079015 4.358095 -1.378034 -0.444224 7.480000 0.000000 0.227254
6.868031 4.886667 -1.371732 -0.452786 7.520000 0.000000 0.129429
7.785766 1.990764 -1.352498 -0.512659 7.610000 0.000000 0.483216
8.162829 1.456298 -1.319807 -0.543398 6.770000 0.000000 0.116242
6.557950 4.225231 -1.306591 -0.536718 8.360000 0.000000 1.035532
7.769424 2.731167 -1.298277 -0.527507 7.580000 0.000000 0.033768
6.493080 4.128066 -1.291556 -0.537232 8.910000 0.000000 1.015496
7.853306 0.531812 -1.283892 -0.521899 7.990000 0.000000 0.567896
6.768610 3.498571 -1.276116 -0.519162 7.630000 0.000000 0.322167
6.644783 2.800476 -1.272563 -0.543304 8.300000 0.000000 0.442807
7.748015 3.207939 -1.265753 -0.475000 7.360000 0.000000 0.741788
7.602041 2.299428 -1.260617 -0.512384 7.510000 0.000000 0.401318
7.878306 2.763951 -1.259642 -0.527620 8.410000 0.000000 0.041961
6.740963 4.460846 -1.259107 -0.488304 8.490000 0.000000 0.280243
7.873353 1.939786 -1.254074 -0.523459 6.800000 0.000000 0.340347
8.185955 1.847567 -1.251038 -0.543000 7.260000 0.000000 0.061474
6.238286 4.164917 -1.250659 -0.455340 8.500000 0.000000 0.233056
7.067840 1.526106 -1.250245 -0.483056 7.640000 0.000000 1.039213
6.470711 3.083328 -1.248430 -0.506913 6.200000 0.000000 0.001253
7.483408 3.063216 -1.244433 -0.500606 8.290000 0.000000 0.327699
6.306914 4.584146 -1.243716 -0.449775 7.110000 0.000000 0.130099
6.847079 2.037271 -1.242551 -0.521198 7.520000 0.000000 0.246140
6.738583 2.948036 -1.241483 -0.489733 7.590000 0.000000 0.407769
6.109283 4.048809 -1.240782 -0.486361 7.950000 0.000000 0.266786
7.665353 0.408723 -1.240652 -0.523085 7.540000 0.000000 0.555466
8.067643 2.998002 -1.240595 -0.474753 6.900000 0.000000 0.870912
7.785434 3.640887 -1.236133 -0.523797 8.050000 0.000000 0.216979
6.874838 4.362306 -1.231099 -0.467296 8.100000 0.000000 0.165425
5.648209 5.157974 -1.226025 -0.438978 7.210000 0.000000 0.323848
7.089855 1.254781 -1.223205 -0.543000 8.250000 0.000000 0.110206
7.766786 3.246242 -1.223172 -0.526081 8.150000 0.000000 0.108752
7.190176 1.316059 -1.219166 -0.543000 8.130000 0.000000 0.106093
6.659780 3.931521 -1.216504 -0.496877 8.630000 0.000000 0.181810
7.661806 3.638430 -1.215739 -0.517448 8.210000 0.000000 0.133538
7.242093 3.805191 -1.215103 -0.499546 7.040000 0.000000 0.002519
6.975273 3.958653 -1.215010 -0.544311 7.690000 0.000000 0.884685
6.651486 3.969406 -1.212560 -0.452500 7.230000 0.000000 0.532234
7.036689 2.382938 -1.210676 -0.548129 6.950000 0.000000 0.281998
6.344107 3.800014 -1.210356 -0.458125 8.900000 0.000000 0.423454
7.900232 3.181734 -1.208264 -0.538530 7.760000 0.000000 0.267743
7.013772 4.345696 -1.207969 -0.468811 7.950000 0.000000 0.196155
7.842610 3.182955 -1.205557 -0.514020 6.670000 0.000000 0.128662
6.872808 2.552030 -1.203935 -0.543392 8.590000 0.000000 0.289162
7.600060 2.830339 -1.203605 -0.559499 7.110000 0.000000 0.539270
6.302635 4.135528 -1.203380 -0.507813 7.410000 0.000000 0.588396
7.795248 3.174496 -1.200436 -0.500957 7.720000 0.000000 0.340833
6.817681 3.813182 -1.200240 -0.511881 9.030000 0.000000 0.322989
7.501447 3.645268 -1.200230 -0.480149 7.940000 0.000000 0.449062
7.563177 0.403837 -1.199832 -0.523085 6.890000 0.000000 0.559741
7.926852 3.194590 -1.194908 -0.486446 7.270000 0.000000 0.596099
7.310498 3.872581 -1.194849 -0.446480 8.000000 0.000000 0.866641
7.284843 4.147659 -1.193039 -0.499796 7.920000 0.000000 0.143898
6.640142 2.959448 -1.192888 -0.500637 7.280000 0.000000 0.208966
7.988470 3.118448 -1.190691 -0.507179 8.480000 0.000000 0.289073
5.937324 5.070997 -1.189478 -0.471842 8.100000 0.000000 0.662643
6.397612 4.157866 -1.188755 -0.507730 7.570000 0.000000 0.561432
6.987657 3.812920 -1.187956 -0.517478 7.480000 0.000000 0.365948
6.780894 4.038394 -1.186548 -0.489982 8.060000 0.000000 0.077419
7.520117 1.623563 -1.185701 -0.536145 6.120000 0.000000 0.185496
7.203370 2.735600 -1.183467 -0.512651 8.380000 0.000000 0.210501
7.509784 1.067230 -1.182018 -0.573456 8.410000 0.000000 0.332334
7.096634 3.760519 -1.181338 -0.512166 7.850000 0.000000 0.224349
6.685523 3.898117 -1.181249 -0.509079 7.830000 0.000000 0.354307
6.780112 3.974930 -1.180834 -0.452500 7.730000 0.000000 0.574413
7.873296 3.287141 -1.180532 -0.526165 7.920000 0.000000 0.101201
7.604075 3.427794 -1.180300 -0.490239 8.000000 0.000000 0.392339
7.409319 2.980053 -1.179755 -0.500875 7.600000 0.000000 0.350607
7.573281 1.026028 -1.178509 -0.543000 7.000000 0.000000 0.181003
7.700397 1.147360 -1.177224 -0.483124 7.920000 0.000000 1.161531
7.603881 1.723307 -1.175186 -0.563842 7.210000 0.000000 0.287273
5.698194 5.956850 -1.175023 -0.442107 7.420000 0.000000 0.785154
7.373089 3.796200 -1.174939 -0.500495 7.300000 0.000000 0.023088
7.658729 3.009778 -1.174155 -0.523614 8.080000 0.000000 0.005509
6.274282 3.768408 -1.174117 -0.512020 8.490000 0.000000 0.470562
6.559470 4.365980 -1.170541 -0.487470 9.110000 0.000000 0.271953
7.508208 0.961723 -1.169007 -0.483101 7.390000 0.000000 1.179790
6.253013 3.753272 -1.168757 -0.457883 7.430000 0.000000 0.427236
7.735256 3.753497 -1.166970 -0.516620 7.860000 0.000000 0.143990
7.515489 4.202228 -1.166848 -0.509688 8.450000 0.000000 0.266961
7.094597 1.549786 -1.166389 -0.573125 6.990000 0.000000 0.439472
7.423331 0.500576 -1.166241 -0.501933 7.260000 0.000000 0.907107
8.084755 2.951737 -1.165487 -0.512160 6.960000 0.000000 0.278409
7.659301 0.691171 -1.165356 -0.492848 8.210000 0.000000 1.052246
7.287520 2.854433 -1.164949 -0.465930 7.700000 0.000000 0.957150
7.171481 1.664834 -1.163016 -0.523387 6.780000 0.000000 0.363590
6.213473 4.720205 -1.162624 -0.430786 7.410000 0.000000 0.342493
7.700526 3.641736 -1.162224 -0.550544 7.900000 0.000000 0.668160
6.731804 3.903704 -1.161368 -0.519530 8.540000 0.000000 0.513023
7.465967 1.326922 -1.160240 -0.492469 7.770000 0.000000 0.968361
7.053956 3.645567 -1.160136 -0.462083 7.350000 0.000000 0.648111
6.130781 3.669299 -1.160040 -0.522888 7.970000 0.000000 0.645675
7.706578 3.470626 -1.159722 -0.490315 8.310000 0.000000 0.396969
6.451871 4.022223 -1.158124 -0.538132 7.480000 0.000000 0.970852
7.305418 3.858280 -1.157117 -0.494556 7.790000 0.000000 0.080401
7.890718 3.083864 -1.155231 -0.507108 7.550000 0.000000 0.291671
8.068101 -1.104091 -1.154809 -0.512911 7.380000 0.000000 0.640045
4.792793 5.759923 -1.152698 -0.408763 8.000000 0.000000 0.709320
6.829503 3.954373 -1.149707 -0.519713 8.490000 0.000000 0.509326
7.339305 0.344911 -1.149386 -0.522295 7.020000 0.000000 0.577137
6.772463 2.346433 -1.148588 -0.512611 7.680000 0.000000 0.289966
7.951529 -0.935210 -1.145622 -0.532645 6.590000 0.000000 0.337516
8.088853 2.409547 -1.145144 -0.483258 7.510000 0.000000 0.921221
7.856875 3.189123 -1.143270 -0.465993 7.870000 0.000000 0.931897
6.876488 2.381305 -1.141870 -0.512639 7.310000 0.000000 0.294139
8.114607 2.270455 -1.141855 -0.543500 7.800000 0.000000 0.036365
7.406562 3.902418 -1.139882 -0.494795 7.990000 0.000000 0.084485
7.685144 2.195088 -1.138835 -0.529448 7.880000 0.000000 0.175921
4.712182 5.690528 -1.137889 -0.407656 8.610000 0.000000 0.707708
5.801607 4.688312 -1.137803 -0.473541 5.530000 0.000000 0.534871
6.068446 4.556742 -1.137715 -0.478822 8.030000 0.000000 0.423555
6.215714 3.663885 -1.132711 -0.512734 8.180000 0.000000 0.441046
7.599686 3.638506 -1.130572 -0.533077 7.670000 0.000000 0.394742
7.837177 -2.450070 -1.130343 -0.541276 7.390000 0.000000 0.192047
7.728928 3.221146 -1.130114 -0.465621 7.690000 0.000000 0.906942
7.576052 1.171647 -1.130092 -0.531826 8.690000 0.000000 0.353301
7.892139 2.792125 -1.128104 -0.467272 7.890000 0.000000 1.051783
7.981335 3.174231 -1.126792 -0.466282 8.060000 0.000000 0.953907
7.689762 1.219464 -1.126699 -0.541749 8.620000 0.000000 0.187543
6.123827 4.668259 -1.126652 -0.430258 8.250000 0.000000 0.344796
7.412169 3.708074 -1.125669 -0.510721 7.350000 0.000000 0.093648
6.373317 4.253994 -1.125095 -0.497008 8.150000 0.000000 0.434512
4.685997 5.570031 -1.124428 -0.409055 7.830000 0.000000 0.677140
7.318465 3.866634 -1.119651 -0.503454 9.140000 0.000000 0.062692
7.510934 3.754546 -1.119166 -0.510795 7.280000 0.000000 0.091079
6.559912 4.658050 -1.118070 -0.433235 7.980000 0.000000 0.482503
8.180836 -1.117483 -1.116937 -0.512916 7.010000 0.000000 0.647787
6.734418 4.204957 -1.114661 -0.467847 9.440000 0.000000 0.201932
7.632397 1.119966 -1.114642 -0.511834 9.620000 0.000000 0.696985
7.230671 0.438951 -1.114565 -0.543137 7.980000 0.000000 0.231291
7.808312 2.708739 -1.114418 -0.467387 7.690000 0.000000 1.067380
7.416320 2.814165 -1.114101 -0.512711 8.520000 0.000000 0.225515
7.614666 2.911579 -1.113769 -0.507150 8.880000 0.000000 0.313861
6.247632 5.087961 -1.113341 -0.425515 7.910000 0.000000 0.252375
6.307751 4.157514 -1.111368 -0.497698 7.370000 0.000000 0.417580
8.084867 2.033785 -1.107446 -0.483232 7.860000 0.000000 1.021977
6.723869 3.445614 -1.105586 -0.530623 7.080000 0.000000 0.472974
7.729104 3.737960 -1.103309 -0.498745 8.730000 0.000000 0.164210
7.988993 -1.143094 -1.102589 -0.553381 7.710000 0.000000 0.033068
7.384932 3.712702 -1.101127 -0.503580 8.740000 0.000000 0.019369
7.746274 2.389474 -1.099896 -0.528946 8.580000 0.000000 0.140604
7.002624 4.581432 -1.097478 -0.511577 8.150000 0.000000 0.615193
6.584852 2.744229 -1.084172 -0.499383 7.000000 0.000000 0.329091
7.456485 3.084352 -1.082532 -0.448462 7.080000 0.000000 1.200827
6.661717 -2.594043 -1.081594 -0.481302 8.290000 0.000000 0.564462
7.148228 2.011191 -1.080949 -0.512386 6.930000 0.000000 0.464041
7.921420 3.436453 -1.080740 -0.537634 7.170000 0.000000 0.325203
7.986597 -2.437196 -1.079186 -0.522082 7.410000 0.000000 0.154457
7.872993 0.221811 -1.078737 -0.553486 7.350000 0.000000 0.087464
7.598979 1.138642 -1.077785 -0.541884 6.980000 0.000000 0.200919
7.627435 1.071696 -1.076156 -0.563655 7.760000 0.000000 0.148545
7.744741 1.135949 -1.075696 -0.511845 8.140000 0.000000 0.705144
7.476677 1.158186 -1.070434 -0.531815 8.050000 0.000000 0.360284
6.014668 4.461664 -1.070200 -0.479198 8.860000 0.000000 0.391599
6.836110 4.256116 -1.068741 -0.468195 9.400000 0.000000 0.209736
7.302337 2.373529 -1.062067 -0.543458 7.860000 0.000000 0.141746
6.544623 3.369635 -1.061639 -0.494082 8.220000 0.000000 0.126563
7.637737 1.163389 -1.056676 -0.539897 9.500000 0.000000 0.234955
7.732792 0.776359 -1.055516 -0.552745 8.090000 0.000000 0.072525
7.746733 1.178435 -1.041480 -0.539915 9.320000 0.000000 0.239201
7.353031 1.887103 -1.039174 -0.514423 8.180000 0.000000 0.491145
7.328629 -3.016386 -1.036653 -0.490886 7.940000 0.000000 0.358772
6.394950 3.345758 -1.032952 -0.509564 7.700000 0.000000 0.155310
7.637469 -1.655605 -1.032341 -0.522346 7.250000 0.000000 0.355438
6.323255 -5.232088 -1.015544 -0.543000 6.700000 0.000000 1.974975
7.227956 0.745099 -1.009143 -0.602670 7.060000 0.000000 0.759556
7.042514 2.141457 -1.003826 -0.528765 7.670000 0.000000 0.152958
8.067745 -0.614609 -0.972931 -0.553962 7.640000 0.000000 0.054042
7.466809 1.912811 -0.966015 -0.514490 8.410000 0.000000 0.503252
5.782058 -4.539914 -0.865698 -0.499945 7.460000 0.000000 1.104988
7.467025 -2.896536 -0.840354 -0.552168 6.970000 0.000000 0.558892
7.794163 3.771648 -1.445478 -0.507784 7.840000 0.000000 0.029202
8.791548 2.629820 -1.433778 -0.573235 7.110000 0.000000 0.595481
8.487757 3.761068 -1.383481 -0.523832 8.440000 0.000000 0.149306
9.131047 0.923233 -1.369240 -0.523200 7.440000 0.000000 0.545285
8.483450 3.476544 -1.367504 -0.483452 7.420000 0.000000 0.615972
9.607295 3.152591 -1.364657 -0.543000 8.640000 0.000000 0.138041
8.967711 1.380150 -1.353022 -0.563757 7.160000 0.000000 0.176591
9.758925 2.284728 -1.339850 -0.530891 7.460000 0.000000 0.264753
9.887856 1.914515 -1.312141 -0.511414 7.660000 0.000000 0.658302
7.886163 3.916853 -1.303388 -0.522061 7.630000 0.000000 0.283044
8.685481 4.038772 -1.297041 -0.543000 7.960000 0.000000 0.517888
7.387699 5.595760 -1.296575 -0.482887 7.360000 0.000000 0.503735
8.391975 3.441469 -1.293001 -0.483410 7.590000 0.000000 0.623333
8.888016 3.972993 -1.285853 -0.466232 7.930000 0.000000 0.811010
8.896625 2.919233 -1.285825 -0.543000 8.120000 0.000000 0.140561
7.197941 5.676814 -1.281361 -0.479567 7.200000 0.000000 0.555996
9.895932 2.150023 -1.279578 -0.508833 7.780000 0.000000 0.667312
9.000518 2.953480 -1.278468 -0.543000 8.640000 0.000000 0.138041
8.524979 2.459063 -1.278293 -0.522410 7.230000 0.000000 0.284459
9.070234 2.876473 -1.277791 -0.511463 9.040000 0.000000 0.411279
10.059701 -0.506948 -1.271621 -0.544235 7.810000 0.000000 0.228985
7.936914 4.056755 -1.270943 -0.514573 8.840000 0.000000 0.198979
8.754121 4.331892 -1.268271 -0.507783 7.880000 0.000000 0.021918
8.374334 2.886502 -1.261428 -0.483368 7.220000 0.000000 0.800085
8.796228 0.920247 -1.255877 -0.543258 6.030000 0.000000 0.219321
8.906933 3.711475 -1.254198 -0.513911 8.790000 0.000000 0.112713
8.857983 2.901183 -1.253258 -0.529727 8.150000 0.000000 0.083780
7.851633 3.752248 -1.250215 -0.523220 8.320000 0.000000 0.238785
6.497027 5.840924 -1.249597 -0.541888 7.900000 0.000000 1.964478
7.347377 5.691243 -1.246507 -0.513205 7.650000 0.000000 1.059508
8.867342 2.847978 -1.244790 -0.520491 8.210000 0.000000 0.252854
8.894544 3.263669 -1.244616 -0.542427 8.610000 0.000000 0.223301
8.964587 2.936006 -1.244342 -0.509026 7.660000 0.000000 0.429246
8.860588 2.781693 -1.243030 -0.561554 8.350000 0.000000 0.410070
8.037368 5.358476 -1.239045 -0.499366 7.490000 0.000000 0.453172
7.826561 4.242754 -1.237522 -0.494073 8.610000 0.000000 0.044086
8.512229 5.003555 -1.235065 -0.502344 6.920000 0.000000 0.231059
8.964422 2.931549 -1.232305 -0.529804 7.840000 0.000000 0.087730
7.435533 5.381557 -1.231512 -0.517159 7.030000 0.000000 0.949788
10.044671 -0.629326 -1.231228 -0.563524 7.540000 0.000000 0.095114
8.621174 3.750721 -1.230251 -0.536518 7.510000 0.000000 0.315968
8.250714 3.555269 -1.229437 -0.490851 7.870000 0.000000 0.446193
9.112963 2.833802 -1.224711 -0.509395 8.430000 0.000000 0.466268
8.967263 2.811064 -1.222397 -0.561627 8.160000 0.000000 0.406225
8.351236 3.111476 -1.220383 -0.529925 6.920000 0.000000 0.037185
8.291497 4.138377 -1.215273 -0.534530 7.050000 0.000000 0.479517
9.028702 2.928276 -1.212965 -0.505070 7.410000 0.000000 0.506706
7.715188 3.948965 -1.209914 -0.478446 7.510000 0.000000 0.400023
8.068600 3.205881 -1.204880 -0.507057 8.550000 0.000000 0.271879
8.844805 3.437177 -1.201001 -0.548255 7.870000 0.000000 0.373462
8.508724 3.040008 -1.199066 -0.512343 8.130000 0.000000 0.298675
8.640051 3.746365 -1.199056 -0.523846 8.160000 0.000000 0.098379
8.191705 5.229215 -1.196852 -0.543241 8.140000 0.000000 1.077933
7.832813 3.831542 -1.196282 -0.502902 7.890000 0.000000 0.069374
7.846361 4.018109 -1.193262 -0.514379 9.180000 0.000000 0.191393
8.007114 3.969930 -1.189495 -0.502702 7.860000 0.000000 0.055985
8.765911 3.345187 -1.188012 -0.548343 8.850000 0.000000 0.355835
7.927032 3.826970 -1.185001 -0.507996 9.000000 0.000000 0.007628
7.806207 4.486389 -1.184320 -0.473726 7.750000 0.000000 0.280598
8.409600 3.140635 -1.182160 -0.488679 7.050000 0.000000 0.648896
8.828650 4.424263 -1.181926 -0.498461 7.740000 0.000000 0.121999
8.824604 0.439329 -1.181667 -0.543000 8.120000 0.000000 0.261178
8.218405 3.421610 -1.180875 -0.506680 8.580000 0.000000 0.230763
7.774521 3.921515 -1.180160 -0.514979 7.940000 0.000000 0.176979
9.728230 -0.569005 -1.177917 -0.522826 7.310000 0.000000 0.583322
7.931432 3.847798 -1.177212 -0.447850 7.250000 0.000000 0.997200
7.908420 3.929567 -1.176741 -0.502497 8.270000 0.000000 0.055802
9.255059 1.617206 -1.173568 -0.603377 6.940000 0.000000 0.831611
10.066443 0.265583 -1.172038 -0.523023 7.430000 0.000000 0.613661
8.759097 4.321996 -1.170132 -0.498991 7.690000 0.000000 0.137471
8.307981 3.108333 -1.169451 -0.488578 7.570000 0.000000 0.648594
7.792104 4.028017 -1.167187 -0.523720 7.860000 0.000000 0.359261
8.784305 1.116405 -1.165587 -0.603470 7.340000 0.000000 0.785061
7.775278 3.923974 -1.163745 -0.447413 7.630000 0.000000 0.942779
7.447338 5.502438 -1.161371 -0.507976 7.950000 0.000000 0.842214
8.799928 3.235826 -1.160957 -0.542306 8.230000 0.000000 0.215814
9.149882 1.599718 -1.160690 -0.603368 7.990000 0.000000 0.831643
7.857005 4.139710 -1.160081 -0.523743 7.460000 0.000000 0.389332
9.334891 1.800299 -1.158025 -0.543441 7.660000 0.000000 0.137949
8.922889 2.952941 -1.156900 -0.543565 7.440000 0.000000 0.142051
8.065925 3.648405 -1.145659 -0.535597 8.010000 0.000000 0.350783
8.931419 3.069246 -1.145100 -0.513063 8.750000 0.000000 0.333124
9.726418 0.761187 -1.142699 -0.573569 6.550000 0.000000 0.238819
9.617330 -0.065246 -1.137640 -0.542921 8.380000 0.000000 0.278871
8.150546 3.315732 -1.137567 -0.506872 8.500000 0.000000 0.258174
8.863881 3.082570 -1.130704 -0.542602 7.730000 0.000000 0.165673
8.169965 3.685827 -1.123071 -0.535821 8.430000 0.000000 0.346952
7.741171 4.546840 -1.122515 -0.525554 6.950000 0.000000 0.613790
8.280786 3.830532 -1.110116 -0.512833 7.010000 0.000000 0.002364
8.523796 -1.596551 -1.102750 -0.522488 7.810000 0.000000 0.415540
8.927379 3.578176 -1.095921 -0.502023 7.310000 0.000000 0.369809
8.616624 3.198406 -1.086723 -0.527802 7.690000 0.000000 0.020355
9.635898 3.234169 -1.067285 -0.528993 7.200000 0.000000 0.103870
8.622147 -3.602860 -1.066903 -0.512622 8.080000 0.000000 0.005662
8.307073 2.708832 -1.054798 -0.544019 6.700000 0.000000 0.135444
9.162298 2.584861 -1.022575 -0.529939 7.560000 0.000000 0.210581
8.258157 -4.311820 -0.930510 -0.539696 6.770000 0.000000 0.793869
7.651774 7.638293 -1.507776 -0.468783 9.090000 0.000000 1.075284
9.825973 4.004845 -1.500745 -0.528912 7.850000 0.000000 0.121676
10.122889 5.442490 -1.465596 -0.521902 7.530000 0.000000 0.390871
7.655050 7.802452 -1.452853 -0.466890 9.370000 0.000000 1.105667
11.078712 3.636269 -1.439594 -0.523875 7.550000 0.000000 0.190237
8.457822 6.491779 -1.398850 -0.484220 8.130000 0.000000 0.552798
10.448591 2.064586 -1.382766 -0.543000 8.850000 0.000000 0.129765
10.539559 2.167842 -1.372678 -0.543000 7.630000 0.000000 0.119431
9.058043 5.700270 -1.369029 -0.443678 7.900000 0.000000 0.597227
10.372580 3.249370 -1.363394 -0.543000 7.200000 0.000000 0.092579
10.819938 1.973776 -1.354935 -0.569903 7.770000 0.000000 0.286307
10.872930 1.936915 -1.354647 -0.539276 8.780000 0.000000 0.227326
10.574631 3.503948 -1.350453 -0.520412 9.400000 0.000000 0.242079
9.741733 3.975245 -1.349589 -0.528836 6.850000 0.000000 0.108025
11.440562 -0.575939 -1.348164 -0.522850 6.700000 0.000000 0.591748
7.894157 8.008103 -1.347905 -0.466149 7.430000 0.000000 1.068610
10.329759 4.358404 -1.344630 -0.501995 7.490000 0.000000 0.304553
10.956248 1.906480 -1.344491 -0.483353 7.770000 0.000000 1.160658
10.548961 3.377908 -1.339345 -0.545684 7.850000 0.000000 0.149053
9.737807 3.112337 -1.338969 -0.543000 8.500000 0.000000 0.113266
10.581482 1.889117 -1.328807 -0.550490 7.410000 0.000000 0.040139
8.309013 7.697284 -1.326128 -0.430478 8.430000 0.000000 0.190161
7.491169 7.471939 -1.315661 -0.423873 10.070000 0.000000 0.317515
8.530118 6.158429 -1.312769 -0.530776 8.220000 0.000000 1.160844
11.171765 2.998079 -1.312587 -0.523695 7.170000 0.000000 0.337637
10.462746 3.344994 -1.309302 -0.543000 9.510000 0.000000 0.101763
10.286904 3.272047 -1.305947 -0.564376 8.450000 0.000000 0.453509
10.564677 2.300879 -1.305812 -0.564124 7.960000 0.000000 0.243399
10.853297 1.961887 -1.304869 -0.492735 7.580000 0.000000 0.998535
10.705192 2.032195 -1.304117 -0.569645 8.520000 0.000000 0.289293
10.031420 4.395554 -1.299810 -0.522294 9.610000 0.000000 0.078079
9.677860 3.312297 -1.298862 -0.543453 7.980000 0.000000 0.172150
9.233981 4.442558 -1.297655 -0.543577 7.560000 0.000000 0.568448
10.796429 1.463628 -1.295783 -0.571305 9.220000 0.000000 0.247756
10.042624 5.404480 -1.295733 -0.521788 7.920000 0.000000 0.378393
10.805319 1.985027 -1.295006 -0.543000 8.190000 0.000000 0.162541
7.494584 7.594522 -1.290256 -0.427322 8.420000 0.000000 0.422986
10.568094 3.378932 -1.287707 -0.543000 9.410000 0.000000 0.098897
10.080525 4.984361 -1.286487 -0.524224 7.290000 0.000000 0.278839
7.780346 7.991377 -1.276618 -0.460165 8.860000 0.000000 1.006173
10.204940 2.385062 -1.276560 -0.483489 7.560000 0.000000 1.062657
11.355012 -0.056734 -1.276280 -0.522949 6.970000 0.000000 0.615628
10.838914 1.894300 -1.273288 -0.531818 9.040000 0.000000 0.362221
7.403403 8.310519 -1.272926 -0.429226 8.530000 0.000000 0.788055
9.995847 2.987741 -1.272905 -0.512891 7.670000 0.000000 0.442421
10.718420 1.944918 -1.270810 -0.568627 8.090000 0.000000 0.257389
5.821655 9.105126 -1.269586 -0.273319 13.000000 0.000000 0.638943
10.646612 3.495364 -1.266033 -0.543000 7.920000 0.000000 0.116824
5.524209 9.177302 -1.265078 -0.335446 14.230000 0.000000 0.599823
10.733597 1.876949 -1.261403 -0.531811 8.320000 0.000000 0.362163
9.868985 3.038419 -1.260871 -0.512848 9.230000 0.000000 0.422497
5.435885 9.149853 -1.260471 -0.337715 14.310000 0.000000 0.682893
10.447608 3.492808 -1.260033 -0.560978 9.330000 0.000000 0.430505
10.796151 3.588979 -1.259746 -0.509485 6.930000 0.000000 0.429954
10.477793 2.217085 -1.258131 -0.564084 9.150000 0.000000 0.229173
10.751595 1.977556 -1.257695 -0.573681 7.830000 0.000000 0.343066
10.843327 2.043924 -1.256579 -0.563989 7.770000 0.000000 0.188134
10.312850 2.409567 -1.254874 -0.483499 8.300000 0.000000 1.065856
10.400316 2.442653 -1.254508 -0.566236 8.230000 0.000000 0.305212
5.538198 9.201463 -1.250927 -0.346484 11.550000 0.000000 0.782155
9.182793 4.507546 -1.247194 -0.476251 8.060000 0.000000 0.520123
10.488701 2.606596 -1.246112 -0.483567 7.110000 0.000000 1.039936
7.770715 8.027780 -1.244200 -0.465954 8.440000 0.000000 1.118862
10.856870 1.972980 -1.242177 -0.523430 7.920000 0.000000 0.494382
5.593281 9.263988 -1.240672 -0.336100 11.510000 0.000000 0.598556
11.180504 3.322147 -1.239340 -0.565683 8.450000 0.000000 0.413365
10.737295 2.000709 -1.234376 -0.528033 8.660000 0.000000 0.411150
9.775274 3.185621 -1.233398 -0.492129 7.970000 0.000000 0.724903
10.405618 2.497493 -1.233222 -0.483529 7.510000 0.000000 1.056718
9.964002 3.532796 -1.233043 -0.504333 9.230000 0.000000 0.454110
10.389138 2.121886 -1.230837 -0.523481 8.250000 0.000000 0.456358
8.566047 6.560421 -1.223810 -0.484531 8.980000 0.000000 0.537889
10.631971 1.983053 -1.223147 -0.528018 9.050000 0.000000 0.411057
10.077774 4.067922 -1.222761 -0.510010 7.510000 0.000000 0.230804
10.632487 3.031623 -1.221902 -0.510209 7.920000 0.000000 0.528039
10.134061 5.478420 -1.221843 -0.512023 7.430000 0.000000 0.218681
10.965637 1.992946 -1.219088 -0.523432 7.380000 0.000000 0.497210
10.843599 2.454505 -1.218816 -0.531147 7.860000 0.000000 0.298192
10.435895 3.046229 -1.218172 -0.512970 8.600000 0.000000 0.466088
10.026944 2.535326 -1.216421 -0.474068 7.640000 0.000000 1.186623
9.770335 3.009614 -1.215190 -0.512830 8.700000 0.000000 0.425534
10.376957 2.196890 -1.211869 -0.564077 8.250000 0.000000 0.226200
10.798330 1.995454 -1.208008 -0.550383 8.250000 0.000000 0.046068
9.777575 4.694424 -1.207479 -0.506157 7.650000 0.000000 0.067832
5.508343 9.238995 -1.199432 -0.338448 13.490000 0.000000 0.679604
10.674101 2.077981 -1.198700 -0.550081 7.940000 0.000000 0.036231
11.194087 2.869197 -1.195472 -0.543574 9.100000 0.000000 0.041579
7.747146 7.466705 -1.194427 -0.394291 10.740000 0.000000 0.290151
10.511671 2.581595 -1.192222 -0.523600 7.500000 0.000000 0.387387
7.597083 7.609212 -1.190749 -0.376942 11.310000 0.000000 0.455395
7.467969 7.496384 -1.188488 -0.438483 10.540000 0.000000 0.571612
10.614693 1.619839 -1.175799 -0.513080 8.730000 0.000000 0.706319
5.647367 9.231321 -1.175118 -0.319658 12.270000 0.000000 0.277960
10.677583 3.486376 -1.174896 -0.529459 7.790000 0.000000 0.118916
10.318096 3.081309 -1.172341 -0.512940 8.560000 0.000000 0.454296
7.491045 7.528152 -1.169909 -0.422265 7.850000 0.000000 0.305394
10.569191 2.438747 -1.163565 -0.513154 7.380000 0.000000 0.590352
9.872337 3.318635 -1.160206 -0.513193 7.560000 0.000000 0.358761
10.887097 2.129385 -1.159594 -0.513116 8.910000 0.000000 0.651835
5.650806 9.166927 -1.148808 -0.316430 14.050000 0.000000 0.197232
9.770887 3.285403 -1.148480 -0.513181 8.000000 0.000000 0.358725
10.705685 2.108266 -1.145172 -0.603424 9.050000 0.000000 0.845804
10.218818 3.053164 -1.126620 -0.512925 9.100000 0.000000 0.456960
9.344445 4.263344 -1.107786 -0.526034 8.270000 0.000000 0.184956
9.675864 3.254739 -1.072019 -0.513168 8.650000 0.000000 0.364039
12.398239 -4.518414 -1.763305 -0.514933 10.910000 0.000000 0.102169
12.495751 -3.957170 -1.665552 -0.621158 11.910000 0.000000 1.514548
12.412300 -4.591111 -1.611351 -0.604206 10.950000 0.000000 1.380399
12.470649 -4.458271 -1.547307 -0.546904 11.340000 0.000000 0.390523
12.817764 -2.483548 -1.525780 -0.522617 10.560000 0.000000 0.411627
12.409219 -3.927143 -1.523941 -0.621127 13.420000 0.000000 1.503910
12.587280 -3.911133 -1.438724 -0.573138 9.240000 0.000000 0.686870
12.561312 -3.937612 -1.415347 -0.602650 11.550000 0.000000 1.181508
11.884706 3.910923 -1.404456 -0.564600 7.050000 0.000000 0.475673
12.070593 0.295870 -1.396658 -0.543028 7.620000 0.000000 0.283204
12.282190 3.672376 -1.388573 -0.506823 7.760000 0.000000 0.555216
11.122963 5.425267 -1.384679 -0.476803 8.580000 0.000000 0.529513
11.455567 3.169661 -1.376330 -0.492593 8.850000 0.000000 0.833044
12.653928 -2.710515 -1.375837 -0.542024 16.330000 0.000000 0.059669
11.076701 4.529007 -1.375506 -0.603352 8.030000 0.000000 1.331595
8.958135 8.440442 -1.371974 -0.452853 7.050000 0.000000 0.609040
12.293396 3.867334 -1.371696 -0.534265 8.290000 0.000000 0.066404
12.463342 -3.907750 -1.361020 -0.602615 13.400000 0.000000 1.178387
10.823761 5.609585 -1.359205 -0.469195 8.800000 0.000000 0.558712
11.233344 4.176051 -1.349488 -0.484199 10.140000 0.000000 0.745841
12.612321 -3.223222 -1.349136 -0.512287 10.200000 0.000000 0.463720
11.122030 4.652346 -1.348489 -0.475926 8.360000 0.000000 0.753844
12.762803 -2.732367 -1.346533 -0.542026 17.920000 0.000000 0.062507
12.517181 -3.804420 -1.345536 -0.573131 10.400000 0.000000 0.663509
11.599678 3.358052 -1.339268 -0.477508 9.650000 0.000000 1.059565
12.106119 4.722886 -1.327485 -0.468383 8.160000 0.000000 0.966383
12.553800 -2.687961 -1.324570 -0.542023 17.000000 0.000000 0.062497
11.176325 4.624067 -1.323949 -0.484387 8.920000 0.000000 0.628916
12.442368 3.743756 -1.321255 -0.469693 7.300000 0.000000 1.171191
11.267802 4.483422 -1.312879 -0.513450 8.110000 0.000000 0.193647
12.315919 3.792495 -1.311438 -0.469576 7.930000 0.000000 1.156857
12.838573 -2.823450 -1.307139 -0.543000 12.640000 0.000000 0.037367
12.432315 -2.659909 -1.306217 -1.086000 12.360000 1.000000 8.943396
12.701244 -2.636143 -1.305021 -0.522595 14.860000 0.000000 0.399487
11.172079 4.874149 -1.299059 -0.501894 9.550000 0.000000 0.275661
12.512906 -3.197396 -1.296970 -0.512277 13.190000 0.000000 0.466550
11.241179 4.756287 -1.296338 -0.484450 9.560000 0.000000 0.603449
11.275922 3.968738 -1.295892 -0.475167 7.440000 0.000000 0.950931
11.206445 4.186707 -1.293740 -0.549717 7.710000 0.000000 0.340056
10.882664 4.653692 -1.293086 -0.512741 7.910000 0.000000 0.119374
11.370580 3.008001 -1.291702 -0.543590 7.410000 0.000000 0.019339
11.530750 3.247992 -1.290625 -0.494776 8.930000 0.000000 0.793440
6.607452 9.708235 -1.289332 -0.452500 6.750000 1.000000 2.105063
11.334181 3.237887 -1.288571 -0.492556 8.390000 0.000000 0.820181
11.745462 3.303614 -1.285124 -0.540648 8.680000 0.000000 0.036874
12.540968 -2.681894 -1.277556 -1.086000 11.950000 1.000000 8.940673
9.001122 8.778855 -1.265364 -0.381631 8.410000 0.000000 0.468682
11.418499 2.825095 -1.250553 -0.530910 7.760000 0.000000 0.266208
8.361778 9.100618 -1.249607 -0.435167 8.070000 0.000000 0.775065
11.232846 3.983777 -1.249375 -0.509232 8.460000 0.000000 0.382953
11.095595 4.229115 -1.243048 -0.528512 9.560000 0.000000 0.006551
12.139865 -2.598788 -1.241999 -0.542016 7.790000 0.000000 0.065240
11.088599 5.367966 -1.238818 -0.484690 8.620000 0.000000 0.419305
11.228205 4.488804 -1.225866 -0.528176 7.790000 0.000000 0.049929
11.199835 4.266604 -1.214553 -0.528547 10.010000 0.000000 0.003935
12.558431 -2.688418 -1.209982 -0.612851 17.400000 0.000000 1.103081
11.210238 3.476632 -1.206372 -0.546365 7.920000 0.000000 0.120462
11.846090 3.184974 -1.199879 -0.451395 7.760000 0.000000 1.546865
12.064693 -2.933537 -1.159284 -0.612740 10.030000 0.000000 1.163057
12.682285 -3.007417 -1.147992 -0.702996 10.700000 1.000000 2.640246
12.369650 -2.934747 -1.119953 -0.702976 15.590000 1.000000 2.640189
12.569292 -2.678177 -0.969980 -0.633500 17.680000 0.000000 1.430501
12.677191 -2.699899 -0.938001 -0.633500 16.709999 0.000000 1.428536
12.387955 -3.903708 -0.919434 -0.441743 9.230000 0.000000 1.503111
12.226842 -2.712047 -0.867617 -0.722535 7.880000 1.000000 2.919309
12.293617 -3.871472 -0.797180 -0.441725 10.440000 0.000000 1.508279
18.401886 4.860410 -3.565054 -0.568378 18.250000 0.000000 0.483526
13.461746 8.049633 -2.281326 -0.514292 11.760000 0.000000 0.482806
13.449268 7.963196 -2.192356 -0.502977 10.190000 0.000000 0.270403
12.840755 -9.284002 -2.099822 -0.508372 9.510000 0.000000 1.029477
12.997036 -9.152871 -2.099158 -0.429507 10.110000 0.000000 0.345479
12.750719 -9.227041 -2.086364 -0.508214 11.370000 0.000000 1.029232
13.216210 -9.189997 -2.075578 -0.396936 10.320000 0.000000 0.919942
12.629948 -5.069127 -2.064164 -0.569597 8.970000 0.000000 0.934808
18.072302 3.485491 -2.041101 -0.583300 8.000000 0.000000 0.511632
18.496885 4.900231 -2.032135 -0.568382 18.980000 0.000000 0.388784
13.663316 -4.927825 -2.015801 -0.535875 10.760000 0.000000 0.238881
16.155060 6.828363 -2.008300 -0.470149 7.530000 0.000000 0.834519
13.270829 -9.194585 -2.004058 -0.384961 10.710000 0.000000 1.131455
12.536348 -5.034345 -2.002754 -0.569521 11.460000 0.000000 0.930310
12.924644 -9.329048 -1.997544 -0.509294 8.290000 0.000000 1.034282
13.508892 -2.464363 -1.993652 -1.174430 14.800000 1.000000 10.389831
12.903790 -9.146208 -1.978515 -0.471461 11.490000 0.000000 0.360039
18.267315 3.656919 -1.940562 -0.493030 8.350000 0.000000 0.977589
12.918303 -9.163806 -1.938935 -0.509445 11.750000 0.000000 0.988851
16.778355 4.674145 -1.936942 -0.565108 9.020000 0.000000 0.367432
13.175623 -9.216827 -1.936299 -0.424919 9.540000 0.000000 0.448291
13.682538 -3.369463 -1.931295 -0.583491 11.570000 0.000000 0.725956
12.829213 -9.105193 -1.926218 -0.509357 11.980000 0.000000 0.988721
12.972731 -9.098439 -1.920065 -0.448833 10.890000 0.000000 0.045092
13.105435 -9.272265 -1.916097 -0.426547 9.490000 0.000000 0.392901
13.501595 -4.552158 -1.908907 -0.566441 11.740000 0.000000 0.672234
18.562960 3.265350 -1.897433 -0.538782 8.350000 0.000000 0.258638
13.333614 -9.184078 -1.896671 -0.376936 8.830000 0.000000 1.284740
13.000594 -9.213714 -1.880273 -0.493409 11.810000 0.000000 0.717491
13.582725 -8.252036 -1.869965 -0.452500 11.550000 0.000000 0.330516
13.617788 -8.390437 -1.856360 -0.479258 10.170000 0.000000 0.142512
13.041299 -9.329648 -1.853069 -0.428881 10.690000 0.000000 0.328235
13.464798 -8.422288 -1.848725 -0.510741 10.780000 0.000000 0.698193
16.490971 6.030993 -1.843286 -0.565941 8.710000 0.000000 0.585045
12.885117 -9.236513 -1.841789 -0.462197 10.590000 0.000000 0.229128
13.679887 -8.308595 -1.833069 -0.452500 9.210000 0.000000 0.333669
13.096672 -9.161695 -1.832107 -0.424840 11.750000 0.000000 0.454026
13.455090 -8.378789 -1.830638 -0.513981 13.040000 0.000000 0.740970
18.832481 2.843464 -1.800413 -0.571258 19.280001 0.000000 0.242601
18.129461 4.689144 -1.795555 -0.568512 8.190000 0.000000 0.369964
13.544466 -8.397002 -1.787711 -0.449850 8.050000 0.000000 0.333491
13.067742 -9.115438 -1.786549 -0.485041 12.620000 0.000000 0.533555
16.897308 4.706493 -1.786536 -0.565127 8.980000 0.000000 0.359711
13.476588 -8.374360 -1.785131 -0.432747 10.750000 0.000000 0.611151
18.545776 4.237473 -1.782080 -0.560803 16.730000 0.000000 0.183585
13.566850 -8.562010 -1.774786 -0.439141 8.770000 0.000000 0.471298
13.603238 -3.920543 -1.774581 -0.566321 14.460000 0.000000 0.530181
15.148562 9.088118 -1.773141 -0.554613 9.770000 0.000000 1.117592
18.771507 4.169448 -1.769578 -0.550298 20.469999 0.000000 0.002774
18.321115 3.406081 -1.768251 -0.483640 8.890000 0.000000 1.162058
18.600641 4.109781 -1.763813 -0.531720 13.260000 0.000000 0.311974
13.192021 -9.302609 -1.761484 -0.412848 10.000000 0.000000 0.635917
13.001346 -9.101674 -1.747633 -0.432768 11.610000 0.000000 0.324182
13.538032 -8.337732 -1.743848 -0.479234 12.930000 0.000000 0.136245
15.654918 8.862722 -1.743483 -0.556524 8.540000 0.000000 1.033253
13.558016 -8.436390 -1.742590 -0.514005 10.820000 0.000000 0.734763
18.755724 3.662269 -1.741114 -0.519717 17.930000 0.000000 0.553612
18.705187 4.082908 -1.741032 -0.543000 24.760000 0.000000 0.131007
13.574798 -8.431482 -1.734821 -0.432758 10.560000 0.000000 0.614981
14.297794 5.795532 -1.733815 -0.516873 8.050000 0.000000 0.112500
12.505280 -4.551871 -1.732001 -0.514985 12.410000 0.000000 0.106167
13.140854 -5.004383 -1.729847 -0.445327 10.410000 0.000000 1.216016
11.794868 -10.769546 -1.728771 -0.461912 12.360000 0.000000 0.925062
18.452114 3.651221 -1.727107 -0.609350 17.930000 0.000000 0.934973
18.635843 3.562015 -1.721011 -0.538217 13.400000 0.000000 0.253836
18.283640 5.827586 -1.717327 -0.565510 18.629999 0.000000 0.447789
17.020088 4.199454 -1.708839 -0.543000 8.980000 0.000000 0.074535
12.912822 -9.162948 -1.706041 -0.484977 12.390000 0.000000 0.573634
13.389431 -8.370116 -1.698605 -0.510706 9.160000 0.000000 0.689534
18.380190 3.595362 -1.697683 -0.568545 8.140000 0.000000 0.255026
18.577427 4.250903 -1.696066 -0.603828 19.530001 0.000000 0.893147
18.707045 3.989558 -1.692748 -0.550470 19.430000 0.000000 0.017525
18.773539 3.995514 -1.680598 -0.537357 20.420000 0.000000 0.236021
18.139050 5.108850 -1.680074 -0.567862 11.890000 0.000000 0.402120
17.053587 5.597985 -1.677305 -0.547643 6.710000 0.000000 0.177798
18.634104 3.453239 -1.676985 -0.603777 17.799999 0.000000 0.821479
13.485390 -3.979012 -1.676342 -0.566308 13.850000 0.000000 0.541601
18.567472 3.791477 -1.674428 -0.569993 18.250000 0.000000 0.290808
12.920001 -5.853416 -1.673796 -0.442130 8.820000 0.000000 1.043504
16.033333 8.342237 -1.668430 -0.543000 8.490000 0.000000 0.655645
13.570819 -2.592288 -1.665768 -0.513133 15.750000 0.000000 0.570217
12.901634 -9.111956 -1.660220 -0.509932 10.880000 0.000000 0.972739
18.820164 4.158087 -1.659511 -0.531729 23.870001 0.000000 0.316445
13.042501 -9.177623 -1.655049 -0.470159 11.470000 0.000000 0.303791
18.715504 4.135775 -1.650452 -0.531725 21.450001 0.000000 0.316431
16.898985 6.002513 -1.645918 -0.533549 9.090000 0.000000 0.011166
12.952973 -9.119306 -1.644212 -0.470077 12.150000 0.000000 0.303773
13.113251 -9.247774 -1.643273 -0.412749 11.570000 0.000000 0.641940
16.609840 5.906185 -1.641139 -0.513649 7.990000 0.000000 0.316387
18.802557 4.267334 -1.638165 -0.543602 22.320000 0.000000 0.110101
10.916149 10.830375 -1.621255 -0.436371 10.630000 0.000000 0.494915
15.848463 9.245635 -1.621069 -0.462576 8.820000 0.000000 0.470046
16.908619 5.051204 -1.617979 -0.543000 8.060000 0.000000 0.030070
13.412493 7.943011 -1.617080 -0.502909 10.300000 0.000000 0.237849
13.189171 -3.757468 -1.614521 -0.513273 15.750000 0.000000 0.363849
18.529099 3.605409 -1.607426 -0.564278 12.220000 0.000000 0.178961
18.567804 3.674003 -1.606719 -0.609360 19.740000 0.000000 0.930253
18.697821 3.859021 -1.606197 -0.537619 17.770000 0.000000 0.244578
11.883345 -10.871710 -1.597571 -0.442687 10.310000 0.000000 0.607684
18.523994 3.661284 -1.597471 -0.588448 17.850000 0.000000 0.583484
16.715597 5.943160 -1.594740 -0.513658 8.860000 0.000000 0.318583
13.489834 8.045932 -1.594378 -0.452500 9.060000 0.000000 0.584083
12.902075 3.622991 -1.593190 -0.535758 9.750000 0.000000 0.106685
18.636440 3.528315 -1.592670 -0.518661 10.110000 0.000000 0.585011
17.185093 5.329137 -1.591946 -0.563747 9.350000 0.000000 0.397501
18.630686 3.611545 -1.590743 -0.528130 11.290000 0.000000 0.421543
16.815952 6.032622 -1.588784 -0.543000 8.280000 0.000000 0.174907
18.907642 2.571764 -1.583986 -0.530125 15.510000 0.000000 0.463146
18.490561 4.068389 -1.583935 -0.560919 12.150000 0.000000 0.163644
13.398067 7.991197 -1.583532 -0.452500 7.360000 0.000000 0.584083
17.082258 5.299598 -1.582812 -0.563727 7.770000 0.000000 0.397504
18.282347 3.778903 -1.582112 -0.588080 8.400000 0.000000 0.591810
16.788128 5.155054 -1.573954 -0.566854 7.400000 0.000000 0.442663
12.610567 -5.156393 -1.571152 -0.520067 9.030000 0.000000 0.101438
13.418725 -5.130866 -1.569293 -0.585799 16.410000 0.000000 1.102242
15.364339 9.521014 -1.565281 -0.537186 7.750000 0.000000 0.887313
12.605742 -5.218886 -1.564407 -0.511614 11.410000 0.000000 0.022882
13.521770 7.927591 -1.563056 -0.495802 10.290000 0.000000 0.097332
18.296579 3.569560 -1.560709 -0.599795 8.100000 0.000000 0.766838
16.267681 6.488092 -1.552828 -0.531685 8.010000 0.000000 0.096212
18.637342 3.852766 -1.551797 -0.550595 18.490000 0.000000 0.030887
13.530617 7.884015 -1.548039 -0.461556 8.610000 0.000000 0.482402
12.796180 -4.790905 -1.547204 -0.463416 7.790000 0.000000 0.944779
13.449977 7.955771 -1.541136 -0.497620 9.100000 0.000000 0.144272
18.724331 3.666529 -1.539020 -0.518440 16.600000 0.000000 0.581031
18.303177 3.512155 -1.538800 -0.531969 8.650000 0.000000 0.361769
11.114936 10.827639 -1.534958 -0.399334 8.260000 0.000000 0.180307
18.234009 4.998917 -1.533376 -0.536648 9.900000 0.000000 0.136007
18.607552 5.366246 -1.532281 -0.548373 17.620001 0.000000 0.087596
15.926888 7.896312 -1.530712 -0.473225 6.850000 0.000000 0.582144
16.583965 6.395587 -1.527588 -0.476265 7.410000 0.000000 0.859815
18.392323 3.800704 -1.526911 -0.588090 9.640000 0.000000 0.589638
18.573412 3.162388 -1.525923 -0.543000 8.450000 0.000000 0.210753
13.509232 7.919704 -1.508819 -0.478341 10.030000 0.000000 0.194222
18.832981 4.002188 -1.506931 -0.550559 20.139999 0.000000 0.024033
13.629425 7.936409 -1.505658 -0.461625 9.820000 0.000000 0.484850
13.258445 -9.191860 -1.503276 -0.394350 9.250000 0.000000 0.996288
15.759750 8.847862 -1.502458 -0.539931 10.130000 0.000000 0.734125
17.023844 5.092298 -1.501489 -0.507522 8.710000 0.000000 0.561364
16.850758 6.522719 -1.500925 -0.545995 8.330000 0.000000 0.296835
18.727869 3.981771 -1.498891 -0.550549 20.790001 0.000000 0.024017
13.697812 -2.272556 -1.496329 -0.632627 13.180000 0.000000 1.352092
18.821815 3.535058 -1.496180 -0.550738 18.320000 0.000000 0.059874
16.333103 7.967511 -1.490190 -0.527925 8.170000 0.000000 0.295856
15.526547 4.687567 -1.488357 -0.535359 7.480000 0.000000 0.089164
17.187984 5.816498 -1.488089 -0.531049 8.720000 0.000000 0.079544
16.444342 6.958027 -1.485729 -0.544803 9.990000 0.000000 0.379496
18.803232 3.845244 -1.485181 -0.518134 21.260000 0.000000 0.574513
18.491627 3.709221 -1.485180 -0.603720 11.430000 0.000000 0.837156
16.359457 6.910410 -1.483995 -0.543777 9.000000 0.000000 0.360643
13.915154 -2.945095 -1.481606 -0.603480 10.430000 0.000000 0.950851
18.364473 4.160908 -1.480692 -0.549843 7.770000 0.000000 0.011503
17.048485 5.313752 -1.480215 -0.548070 7.930000 0.000000 0.137953
18.536886 3.834582 -1.478525 -0.550586 13.120000 0.000000 0.032960
17.552568 6.707224 -1.477116 -0.518952 7.980000 0.000000 0.167237
18.638885 3.684019 -1.477020 -0.588457 21.690001 0.000000 0.579248
15.489442 4.431264 -1.476897 -0.535940 7.950000 0.000000 0.115002
13.827370 -2.841490 -1.473168 -0.603476 13.180000 0.000000 0.938658
18.739058 4.694419 -1.472630 -0.564784 17.070000 0.000000 0.278939
17.523426 6.497725 -1.471200 -0.529229 7.590000 0.000000 0.027656
18.202442 3.494318 -1.470515 -0.531965 7.680000 0.000000 0.363773
16.710957 6.818553 -1.469485 -0.469356 8.910000 0.000000 0.914323
18.152456 4.270278 -1.469472 -0.543617 8.500000 0.000000 0.098849
17.474405 3.698414 -1.467256 -0.550108 8.580000 0.000000 0.030492
12.520276 -5.121124 -1.465214 -0.519983 8.490000 0.000000 0.094572
10.958333 10.689233 -1.464019 -0.399069 12.600000 0.000000 0.182324
13.472246 8.086576 -1.461429 -0.479007 8.880000 0.000000 0.138132
13.502903 -6.263603 -1.460157 -0.493885 9.460000 0.000000 0.166263
16.934393 5.077176 -1.458696 -0.543741 7.560000 0.000000 0.038590
13.327717 -5.097319 -1.458599 -0.585720 14.490000 0.000000 1.095608
10.968666 10.794150 -1.457147 -0.411574 11.950000 0.000000 0.052241
16.096590 8.493696 -1.453099 -0.452500 8.000000 0.000000 0.826489
16.831823 5.046583 -1.449883 -0.543739 9.020000 0.000000 0.038579
16.726542 5.740036 -1.449696 -0.562111 7.760000 0.000000 0.446726
16.609411 6.319796 -1.444465 -0.551213 8.450000 0.000000 0.364057
13.434258 7.911452 -1.443425 -0.503980 10.110000 0.000000 0.236745
17.043068 4.009159 -1.440199 -0.513375 7.840000 0.000000 0.597405
18.651464 3.842077 -1.440164 -0.550674 18.959999 0.000000 0.034396
16.643835 9.211311 -1.438554 -0.468079 7.610000 0.000000 0.486161
12.884657 -4.701753 -1.436740 -0.526848 8.710000 0.000000 0.070044
13.562629 8.040296 -1.435446 -0.461299 10.700000 0.000000 0.457654
15.343020 4.880485 -1.433586 -0.531919 7.420000 0.000000 0.110217
13.803714 8.749734 -1.433364 -0.451171 8.780000 0.000000 0.487643
13.579806 -5.043145 -1.433214 -0.586371 13.830000 0.000000 1.070347
18.317528 4.358311 -1.431192 -0.549992 7.810000 0.000000 0.009981
18.519323 3.588097 -1.429923 -0.603784 12.160000 0.000000 0.825867
13.859651 -2.681996 -1.426917 -0.612950 14.000000 0.000000 1.069687
18.389360 3.347279 -1.421576 -0.511970 7.820000 0.000000 0.711390
12.662500 -5.028442 -1.419503 -0.533588 10.490000 0.000000 0.279155
17.090170 5.786431 -1.418997 -0.531026 8.290000 0.000000 0.081529
16.698343 8.179106 -1.418387 -0.512180 7.540000 0.000000 0.038246
16.308830 6.893147 -1.418140 -0.524556 9.020000 0.000000 0.041047
16.019648 8.585872 -1.417728 -0.452102 6.890000 0.000000 0.807022
16.726412 7.111900 -1.417443 -0.452044 7.520000 0.000000 1.153370
13.517544 8.002777 -1.415954 -0.513193 10.340000 0.000000 0.398286
12.521090 -5.480475 -1.414996 -0.556239 9.140000 0.000000 0.783341
17.339554 4.436893 -1.414158 -0.543656 8.110000 0.000000 0.058662
12.728946 -5.154606 -1.413018 -0.542571 7.860000 0.000000 0.451416
17.041117 5.109476 -1.412220 -0.543742 7.310000 0.000000 0.036702
13.612530 7.973554 -1.411497 -0.478431 10.390000 0.000000 0.198853
15.101308 4.845812 -1.406571 -0.595489 7.460000 0.000000 0.948758
13.500840 8.127572 -1.405465 -0.453432 8.810000 0.000000 0.557997
18.308725 4.485694 -1.405237 -0.552089 9.400000 0.000000 0.057153
16.780319 6.600389 -1.403015 -0.462214 8.420000 0.000000 1.076131
12.628410 -5.118343 -1.402525 -0.542502 9.830000 0.000000 0.451410
16.033127 8.817570 -1.402231 -0.454805 9.570000 0.000000 0.716919
16.796879 8.408555 -1.402114 -0.524970 7.910000 0.000000 0.283342
15.866034 8.830143 -1.399162 -0.514535 8.370000 0.000000 0.294066
13.667049 -3.843262 -1.399114 -0.702858 12.440000 1.000000 2.749548
16.349499 6.349010 -1.397756 -0.545783 8.370000 0.000000 0.294708
17.954308 5.803206 -1.397447 -0.543798 9.140000 0.000000 0.089456
13.409040 8.072647 -1.395942 -0.453427 10.580000 0.000000 0.557993
10.973343 10.879107 -1.395917 -0.395343 10.510000 0.000000 0.195096
12.747667 -4.027144 -1.393583 -0.603363 9.410000 0.000000 1.197219
13.565055 -8.325591 -1.390885 -0.425559 9.670000 0.000000 0.774964
15.392501 8.610617 -1.389838 -0.507060 8.790000 0.000000 0.180741
13.955117 -3.323536 -1.384816 -1.173633 10.740000 1.000000 10.440932
18.469000 3.982446 -1.383426 -0.523657 9.500000 0.000000 0.467189
13.128438 3.394605 -1.383134 -0.548179 7.730000 0.000000 0.037964
13.840225 -2.684641 -1.375421 -0.722785 9.180000 1.000000 2.886295
18.700974 3.641523 -1.374421 -0.550584 18.870001 0.000000 0.055585
18.588049 4.711767 -1.368082 -0.552069 22.950001 0.000000 0.071459
13.628475 7.994905 -1.362978 -0.434904 9.080000 0.000000 0.918511
15.558573 4.585396 -1.361094 -0.510785 7.950000 0.000000 0.517671
14.548750 9.416191 -1.360773 -0.500416 8.190000 0.000000 0.368458
18.796034 3.800049 -1.357515 -0.552328 22.750000 0.000000 0.015866
14.640273 9.212755 -1.354807 -0.459730 7.920000 0.000000 0.366907
12.587320 -5.188519 -1.352011 -0.493477 9.230000 0.000000 0.341207
13.229509 -2.360836 -1.342702 -1.695843 16.370001 1.000000 18.970624
13.452935 7.915241 -1.342153 -0.512809 9.950000 0.000000 0.377035
13.443961 7.886448 -1.341115 -0.495719 9.050000 0.000000 0.088215
12.883923 -4.425395 -1.338045 -0.573167 14.380000 0.000000 0.769417
18.950378 4.027399 -1.331845 -0.550569 17.900000 0.000000 0.029263
16.607121 7.326600 -1.326643 -0.506407 6.260000 0.000000 0.208679
14.343832 7.596968 -1.325535 -0.467416 7.950000 0.000000 0.572096
14.879585 6.340630 -1.325429 -0.503649 7.820000 0.000000 0.293875
18.744600 4.658974 -1.324894 -0.516435 20.150000 0.000000 0.529616
16.507809 7.286474 -1.319016 -0.506368 8.620000 0.000000 0.208650
18.546127 4.660278 -1.317837 -0.586220 22.100000 0.000000 0.631279
11.058925 10.873597 -1.317266 -0.411679 10.520000 0.000000 0.046323
13.725713 -3.836593 -1.317035 -0.603277 11.480000 0.000000 1.092023
18.920322 3.869982 -1.315557 -0.518141 21.950001 0.000000 0.579547
13.936789 10.454994 -1.309597 -0.453003 8.690000 0.000000 0.061514
14.722010 6.121640 -1.307164 -0.557038 8.070000 0.000000 0.560110
14.301396 8.370429 -1.306836 -0.504720 8.610000 0.000000 0.228701
18.756205 3.707879 -1.306473 -0.588466 20.540001 0.000000 0.574122
14.584712 4.981985 -1.304691 -0.551039 7.940000 0.000000 0.261112
17.735786 3.759098 -1.299570 -0.517816 7.780000 0.000000 0.570921
13.490522 8.055053 -1.293736 -0.503409 10.960000 0.000000 0.248781
13.074073 3.683467 -1.292944 -0.507462 9.560000 0.000000 0.593362
13.128425 -2.342332 -1.289288 -1.695823 12.410000 1.000000 18.967682
18.465572 3.939033 -1.279244 -0.541998 8.780000 0.000000 0.170365
14.768129 6.434610 -1.277060 -0.506205 7.670000 0.000000 0.224884
13.001616 3.492455 -1.277017 -0.547820 8.250000 0.000000 0.046873
12.455237 -5.100650 -1.272817 -0.602428 12.360000 0.000000 1.450767
14.668550 6.395273 -1.268856 -0.506157 7.980000 0.000000 0.224849
13.755705 -8.353425 -1.268696 -0.449916 11.310000 0.000000 0.400025
10.979851 10.624017 -1.268491 -0.399543 7.820000 0.000000 0.206393
12.354236 -5.065453 -1.263276 -0.602318 8.400000 0.000000 1.450557
13.494825 -8.288477 -1.258293 -0.479215 11.440000 0.000000 0.110681
12.541690 -5.081758 -1.254214 -0.542437 9.220000 0.000000 0.442519
18.700031 4.740219 -1.250333 -0.552077 22.420000 0.000000 0.068233
12.559632 -5.135669 -1.246647 -0.602539 11.940000 0.000000 1.448800
12.537335 -5.451075 -1.245916 -0.565837 8.900000 0.000000 0.923888
12.971137 -4.165059 -1.223299 -0.528531 9.110000 0.000000 0.038394
18.367113 6.095904 -1.213345 -0.582255 16.350000 0.000000 0.741633
13.227067 -4.901102 -1.210482 -0.605051 9.130000 0.000000 1.368036
13.705889 -3.083588 -1.209383 -0.483297 17.340000 0.000000 1.024975
13.222799 8.058170 -1.205862 -0.505574 8.150000 0.000000 0.324056
12.440938 -5.411989 -1.202294 -0.565763 9.310000 0.000000 0.921759
18.658321 4.687696 -1.194415 -0.586235 19.049999 0.000000 0.628083
13.366943 9.662407 -1.192811 -0.493990 8.870000 0.000000 0.520978
18.569317 4.920861 -1.185516 -0.541712 17.629999 0.000000 0.081714
15.275758 9.089016 -1.184147 -0.538311 10.360000 0.000000 0.811696
18.562632 3.828856 -1.171240 -0.550664 13.010000 0.000000 0.041405
12.129252 -6.112787 -1.161823 -0.556018 8.320000 0.000000 0.991335
13.537148 -4.786991 -1.155092 -0.547344 14.200000 0.000000 0.359208
18.798965 4.674653 -1.134991 -0.518296 20.500000 0.000000 0.503341
13.758233 -3.719381 -1.124053 -0.532217 15.520000 0.000000 0.116061
12.753179 -4.767124 -1.097543 -0.480955 12.210000 0.000000 0.679996
11.719287 -10.857759 -1.093433 -0.450671 10.390000 0.000000 0.766227
12.651658 -4.733129 -1.089197 -0.480903 15.660000 0.000000 0.679902
12.870253 -9.187750 -1.082201 -0.462146 9.410000 0.000000 0.189628
10.874918 10.785011 -1.075270 -0.436220 10.970000 0.000000 0.473905
12.448619 -4.665133 -1.072506 -0.480797 10.500000 0.000000 0.679700
13.630721 -2.746618 -1.070135 -0.512527 17.830000 0.000000 0.594634
14.184380 -4.261352 -1.062864 -0.603217 12.640000 0.000000 1.131673
12.701530 -5.210331 -1.055914 -0.495523 8.280000 0.000000 0.328110
14.081207 -4.232498 -1.055328 -0.603190 15.610000 0.000000 1.131631
13.978039 -4.203645 -1.047792 -0.603162 14.330000 0.000000 1.131579
13.698977 9.513604 -1.041743 -0.471595 7.790000 0.000000 0.047501
12.553929 -4.698712 -1.035506 -0.480851 14.820000 0.000000 0.682204
12.824520 -4.893029 -1.032395 -0.463544 7.960000 0.000000 0.947858
12.873572 -3.668222 -1.022724 -0.362000 12.110000 1.000000 2.899500
13.507150 -2.833442 -1.014597 -0.512497 16.129999 0.000000 0.580739
18.683117 4.951499 -1.003030 -0.541721 19.750000 0.000000 0.085568
13.082962 -3.726417 -0.997045 -0.362000 14.930000 1.000000 2.901533
12.979947 -3.697075 -0.989194 -0.362000 15.840000 1.000000 2.901533
12.832330 -3.964964 -0.980450 -0.522481 9.600000 0.000000 0.181709
13.665308 -3.691044 -0.977701 -0.532201 16.750000 0.000000 0.122363
13.532305 -8.348108 -0.950652 -0.449847 7.960000 0.000000 0.374373
13.744853 -2.265206 -0.940929 -1.538500 10.190000 1.000000 16.320758
11.308946 -10.453725 -0.934276 -0.432399 8.430000 0.000000 0.453778
18.816357 4.068834 -0.896174 -0.574199 16.059999 0.000000 0.358767
13.008575 -9.125319 -0.858848 -0.458910 11.670000 0.000000 0.085209
13.646507 -2.799219 -0.855852 -0.473957 12.860000 0.000000 1.234286
10.669346 -11.005090 -0.840844 -0.343644 9.570000 0.000000 0.653560
18.560635 4.108515 -0.827998 -0.543586 9.550000 0.000000 0.140243
12.877904 -9.179545 -0.826295 -0.478201 9.760000 0.000000 0.445879
11.960790 -10.850750 -0.806575 -0.462127 11.070000 0.000000 0.882960
13.691688 -4.039820 -0.805589 -0.546865 15.030000 0.000000 0.177481
12.856500 -3.893167 -0.742256 -0.882714 13.290000 1.000000 5.757978
12.816176 -3.817872 -0.742080 -1.062675 11.610000 1.000000 8.724728
13.176296 -3.866087 -0.716364 -0.631809 14.970000 0.000000 1.578004
12.961947 -3.922802 -0.705402 -0.882730 14.280000 1.000000 5.756587
12.921800 -3.846909 -0.705247 -1.062697 11.810000 1.000000 8.723400
18.559288 4.113893 -0.702178 -0.531716 9.460000 0.000000 0.338015
10.956237 10.909818 -0.697590 -0.416619 12.210000 0.000000 0.155163
14.175714 -3.528952 -0.690586 -0.541861 8.550000 0.000000 0.021700
18.770542 4.749402 -0.667664 -0.523821 19.469999 0.000000 0.411127
18.702696 4.577868 -0.662406 -0.523783 22.670000 0.000000 0.427776
13.737288 -4.557870 -0.656374 -0.515581 12.180000 0.000000 0.244967
10.878063 10.839691 -0.641873 -0.416456 11.830000 0.000000 0.154114
18.653400 4.420725 -0.640927 -0.537905 19.639999 0.000000 0.208790
18.552015 4.189744 -0.632844 -0.598971 18.650000 0.000000 0.782035
18.850615 2.877889 -0.611291 -0.520765 9.420000 0.000000 0.621542
18.565496 5.185452 -0.607410 -0.513556 19.030001 0.000000 0.527549
18.763517 3.826694 -0.590411 -0.523609 22.200001 0.000000 0.503125
18.675066 4.137277 -0.535605 -0.543586 8.850000 0.000000 0.143457
18.747721 3.942139 -0.523395 -0.574163 18.040001 0.000000 0.343605
13.766610 -3.422687 -0.515897 -0.541854 9.940000 0.000000 0.025564
18.661253 3.807533 -0.468230 -0.523608 18.129999 0.000000 0.503961
24.194887 4.228817 -3.943672 -0.539841 8.020000 0.000000 0.178248
18.352571 7.309372 -2.968648 -0.543000 13.380000 0.000000 0.338830
24.681667 -6.066294 -2.695453 -0.486545 8.220000 0.000000 0.910421
23.026953 3.630457 -2.633617 -0.589983 11.650000 0.000000 0.576181
24.619190 -4.672486 -2.619677 -0.525251 7.910000 0.000000 0.386439
18.457310 8.917925 -2.595546 -0.524978 8.020000 0.000000 0.266893
17.538132 10.573405 -2.564992 -0.471208 11.100000 0.000000 0.233522
22.768866 3.935716 -2.538122 -0.589482 9.190000 0.000000 0.584510
24.521927 -4.419260 -2.519285 -0.522932 9.500000 0.000000 0.445074
22.994303 4.080584 -2.479548 -0.520280 9.480000 0.000000 0.558211
24.594091 -3.616191 -2.463549 -0.525010 9.390000 0.000000 0.466934
24.488150 -3.601924 -2.453325 -0.525006 8.950000 0.000000 0.466907
23.130466 3.955713 -2.429930 -0.520428 8.420000 0.000000 0.566742
24.667536 -5.918198 -2.427859 -0.532567 8.140000 0.000000 0.169862
22.919487 3.921658 -2.408648 -0.520421 9.420000 0.000000 0.566710
21.720993 3.602438 -2.404442 -0.519491 11.240000 0.000000 0.584117
24.072475 3.710005 -2.404315 -0.561942 8.620000 0.000000 0.095318
24.686964 -5.274534 -2.396982 -0.533267 9.450000 0.000000 0.214880
24.641544 -4.434959 -2.385718 -0.522938 11.020000 0.000000 0.449976
24.649155 -4.438491 -2.380501 -0.533319 9.520000 0.000000 0.278125
24.602209 -4.742190 -2.377197 -0.542563 9.760000 0.000000 0.101979
24.534025 -4.521319 -2.373464 -0.542680 10.780000 0.000000 0.115480
22.489595 3.747150 -2.368875 -0.589685 8.770000 0.000000 0.574460
22.187025 3.840355 -2.351716 -0.551375 14.320000 0.000000 0.050825
16.968336 11.273991 -2.341024 -0.502264 11.510000 0.000000 0.482105
24.443995 -4.963338 -2.326777 -0.604560 9.950000 0.000000 0.943068
22.821276 3.906936 -2.320991 -0.520418 10.560000 0.000000 0.569403
17.226316 11.500534 -2.313226 -0.453085 10.260000 0.000000 0.323634
24.831682 3.879498 -2.306083 -0.552690 7.960000 0.000000 0.060688
24.700945 -5.870725 -2.289670 -0.541783 8.660000 0.000000 0.026290
24.551413 -4.419660 -2.288950 -0.533314 10.220000 0.000000 0.280746
22.299730 3.859670 -2.286003 -0.551379 13.770000 0.000000 0.053633
24.679716 -3.993875 -2.250972 -0.555886 9.700000 0.000000 0.060670
22.172085 3.718260 -2.246196 -0.539151 10.090000 0.000000 0.264121
22.668198 3.867347 -2.240595 -0.570949 11.530000 0.000000 0.264202
17.066553 11.560391 -2.231493 -0.452769 11.620000 0.000000 0.297787
22.585516 3.910184 -2.228145 -0.589474 8.550000 0.000000 0.574114
24.735071 -4.603141 -2.225657 -0.522875 7.850000 0.000000 0.444964
22.683104 3.945024 -2.223692 -0.538946 7.650000 0.000000 0.261893
22.412256 3.878967 -2.219605 -0.551384 15.660000 0.000000 0.056316
21.353945 3.799544 -2.215518 -0.543000 9.730000 0.000000 0.184793
22.886255 3.903286 -2.182496 -0.570958 11.430000 0.000000 0.261628
23.940603 4.106446 -2.177109 -0.569510 14.390000 0.000000 0.235723
24.000046 4.069910 -2.174846 -0.539999 16.219999 0.000000 0.255680
17.345217 10.526289 -2.174622 -0.537890 11.390000 0.000000 0.869170
22.780636 3.886433 -2.172849 -0.570954 10.710000 0.000000 0.261642
24.353683 3.814408 -2.172807 -0.583441 10.250000 0.000000 0.446320
24.348759 3.871198 -2.169673 -0.574004 10.620000 0.000000 0.292864
24.512915 -3.467239 -2.168186 -0.564023 10.010000 0.000000 0.162048
23.894453 4.052789 -2.165527 -0.539996 22.240000 0.000000 0.255679
23.867533 3.893260 -2.164964 -0.569773 21.620001 0.000000 0.229057
22.192652 3.596104 -2.164879 -0.529332 8.050000 0.000000 0.436817
22.064062 3.660376 -2.160458 -0.519501 9.130000 0.000000 0.594439
23.759495 4.039750 -2.159123 -0.529092 18.969999 0.000000 0.435499
23.788847 4.035671 -2.156208 -0.539994 22.690001 0.000000 0.255661
23.761814 3.876847 -2.155655 -0.569770 22.780001 0.000000 0.229060
23.662167 3.913620 -2.151944 -0.519545 17.480000 0.000000 0.599513
22.425735 3.859236 -2.147186 -0.551468 16.240000 0.000000 0.058746
22.463797 3.835872 -2.143910 -0.570941 14.070000 0.000000 0.261675
24.626795 -3.879349 -2.140090 -0.575336 9.160000 0.000000 0.372812
24.545166 -4.971857 -2.139359 -0.576429 8.070000 0.000000 0.470808
21.107706 3.731827 -2.136402 -0.539747 16.030001 0.000000 0.242246
24.541967 4.395180 -2.134433 -0.552597 9.590000 0.000000 0.036774
22.321033 3.866295 -2.133617 -0.610278 13.200000 0.000000 0.916346
23.770142 4.065162 -2.131069 -0.583440 23.809999 0.000000 0.464788
24.660727 -5.113492 -2.128026 -0.542331 7.600000 0.000000 0.084902
21.002293 3.714125 -2.126081 -0.539743 15.530000 0.000000 0.242238
22.146957 3.785314 -2.114972 -0.570928 13.830000 0.000000 0.261714
22.998545 3.922363 -2.113736 -0.570962 12.610000 0.000000 0.259162
24.082886 4.093289 -2.106998 -0.529100 11.060000 0.000000 0.437791
23.977255 4.076180 -2.098010 -0.529098 20.280001 0.000000 0.437771
23.871628 4.059070 -2.089022 -0.529095 22.320000 0.000000 0.437767
23.877565 3.937179 -2.082794 -0.600730 17.209999 0.000000 0.741436
24.413784 -3.451272 -2.081470 -0.564022 11.010000 0.000000 0.159752
22.793043 3.922240 -2.079480 -0.519325 8.030000 0.000000 0.594240
24.578148 -3.527388 -2.078276 -0.543000 9.680000 0.000000 0.185614
23.841452 3.978058 -2.074406 -0.561789 22.500000 0.000000 0.099061
23.771854 3.920549 -2.073813 -0.600727 22.299999 0.000000 0.741436
24.684845 -3.565712 -2.071676 -0.503444 7.130000 0.000000 0.839573
21.084629 3.739058 -2.069571 -0.528791 14.290000 0.000000 0.425299
24.385212 4.146144 -2.069358 -0.571014 9.010000 0.000000 0.254501
24.472208 -3.512183 -2.069318 -0.543000 11.320000 0.000000 0.185614
23.641855 4.049044 -2.066914 -0.600574 22.250000 0.000000 0.747269
23.735786 3.961146 -2.065421 -0.561786 22.139999 0.000000 0.099056
23.761391 4.015366 -2.063947 -0.542418 15.830000 0.000000 0.218995
23.882011 4.084906 -2.063293 -0.583442 20.690001 0.000000 0.462630
24.578745 -3.551562 -2.063020 -0.503440 8.360000 0.000000 0.839562
21.017321 3.535997 -2.062066 -0.539113 13.010000 0.000000 0.266558
23.731989 4.058396 -2.059734 -0.552612 21.650000 0.000000 0.047601
23.908947 3.949646 -2.057724 -0.574033 21.930000 0.000000 0.299022
21.513288 3.684195 -2.057094 -0.570900 11.760000 0.000000 0.261783
24.480392 -4.859231 -2.053610 -0.542179 11.040000 0.000000 0.106221
23.879673 4.094026 -2.051915 -0.564168 23.200001 0.000000 0.143729
24.664581 -5.641476 -2.037699 -0.541948 7.870000 0.000000 0.049485
18.276720 7.601722 -2.037522 -0.485618 12.730000 0.000000 0.607530
24.617785 -5.080214 -2.027106 -0.567054 9.970000 0.000000 0.319984
24.504110 -4.542916 -2.025424 -0.566714 11.240000 0.000000 0.274787
24.542831 -4.910390 -2.023277 -0.566949 11.460000 0.000000 0.306025
24.000830 4.014481 -2.021112 -0.539203 18.559999 0.000000 0.276220
22.773333 3.792845 -2.014271 -0.551503 11.070000 0.000000 0.070657
23.895115 3.997677 -2.012459 -0.539200 21.959999 0.000000 0.276216
24.459703 -3.913756 -2.012273 -0.583990 9.790000 0.000000 0.517053
24.627052 -5.618295 -2.011569 -0.556668 7.610000 0.000000 0.192402
24.667431 -5.161606 -2.010947 -0.584201 8.860000 0.000000 0.609115
24.509167 -4.271674 -2.010822 -0.584048 10.190000 0.000000 0.541727
21.859690 3.794483 -2.009425 -0.589442 8.600000 0.000000 0.569182
18.921114 6.882781 -2.008468 -0.493465 11.880000 0.000000 0.624225
24.333977 3.843009 -2.008015 -0.603814 10.890000 0.000000 0.780730
24.592392 -4.993700 -2.007072 -0.584171 10.300000 0.000000 0.596452
16.905975 11.234984 -2.005960 -0.502198 13.480000 0.000000 0.469773
23.953354 3.997126 -2.004613 -0.561791 17.990000 0.000000 0.096921
23.789404 3.980871 -2.003807 -0.539198 20.320000 0.000000 0.276194
23.978849 4.051903 -2.003479 -0.542422 22.059999 0.000000 0.221121
21.106934 3.686394 -2.002811 -0.538891 14.090000 0.000000 0.264187
23.949335 4.095417 -1.999604 -0.552616 17.590000 0.000000 0.049713
24.507742 -4.729646 -1.996557 -0.603153 9.410000 0.000000 0.891374
24.390846 -4.356153 -1.995292 -0.573761 10.340000 0.000000 0.378777
23.873190 4.034702 -1.994820 -0.542420 21.780001 0.000000 0.221114
24.697039 -4.899642 -1.993098 -0.542180 7.820000 0.000000 0.108372
21.580727 3.746824 -1.991576 -0.551347 13.250000 0.000000 0.061247
23.843723 4.077973 -1.990942 -0.552614 21.690001 0.000000 0.049707
24.020697 3.968831 -1.989588 -0.574034 14.700000 0.000000 0.296962
24.592009 -4.878887 -1.984635 -0.542180 11.000000 0.000000 0.108365
23.862099 4.050761 -1.984195 -0.532247 22.549999 0.000000 0.388823
18.120476 8.606407 -1.984088 -0.522830 11.500000 0.000000 0.182461
24.015236 3.972617 -1.982441 -0.564122 15.160000 0.000000 0.132921
23.784513 3.967401 -1.982341 -0.602424 21.650000 0.000000 0.769373
22.370985 3.823315 -1.981402 -0.570937 15.160000 0.000000 0.256875
22.417614 3.741565 -1.977899 -0.589682 13.160000 0.000000 0.561777
22.265314 3.806444 -1.972417 -0.570932 13.960000 0.000000 0.256875
22.228191 3.853527 -1.971767 -0.610273 13.940000 0.000000 0.911524
24.784468 -4.869865 -1.961342 -0.516377 7.880000 0.000000 0.540156
21.132673 3.838626 -1.960807 -0.551259 15.100000 0.000000 0.051310
24.707968 -4.700111 -1.957773 -0.516295 9.060000 0.000000 0.553216
19.271938 6.875886 -1.954951 -0.524337 9.950000 0.000000 0.134537
24.550505 -3.955319 -1.947850 -0.604433 9.250000 0.000000 0.855497
22.349730 4.059298 -1.947376 -0.602260 10.940000 0.000000 0.789151
22.188728 3.683268 -1.947124 -0.519504 7.950000 0.000000 0.601645
16.423765 12.433563 -1.946427 -0.469839 11.860000 0.000000 0.251420
24.475107 -3.742642 -1.945273 -0.604401 8.960000 0.000000 0.842031
24.500231 -3.462564 -1.944907 -0.533303 10.910000 0.000000 0.352662
24.556259 -3.819544 -1.943441 -0.533304 10.430000 0.000000 0.331207
19.966568 5.315895 -1.941964 -0.476650 9.310000 0.000000 1.137031
24.552258 -3.321078 -1.931249 -0.522775 9.640000 0.000000 0.536108
24.559927 -4.630463 -1.929646 -0.584108 9.910000 0.000000 0.566042
24.138517 4.006352 -1.927776 -0.512187 8.620000 0.000000 0.727933
24.085398 3.969863 -1.927727 -0.552644 10.460000 0.000000 0.059453
24.476700 -4.518676 -1.920677 -0.573787 9.410000 0.000000 0.387931
24.255768 3.866426 -1.920546 -0.564078 8.560000 0.000000 0.122544
24.457363 -5.424050 -1.919063 -0.556559 8.280000 0.000000 0.175264
21.476664 3.798167 -1.917361 -0.551085 11.480000 0.000000 0.063323
23.999577 4.106728 -1.917360 -0.583443 12.560000 0.000000 0.458577
20.850666 3.713415 -1.915480 -0.543000 13.370000 0.000000 0.193656
23.973595 4.070301 -1.915384 -0.532249 22.950001 0.000000 0.390797
23.896109 3.986531 -1.913192 -0.602426 17.170000 0.000000 0.767369
23.975512 4.080070 -1.909367 -0.603840 15.160000 0.000000 0.794890
23.869894 4.062444 -1.901033 -0.603839 22.420000 0.000000 0.794895
24.864714 -4.592934 -1.892446 -0.484593 7.470000 0.000000 1.090023
21.033150 3.822940 -1.878678 -0.551254 15.580000 0.000000 0.053676
24.471895 -4.335567 -1.869807 -0.606844 9.610000 0.000000 0.920785
24.424688 -3.383055 -1.867609 -0.604346 10.020000 0.000000 0.817760
24.109850 3.988726 -1.867418 -0.519555 16.780001 0.000000 0.608078
24.053444 3.960656 -1.867072 -0.520594 17.799999 0.000000 0.591771
23.831219 4.116210 -1.863235 -0.610344 11.130000 0.000000 0.905085
17.277182 10.942102 -1.862838 -0.498347 11.660000 0.000000 0.293644
24.528591 -3.338253 -1.862828 -0.603233 9.910000 0.000000 0.795587
24.613403 -4.177392 -1.862235 -0.533301 9.490000 0.000000 0.310117
23.916103 3.979826 -1.861265 -0.589736 14.000000 0.000000 0.555366
24.004068 3.972089 -1.859431 -0.519553 21.240000 0.000000 0.608060
23.810305 3.963245 -1.853279 -0.589732 19.459999 0.000000 0.555361
24.657347 -4.750593 -1.851655 -0.573826 9.950000 0.000000 0.401480
23.898277 3.955450 -1.851443 -0.519550 20.870001 0.000000 0.608058
18.285822 8.038424 -1.849039 -0.511949 12.520000 0.000000 0.109786
20.738195 3.864493 -1.847897 -0.543509 11.280000 0.000000 0.175504
23.704514 3.946662 -1.845292 -0.589729 19.730000 0.000000 0.555374
24.552074 -4.730844 -1.843824 -0.573823 11.250000 0.000000 0.401473
17.962397 8.720579 -1.841025 -0.522091 11.010000 0.000000 0.198397
24.426157 -3.495616 -1.840767 -0.522771 10.080000 0.000000 0.526814
21.461098 3.895972 -1.840522 -0.551277 11.850000 0.000000 0.056009
17.923170 9.146396 -1.840273 -0.502123 13.530000 0.000000 0.053921
24.238892 -4.631623 -1.807361 -0.522757 8.520000 0.000000 0.447316
22.977938 3.977239 -1.798889 -0.551406 12.390000 0.000000 0.070194
23.951883 3.945726 -1.798720 -0.520591 18.250000 0.000000 0.593197
24.355692 3.787408 -1.798091 -0.532346 10.890000 0.000000 0.410712
20.933357 3.807197 -1.797192 -0.551248 14.780000 0.000000 0.055954
24.575886 -3.659144 -1.795278 -0.555488 10.880000 0.000000 0.022245
22.872229 3.960134 -1.790894 -0.551402 11.020000 0.000000 0.070182
24.155691 3.734439 -1.790439 -0.542504 17.940001 0.000000 0.243443
24.089010 4.091343 -1.787512 -0.532250 19.070000 0.000000 0.394045
24.243818 3.832222 -1.786270 -0.603813 10.190000 0.000000 0.775582
20.859491 3.611604 -1.786062 -0.551394 10.790000 0.000000 0.065709
22.117298 3.590044 -1.785942 -0.529330 8.490000 0.000000 0.448189
24.141993 3.991554 -1.785149 -0.574035 10.280000 0.000000 0.291785
18.315403 8.722288 -1.782616 -0.469174 12.620000 0.000000 0.709528
24.114809 3.958598 -1.780616 -0.603827 10.000000 0.000000 0.783484
18.216356 9.983614 -1.778051 -0.472895 10.010000 0.000000 0.418621
24.522350 -3.431278 -1.775735 -0.603615 9.470000 0.000000 0.805394
24.131079 4.025068 -1.775080 -0.523489 9.610000 0.000000 0.543433
17.809187 9.490985 -1.772701 -0.468632 12.180000 0.000000 0.537511
21.604948 3.732178 -1.772149 -0.551430 13.530000 0.000000 0.067963
23.980524 4.116129 -1.770251 -0.603719 17.620001 0.000000 0.791434
24.416233 -3.416636 -1.768086 -0.603615 9.320000 0.000000 0.805407
24.510838 -3.535977 -1.766599 -0.542402 18.940001 0.000000 0.201924
18.734327 5.820754 -1.762547 -0.493288 14.830000 0.000000 0.766741
24.975845 -3.552360 -1.755419 -0.545678 7.790000 0.000000 0.151648
22.523064 3.739165 -1.747605 -0.519513 10.320000 0.000000 0.607955
24.665625 -3.864764 -1.745809 -0.576021 9.360000 0.000000 0.373109
24.689318 -4.199110 -1.745203 -0.555710 9.920000 0.000000 0.058785
22.305559 3.871365 -1.743470 -0.589461 12.340000 0.000000 0.560439
17.288363 11.146052 -1.737033 -0.498009 11.060000 0.000000 0.323205
19.212513 6.682827 -1.736854 -0.477635 12.090000 0.000000 0.937892
24.070601 4.000651 -1.733489 -0.551548 11.310000 0.000000 0.080481
24.477507 -4.166692 -1.730658 -0.555695 9.590000 0.000000 0.058796
23.984365 4.086623 -1.729220 -0.570999 11.770000 0.000000 0.247072
20.897511 3.780124 -1.728635 -0.523533 14.470000 0.000000 0.518241
24.293474 -6.243766 -1.725788 -0.533173 9.530000 0.000000 0.137745
23.878574 4.069710 -1.721808 -0.570995 17.990000 0.000000 0.247072
18.029938 9.197474 -1.717442 -0.502157 13.690000 0.000000 0.058144
22.109137 3.715941 -1.717023 -0.539148 8.110000 0.000000 0.280156
24.237780 3.797767 -1.716416 -0.552681 11.230000 0.000000 0.074257
24.250999 3.987949 -1.714452 -0.493068 10.490000 0.000000 1.051696
23.772797 4.052795 -1.714397 -0.570991 18.889999 0.000000 0.247073
16.300825 12.275194 -1.713534 -0.454433 13.250000 0.000000 0.023505
22.151924 3.588391 -1.710512 -0.540172 8.360000 0.000000 0.271233
18.125702 9.938225 -1.699978 -0.472848 10.840000 0.000000 0.420591
18.304859 8.859410 -1.687577 -0.452500 11.690000 0.000000 0.964373
19.422565 6.380939 -1.687384 -0.452500 10.630000 0.000000 1.404197
16.461107 11.915086 -1.684971 -0.514079 10.630000 0.000000 0.862178
24.587831 -4.181760 -1.675069 -0.555703 11.510000 0.000000 0.057342
17.046907 11.432047 -1.674354 -0.492135 10.300000 0.000000 0.313718
24.761513 -4.609797 -1.665824 -0.503210 8.760000 0.000000 0.783833
17.414228 10.686487 -1.665178 -0.522779 10.060000 0.000000 0.625340
20.800776 3.744433 -1.660141 -0.564200 10.250000 0.000000 0.152048
24.655903 -4.591586 -1.658858 -0.503204 8.360000 0.000000 0.783822
17.851274 9.011278 -1.657729 -0.543065 13.450000 0.000000 0.600939
22.365431 4.022595 -1.656317 -0.603725 13.800000 0.000000 0.802885
18.580288 8.931374 -1.654278 -0.514459 9.520000 0.000000 0.049533
21.645239 3.916248 -1.652332 -0.523536 13.440000 0.000000 0.522000
18.597115 6.144010 -1.648255 -0.551759 17.530001 0.000000 0.244777
21.603270 3.822947 -1.645734 -0.551091 13.290000 0.000000 0.071385
18.515045 6.886955 -1.643371 -0.513939 16.110001 0.000000 0.274977
24.549871 -4.642735 -1.637466 -0.546663 11.660000 0.000000 0.059250
24.318539 3.691850 -1.636703 -0.512275 9.010000 0.000000 0.750887
24.260111 3.775291 -1.633972 -0.532345 10.620000 0.000000 0.414054
18.406796 8.385818 -1.624970 -0.477385 14.080000 0.000000 0.641704
24.096231 4.137945 -1.624935 -0.603719 8.480000 0.000000 0.788154
24.086195 4.106126 -1.618045 -0.543000 10.780000 0.000000 0.218957
22.208935 3.857575 -1.603298 -0.589457 13.370000 0.000000 0.557151
21.627178 3.891460 -1.601930 -0.603718 13.210000 0.000000 0.802883
21.547455 3.878283 -1.598027 -0.564209 13.150000 0.000000 0.148863
24.545023 -4.001273 -1.588476 -0.576077 9.820000 0.000000 0.381210
20.801949 3.764792 -1.588165 -0.523532 11.970000 0.000000 0.521984
17.666956 10.216784 -1.584714 -0.507872 10.540000 0.000000 0.256726
22.999460 3.960095 -1.584695 -0.551491 13.040000 0.000000 0.075225
19.667204 6.095972 -1.582194 -0.484663 8.590000 0.000000 0.919614
24.630110 -4.485456 -1.579470 -0.525218 7.620000 0.000000 0.428302
18.545065 7.463320 -1.566962 -0.532021 13.610000 0.000000 0.105552
18.294518 8.796051 -1.565047 -0.514438 10.030000 0.000000 0.047764
18.399391 8.389781 -1.563717 -0.514053 14.690000 0.000000 0.035097
23.975018 3.988171 -1.563034 -0.551545 18.910000 0.000000 0.083856
23.869127 3.971648 -1.556291 -0.551541 20.930000 0.000000 0.083860
20.791214 3.674566 -1.548964 -0.532150 9.400000 0.000000 0.386256
22.859724 3.925963 -1.547016 -0.574053 16.100000 0.000000 0.297118
22.854496 3.926800 -1.542973 -0.564158 15.500000 0.000000 0.133307
20.783461 3.741591 -1.539774 -0.603709 11.380000 0.000000 0.802874
23.533812 4.072492 -1.538562 -0.610331 11.150000 0.000000 0.898386
18.652765 7.334586 -1.537929 -0.543935 15.400000 0.000000 0.275956
23.618372 3.937608 -1.537857 -0.589725 14.750000 0.000000 0.548727
18.553041 7.295564 -1.529725 -0.543933 15.020000 0.000000 0.275952
16.411089 12.325328 -1.527227 -0.504988 10.760000 0.000000 0.801845
18.916237 4.294431 -1.526742 -0.543602 24.100000 0.000000 0.113993
17.624260 10.293580 -1.522204 -0.514874 10.240000 0.000000 0.390444
18.281200 8.327334 -1.514018 -0.509438 14.950000 0.000000 0.114009
23.110115 3.979017 -1.512563 -0.551495 14.120000 0.000000 0.076892
17.758848 -10.372135 -1.503241 -0.452500 9.750000 0.000000 0.444497
18.225924 9.656437 -1.502763 -0.501565 9.560000 0.000000 0.010836
17.386595 10.367324 -1.502738 -0.452500 11.020000 0.000000 0.601146
18.657164 6.405344 -1.499218 -0.493105 16.700001 0.000000 0.698987
22.898487 3.945041 -1.499064 -0.551486 11.760000 0.000000 0.076890
18.374067 7.771458 -1.495728 -0.485699 13.500000 0.000000 0.604350
17.133282 10.578531 -1.493308 -0.452500 8.490000 0.000000 0.529257
24.081377 4.076427 -1.491726 -0.551318 12.700000 0.000000 0.085319
24.067244 4.133881 -1.491098 -0.551532 11.790000 0.000000 0.078473
18.590189 6.105331 -1.489602 -0.515855 17.940001 0.000000 0.359376
20.805740 3.669327 -1.488413 -0.542310 10.440000 0.000000 0.220183
18.460917 8.918122 -1.488245 -0.467993 12.940000 0.000000 0.716481
20.799337 3.578850 -1.483894 -0.552544 10.930000 0.000000 0.056662
17.222439 9.663972 -1.482446 -0.493795 12.910000 0.000000 0.035127
18.530924 7.184142 -1.482226 -0.514010 12.530000 0.000000 0.236064
20.709253 3.647332 -1.479067 -0.602272 11.810000 0.000000 0.772210
22.938244 3.959269 -1.471164 -0.543477 10.770000 0.000000 0.209700
22.837132 3.895085 -1.469912 -0.603826 15.510000 0.000000 0.786871
17.781925 10.244493 -1.466349 -0.514854 9.930000 0.000000 0.361871
23.681849 4.041806 -1.465370 -0.570987 13.470000 0.000000 0.242151
17.605999 9.683608 -1.464029 -0.500111 12.210000 0.000000 0.031463
23.662043 3.940534 -1.462251 -0.551534 11.280000 0.000000 0.085390
16.850746 11.656309 -1.459586 -0.488225 9.260000 0.000000 0.317007
22.412514 3.868693 -1.459560 -0.519313 13.410000 0.000000 0.609300
18.804087 7.774242 -1.456267 -0.476718 12.050000 0.000000 0.782465
21.521641 3.840187 -1.450049 -0.543000 11.960000 0.000000 0.208056
22.387093 3.998638 -1.439142 -0.543492 12.340000 0.000000 0.201164
18.465942 6.807381 -1.435445 -0.514502 17.879999 0.000000 0.280516
23.128475 3.925985 -1.434000 -0.551281 13.340000 0.000000 0.085287
20.826620 3.709914 -1.415682 -0.583385 11.630000 0.000000 0.460479
18.887768 4.692075 -1.403686 -0.518307 18.549999 0.000000 0.496982
23.980042 4.061644 -1.403085 -0.551314 21.219999 0.000000 0.086765
23.965944 4.118812 -1.402785 -0.551528 20.070000 0.000000 0.079912
24.252554 3.752120 -1.401334 -0.561945 12.270000 0.000000 0.070506
18.886154 7.473670 -1.396869 -0.510143 12.760000 0.000000 0.280773
23.860088 4.101810 -1.396698 -0.551524 22.570000 0.000000 0.079909
16.329338 11.945751 -1.390507 -0.487657 9.900000 0.000000 0.444746
21.534973 3.877941 -1.388384 -0.603717 12.940000 0.000000 0.798110
17.976526 8.354536 -1.388334 -0.597962 13.970000 0.000000 1.377167
16.862982 11.629968 -1.386740 -0.544221 12.610000 0.000000 1.235419
21.579151 3.777975 -1.386614 -0.523511 12.760000 0.000000 0.536876
21.116264 3.779615 -1.364085 -0.603817 10.330000 0.000000 0.798307
20.920061 3.690608 -1.357976 -0.542314 10.000000 0.000000 0.223410
20.909927 3.697789 -1.352935 -0.532152 12.150000 0.000000 0.391172
18.520353 7.118077 -1.351451 -0.543917 15.890000 0.000000 0.246513
23.026970 3.911131 -1.348343 -0.551277 13.010000 0.000000 0.086733
18.345917 8.526540 -1.342596 -0.511028 14.910000 0.000000 0.063896
17.475080 10.208714 -1.340009 -0.505937 14.570000 0.000000 0.238973
17.702446 10.120230 -1.332579 -0.487199 10.390000 0.000000 0.113667
16.641632 11.991800 -1.331852 -0.462852 8.670000 0.000000 0.005583
22.841129 3.927981 -1.321995 -0.603710 14.870000 0.000000 0.783931
18.467266 7.574484 -1.320898 -0.489967 13.700000 0.000000 0.575186
22.764034 3.907915 -1.320804 -0.583423 14.070000 0.000000 0.447701
23.878418 4.046806 -1.315092 -0.551310 24.000000 0.000000 0.088106
23.776663 3.960829 -1.306847 -0.551538 17.889999 0.000000 0.088154
23.691566 3.863132 -1.301429 -0.551418 9.100000 0.000000 0.094670
23.546736 4.052658 -1.297855 -0.551512 12.160000 0.000000 0.081237
23.560690 3.996614 -1.297841 -0.551298 14.550000 0.000000 0.088095
23.454771 3.979882 -1.292089 -0.551294 8.350000 0.000000 0.088091
20.887819 3.770257 -1.287844 -0.552506 13.480000 0.000000 0.050491
20.827473 3.670271 -1.281668 -0.602275 13.930000 0.000000 0.767528
16.440754 12.553845 -1.281366 -0.497375 8.860000 0.000000 0.714168
17.565758 10.185647 -1.274194 -0.480734 12.780000 0.000000 0.194358
18.035234 9.675521 -1.271819 -0.478745 11.370000 0.000000 0.371790
18.395412 8.377681 -1.262178 -0.509458 14.260000 0.000000 0.120251
22.830177 3.788948 -1.255510 -0.551586 10.170000 0.000000 0.088153
18.286636 7.340329 -1.244472 -0.546063 16.100000 0.000000 0.327281
23.762468 4.088510 -1.228105 -0.551520 20.379999 0.000000 0.082477
20.839293 3.988671 -1.223423 -0.561412 11.020000 0.000000 0.111517
17.486773 10.939855 -1.215654 -0.462985 10.190000 0.000000 0.334235
23.577877 3.948129 -1.213913 -0.561782 17.110001 0.000000 0.081265
15.666596 13.739455 -1.199107 -0.489556 9.990000 0.000000 0.972616
18.156771 8.652897 -1.196786 -0.513409 10.940000 0.000000 0.009102
16.500463 12.294269 -1.196070 -0.482143 11.160000 0.000000 0.396428
19.706381 5.466999 -1.195337 -0.452121 11.800000 0.000000 1.540520
18.306273 8.367274 -1.192726 -0.452447 15.710000 0.000000 1.060485
21.550230 4.016284 -1.187917 -0.583402 11.910000 0.000000 0.466716
22.929079 3.898004 -1.184397 -0.551272 12.130000 0.000000 0.089333
18.606894 7.390693 -1.184022 -0.452286 15.970000 0.000000 1.238954
18.494989 7.281094 -1.181118 -0.509480 16.100000 0.000000 0.301746
22.861902 4.004975 -1.178709 -0.523517 15.080000 0.000000 0.541935
22.878885 3.832050 -1.177432 -0.602405 15.310000 0.000000 0.753904
22.838291 3.898478 -1.174804 -0.543000 13.680000 0.000000 0.225445
22.774290 3.916880 -1.173553 -0.574051 13.330000 0.000000 0.290416
23.779364 4.033267 -1.166548 -0.551306 22.230000 0.000000 0.090201
18.343534 6.598007 -1.161099 -0.547162 16.139999 0.000000 0.230087
23.606033 4.003021 -1.158026 -0.542414 11.160000 0.000000 0.237473
17.582327 10.996354 -1.155293 -0.463017 9.870000 0.000000 0.335498
20.940538 3.691388 -1.150822 -0.602278 14.910000 0.000000 0.764890
18.547403 5.858051 -1.147711 -0.522675 18.969999 0.000000 0.285380
23.076702 3.916587 -1.132132 -0.542403 13.670000 0.000000 0.237463
16.675858 11.746541 -1.128321 -0.524290 13.580000 0.000000 0.951915
22.987383 3.850410 -1.126631 -0.602407 13.780000 0.000000 0.753086
22.850584 3.949026 -1.122592 -0.543477 13.980000 0.000000 0.215519
22.853621 3.895391 -1.121553 -0.532231 12.670000 0.000000 0.404908
21.690807 3.864223 -1.121031 -0.583403 15.620000 0.000000 0.453732
18.687614 6.723556 -1.111109 -0.492374 16.059999 0.000000 0.678261
22.469379 4.149232 -1.109700 -0.543000 10.140000 0.000000 0.206789
23.383728 4.020726 -1.089968 -0.600565 15.200000 0.000000 0.727678
21.040630 3.714947 -1.087532 -0.542317 12.140000 0.000000 0.228725
21.030254 3.722285 -1.086474 -0.532154 13.660000 0.000000 0.396400
17.659330 10.111564 -1.071782 -0.452737 10.990000 0.000000 0.686057
21.772694 3.850427 -1.071561 -0.532169 12.840000 0.000000 0.397218
22.943996 3.941556 -1.070291 -0.552594 14.050000 0.000000 0.066770
17.478769 10.042268 -1.064820 -0.539105 11.830000 0.000000 0.750529
22.746651 4.000247 -1.063130 -0.602327 13.650000 0.000000 0.762207
21.103838 3.769918 -1.039471 -0.513368 9.250000 0.000000 0.706006
17.827599 8.169749 -1.038070 -0.544300 15.050000 0.000000 0.461566
21.054607 3.800857 -1.037918 -0.574067 10.720000 0.000000 0.301645
21.029238 3.839224 -1.037609 -0.602220 15.170000 0.000000 0.770686
21.006655 3.794503 -1.035604 -0.552509 15.040000 0.000000 0.055133
20.953365 3.737333 -1.031934 -0.583387 12.200000 0.000000 0.452911
23.749372 3.832010 -1.024583 -0.542462 15.270000 0.000000 0.249133
23.692310 3.969355 -1.024427 -0.561784 14.490000 0.000000 0.078726
23.480755 4.010759 -1.023310 -0.543000 10.210000 0.000000 0.227863
23.540627 4.011636 -1.018477 -0.539986 16.400000 0.000000 0.278386
17.420330 10.361693 -1.017044 -0.538332 11.320000 0.000000 0.805276
18.866899 4.691014 -1.007146 -0.516445 19.330000 0.000000 0.536761
18.455076 7.506683 -1.001340 -0.452293 13.360000 0.000000 1.215129
23.052956 3.960694 -0.999906 -0.552597 11.330000 0.000000 0.067692
21.167038 3.775041 -0.990816 -0.583392 9.410000 0.000000 0.452163
21.061338 3.756741 -0.985872 -0.583390 12.550000 0.000000 0.452166
18.336746 8.548529 -0.968440 -0.514094 11.130000 0.000000 0.015860
18.603287 5.522593 -0.964544 -0.559848 17.709999 0.000000 0.282458
23.589371 4.030362 -0.953918 -0.543000 9.640000 0.000000 0.228675
23.755436 4.047743 -0.949024 -0.539991 15.260000 0.000000 0.279239
23.520267 4.048550 -0.948441 -0.564164 14.370000 0.000000 0.123413
18.482189 6.982273 -0.944922 -0.543904 15.540000 0.000000 0.220123
23.609167 3.907890 -0.943899 -0.552634 14.830000 0.000000 0.076278
23.483427 3.936928 -0.937920 -0.561779 13.330000 0.000000 0.077881
18.320917 6.803076 -0.929689 -0.565154 14.940000 0.000000 0.554430
20.954012 3.784806 -0.914275 -0.574065 10.330000 0.000000 0.299968
22.652832 4.034313 -0.913374 -0.583422 11.900000 0.000000 0.450426
18.399176 8.366590 -0.907083 -0.524819 11.980000 0.000000 0.125663
21.130474 3.052837 -0.902729 -0.511087 9.970000 0.000000 0.788697
24.802866 -4.665072 -0.879583 -0.546671 9.830000 0.000000 0.071975
18.550270 6.626140 -0.874015 -0.470050 16.840000 0.000000 1.058622
21.674931 3.836385 -0.872929 -0.532167 11.310000 0.000000 0.399734
23.525969 4.042250 -0.869660 -0.583435 15.170000 0.000000 0.441234
18.463192 6.153508 -0.865521 -0.524194 17.629999 0.000000 0.223082
23.528234 3.942056 -0.865071 -0.602418 15.100000 0.000000 0.749826
23.604477 4.060296 -0.864886 -0.600571 13.220000 0.000000 0.725138
23.212982 3.769277 -0.853225 -0.532292 14.600000 0.000000 0.417889
21.142733 3.861816 -0.852102 -0.602223 12.760000 0.000000 0.768147
22.585423 4.174271 -0.848621 -0.543000 7.860000 0.000000 0.209962
22.782230 3.924413 -0.845828 -0.564158 10.300000 0.000000 0.122691
20.994095 3.845246 -0.844086 -0.561525 13.630000 0.000000 0.095010
22.760487 3.891182 -0.842867 -0.603824 11.750000 0.000000 0.777679
22.520895 4.030816 -0.842550 -0.543492 14.780000 0.000000 0.210174
18.570114 6.825481 -0.809613 -0.510872 15.780000 0.000000 0.356347
18.517101 6.208022 -0.809215 -0.543000 15.110000 0.000000 0.092340
23.628345 3.927396 -0.800368 -0.603702 10.190000 0.000000 0.768722
23.654764 3.930542 -0.800055 -0.564119 14.430000 0.000000 0.113270
23.543383 3.941073 -0.799975 -0.523486 11.860000 0.000000 0.557850
23.499054 4.047725 -0.798725 -0.603715 13.280000 0.000000 0.776934
23.531050 4.049977 -0.795486 -0.574062 15.080000 0.000000 0.285748
18.641371 5.941142 -0.795277 -0.513316 17.280001 0.000000 0.439825
21.381802 3.862048 -0.794688 -0.574073 12.150000 0.000000 0.298407
23.720366 3.927934 -0.793494 -0.552636 17.150000 0.000000 0.077665
23.701696 4.087259 -0.788243 -0.569501 17.690001 0.000000 0.210570
21.148558 3.746960 -0.782836 -0.532156 14.370000 0.000000 0.400475
23.914000 4.089016 -0.741710 -0.543000 24.980000 0.000000 0.230585
18.462006 6.768990 -0.739787 -0.561277 16.000000 0.000000 0.474973
18.668776 5.897426 -0.731293 -0.522692 18.389999 0.000000 0.292119
23.531286 3.884976 -0.725621 -0.543456 13.650000 0.000000 0.230793
23.662907 3.929037 -0.721081 -0.574029 16.629999 0.000000 0.276556
23.506083 4.018223 -0.719752 -0.603834 14.790000 0.000000 0.776509
21.282949 3.798992 -0.719653 -0.583394 14.290000 0.000000 0.449017
23.610449 4.027100 -0.718941 -0.532243 12.310000 0.000000 0.409353
23.660355 3.922094 -0.718901 -0.583434 17.020000 0.000000 0.431902
21.256563 3.766488 -0.717743 -0.532158 14.650000 0.000000 0.401123
21.124886 3.819657 -0.711360 -0.552512 15.900000 0.000000 0.059067
20.905451 3.928760 -0.700645 -0.600105 12.540000 0.000000 0.739178
21.108265 3.827613 -0.694984 -0.610022 14.190000 0.000000 0.893709
18.405748 6.405059 -0.684278 -0.513827 15.340000 0.000000 0.359982
23.810144 4.072318 -0.663731 -0.543000 25.049999 0.000000 0.231045
22.897486 3.552660 -0.662826 -0.551543 7.310000 0.000000 0.109606
18.586199 5.833674 -0.660971 -0.532579 19.129999 0.000000 0.133982
20.984060 4.087007 -0.654725 -0.603743 10.590000 0.000000 0.809239
21.390743 3.818648 -0.653891 -0.583397 12.980000 0.000000 0.448480
21.041216 3.929293 -0.651945 -0.564251 9.620000 0.000000 0.143325
23.718357 4.046108 -0.645527 -0.532244 15.810000 0.000000 0.409821
23.637432 3.897775 -0.645339 -0.603821 14.630000 0.000000 0.767833
21.232674 3.839369 -0.645267 -0.552515 14.560000 0.000000 0.059618
21.163467 3.742187 -0.639998 -0.542320 14.410000 0.000000 0.234044
23.640934 3.963670 -0.637964 -0.602420 17.740000 0.000000 0.748176
23.518362 3.996253 -0.633121 -0.542412 11.640000 0.000000 0.242403
18.538826 6.496068 -0.633033 -0.543000 15.500000 0.000000 0.128661
23.541540 3.961438 -0.622185 -0.539189 13.540000 0.000000 0.298009
23.133959 3.738722 -0.621269 -0.602464 10.400000 0.000000 0.741119
18.729813 5.999804 -0.611686 -0.541465 16.360001 0.000000 0.028038
18.662785 6.249414 -0.604560 -0.512538 16.110001 0.000000 0.415381
21.122799 3.943427 -0.588452 -0.603726 12.340000 0.000000 0.796322
18.991825 6.956177 -0.573630 -0.462448 14.380000 0.000000 1.164092
21.411625 3.805596 -0.571587 -0.539755 13.570000 0.000000 0.275800
23.425409 4.037777 -0.570720 -0.564163 10.910000 0.000000 0.120664
21.399065 3.755621 -0.565432 -0.538900 11.660000 0.000000 0.293079
21.246866 3.822119 -0.564480 -0.569209 14.100000 0.000000 0.214870
21.141026 3.804127 -0.561531 -0.569205 14.870000 0.000000 0.214872
18.372555 7.258649 -0.558922 -0.551488 16.920000 0.000000 0.388890
21.278299 3.858227 -0.557718 -0.589187 11.350000 0.000000 0.547620
21.057886 3.655781 -0.556753 -0.569412 15.320000 0.000000 0.209516
22.764055 3.925690 -0.556318 -0.603709 8.970000 0.000000 0.775546
21.361023 3.820793 -0.556158 -0.570747 12.570000 0.000000 0.238823
23.430767 3.930736 -0.555729 -0.602416 12.230000 0.000000 0.747816
20.951958 3.638402 -0.553814 -0.569408 13.420000 0.000000 0.209514
21.255133 3.803169 -0.553215 -0.570741 14.970000 0.000000 0.238809
21.218161 3.848197 -0.552526 -0.610028 12.220000 0.000000 0.892719
18.677053 6.449985 -0.550502 -0.506587 16.570000 0.000000 0.487934
18.613827 6.302195 -0.546639 -0.506744 16.139999 0.000000 0.502477
18.747450 4.924112 -0.535941 -0.511341 21.200001 0.000000 0.599719
23.291040 4.200140 -0.534685 -0.589281 9.480000 0.000000 0.547380
23.707195 4.056553 -0.530628 -0.543000 20.730000 0.000000 0.231638
21.274452 3.864743 -0.526106 -0.523534 11.650000 0.000000 0.539100
21.137526 3.784045 -0.525860 -0.543000 15.600000 0.000000 0.220517
21.278816 3.845364 -0.520724 -0.564205 15.420000 0.000000 0.132909
20.798531 3.847558 -0.519615 -0.543000 9.100000 0.000000 0.211983
21.362411 3.834717 -0.519126 -0.603820 10.320000 0.000000 0.787089
18.405401 7.175944 -0.517621 -0.543000 14.260000 0.000000 0.233556
21.283747 3.848607 -0.515864 -0.574071 13.930000 0.000000 0.296388
21.367815 3.788547 -0.513204 -0.532160 11.560000 0.000000 0.402496
18.658674 6.792810 -0.510392 -0.475933 12.760000 0.000000 0.947077
22.778551 3.999825 -0.507068 -0.523516 9.260000 0.000000 0.548161
23.429695 4.031298 -0.506187 -0.583433 10.450000 0.000000 0.439004
21.272762 3.762707 -0.503173 -0.542322 15.510000 0.000000 0.234872
23.515608 3.899408 -0.498710 -0.552632 12.510000 0.000000 0.079236
21.365574 3.832690 -0.498607 -0.600339 12.380000 0.000000 0.729174
23.115650 4.313353 -0.498135 -0.552539 7.680000 0.000000 0.052078
21.307426 3.789008 -0.497590 -0.539751 15.240000 0.000000 0.276159
21.259739 3.814690 -0.495991 -0.600334 13.570000 0.000000 0.729155
21.354351 3.841412 -0.495712 -0.569213 13.210000 0.000000 0.214517
21.497452 3.732308 -0.494653 -0.519281 11.050000 0.000000 0.620907
21.153906 3.796691 -0.493375 -0.600330 15.200000 0.000000 0.729154
23.739162 4.060649 -0.492595 -0.529090 17.680000 0.000000 0.462177
23.829288 4.115498 -0.492231 -0.519353 15.820000 0.000000 0.621175
23.731911 4.144186 -0.491272 -0.538977 16.760000 0.000000 0.293652
23.641775 3.934974 -0.485423 -0.519542 14.860000 0.000000 0.626361
21.174137 3.841621 -0.482392 -0.589181 13.990000 0.000000 0.547262
22.028482 3.773391 -0.479402 -0.603814 10.470000 0.000000 0.775441
21.098063 3.874131 -0.477079 -0.551171 12.600000 0.000000 0.078943
23.423618 4.072868 -0.475731 -0.589504 14.380000 0.000000 0.541868
21.008125 3.813859 -0.474256 -0.610015 14.440000 0.000000 0.892347
21.359617 3.859269 -0.473574 -0.603715 9.240000 0.000000 0.786774
21.230997 3.964969 -0.472888 -0.603727 13.230000 0.000000 0.795734
21.385578 3.865054 -0.472052 -0.564206 11.800000 0.000000 0.132690
23.232416 4.189420 -0.469618 -0.610133 7.580000 0.000000 0.892357
21.451576 3.936013 -0.465294 -0.532116 14.570000 0.000000 0.394730
18.401287 6.858495 -0.458927 -0.546053 18.379999 0.000000 0.236779
37.449837 2.191335 -2.547305 -0.532869 9.870000 0.000000 0.480636
30.631495 -5.993075 -3.644578 -0.525629 9.650000 0.000000 0.358271
36.926224 -4.556759 -3.587250 -0.576049 8.400000 0.000000 0.342627
30.759684 -6.010278 -3.452027 -0.525634 11.680000 0.000000 0.364744
30.889921 -7.230260 -3.424113 -0.484907 12.470000 0.000000 0.962013
30.700668 -6.783186 -3.411213 -0.546640 9.960000 0.000000 0.032550
37.247246 -2.518722 -3.407492 -0.575163 8.650000 0.000000 0.264523
36.329548 -3.474070 -3.405354 -0.543554 12.550000 0.000000 0.230854
30.875912 -6.028376 -3.360743 -0.525639 8.870000 0.000000 0.367839
37.055122 -4.564942 -3.353903 -0.576051 6.910000 0.000000 0.337450
31.091547 -10.385026 -3.322080 -0.569843 14.910000 0.000000 0.689912
36.424744 -3.550044 -3.294554 -0.523570 12.950000 0.000000 0.562181
37.250961 -2.743579 -3.285645 -0.562928 14.180000 0.000000 0.064655
31.771412 -8.466819 -3.276614 -0.458088 13.000000 0.000000 1.338363
30.733618 -6.669572 -3.272925 -0.584414 11.760000 0.000000 0.646051
36.532993 -7.722456 -3.260980 -0.577394 9.970000 0.000000 0.505633
30.593592 -6.101875 -3.243092 -0.576879 10.140000 0.000000 0.486151
30.560806 -5.069784 -3.226144 -0.543000 8.760000 0.000000 0.134985
30.615400 -7.025958 -3.204618 -0.575788 12.000000 0.000000 0.527842
30.656870 -6.317245 -3.183652 -0.556550 10.970000 0.000000 0.160644
30.398300 -4.168046 -3.129489 -0.542442 8.770000 0.000000 0.190539
37.183720 -2.859953 -3.123470 -0.545021 11.040000 0.000000 0.231835
30.317724 -13.026260 -3.117107 -0.462391 14.180000 0.000000 0.803296
30.782148 -7.051288 -3.109360 -0.546716 13.150000 0.000000 0.042766
36.584435 -1.184884 -3.054070 -0.543000 10.570000 0.000000 0.296714
30.545637 -3.795880 -3.048709 -0.543000 11.520000 0.000000 0.201341
30.436342 -4.128875 -3.042517 -0.522792 10.230000 0.000000 0.520347
37.355820 -2.891616 -3.025895 -0.503592 9.010000 0.000000 0.919292
36.746670 -7.612380 -3.024360 -0.525991 9.480000 0.000000 0.358345
31.139610 -10.450453 -3.011812 -0.484764 15.270000 0.000000 0.721383
31.017109 -8.639738 -3.011566 -0.484903 8.970000 0.000000 0.869495
30.764297 -7.547841 -3.006849 -0.532857 13.540000 0.000000 0.153457
30.718954 -7.274502 -3.005054 -0.532968 12.120000 0.000000 0.170505
30.384022 -6.678948 -2.996349 -0.543000 8.770000 0.000000 0.040001
31.696306 -8.437743 -2.979792 -0.458085 7.440000 0.000000 1.345647
30.659557 -6.644471 -2.964571 -0.584412 13.930000 0.000000 0.637858
30.695665 -7.660795 -2.943917 -0.513023 7.480000 0.000000 0.473582
30.541899 -5.548285 -2.935976 -0.542957 13.560000 0.000000 0.116052
30.511044 -4.501536 -2.935594 -0.545889 9.500000 0.000000 0.123547
31.045269 -10.417342 -2.923315 -0.484757 12.320000 0.000000 0.723293
37.333221 -2.898311 -2.917368 -0.555128 9.080000 0.000000 0.067607
30.533804 -3.459415 -2.904630 -0.563873 8.650000 0.000000 0.126759
36.669064 -7.738030 -2.903761 -0.577399 8.980000 0.000000 0.498664
37.295071 -2.789438 -2.900569 -0.543536 7.840000 0.000000 0.262300
37.296898 -2.661659 -2.899963 -0.533749 9.210000 0.000000 0.427323
30.553856 -4.001084 -2.882689 -0.542465 8.740000 0.000000 0.205469
37.070259 -4.482483 -2.867210 -0.555811 8.120000 0.000000 0.009264
30.438183 -8.896930 -2.863315 -0.478446 11.890000 0.000000 0.943917
30.491856 -5.047736 -2.856922 -0.543000 9.970000 0.000000 0.144807
30.682062 -4.459011 -2.844296 -0.515863 13.190000 0.000000 0.626597
30.669563 -5.446175 -2.842690 -0.533562 13.020000 0.000000 0.281323
30.675201 -4.885281 -2.814024 -0.584094 13.080000 0.000000 0.523936
31.937225 -8.090441 -2.808331 -0.517481 8.650000 0.000000 0.396531
32.009235 -7.442528 -2.801702 -0.533457 15.790000 0.000000 0.178846
30.613220 -3.782472 -2.799330 -0.522797 11.180000 0.000000 0.543129
30.803347 -3.483226 -2.795301 -0.464962 10.290000 0.000000 1.514408
37.481476 -2.894628 -2.792030 -0.503593 10.940000 0.000000 0.923424
30.471090 -3.844819 -2.791519 -0.603621 10.820000 0.000000 0.798643
37.411102 -2.794562 -2.787875 -0.543536 7.330000 0.000000 0.264330
36.890053 -7.791231 -2.782980 -0.503523 10.430000 0.000000 0.726272
30.370728 -3.459207 -2.781035 -0.555615 11.290000 0.000000 0.011879
30.379992 -3.357095 -2.778874 -0.555322 13.310000 0.000000 0.020904
37.335239 -2.636674 -2.778421 -0.544927 10.880000 0.000000 0.244875
30.612034 -4.161229 -2.766937 -0.465308 10.030000 0.000000 1.478915
30.600727 -6.285708 -2.754168 -0.543000 8.880000 0.000000 0.075199
30.635523 -4.513289 -2.745818 -0.545892 8.210000 0.000000 0.128619
30.314693 -12.353606 -2.736942 -0.519365 11.530000 0.000000 0.061973
30.562769 -4.540030 -2.732291 -0.566310 14.910000 0.000000 0.211132
30.922363 -11.199699 -2.708589 -0.520228 10.370000 0.000000 0.063407
30.751942 -6.346450 -2.696428 -0.574025 7.990000 0.000000 0.438827
31.842455 -8.063941 -2.694134 -0.517476 12.280000 0.000000 0.398874
37.441410 -2.363459 -2.674533 -0.533702 8.580000 0.000000 0.438505
37.383404 -2.840451 -2.661442 -0.574916 8.650000 0.000000 0.254472
27.254679 -16.473124 -2.657715 -0.522669 13.660000 0.000000 0.796600
30.384548 -12.826970 -2.629233 -0.552338 11.800000 0.000000 0.652347
37.404434 -2.648697 -2.627028 -0.543000 9.980000 0.000000 0.278981
30.862350 -8.625059 -2.619438 -0.541339 8.930000 0.000000 0.059249
30.887932 -8.496236 -2.618935 -0.532407 9.440000 0.000000 0.099555
37.204941 -2.418126 -2.617388 -0.543000 8.920000 0.000000 0.283687
30.676624 -5.016846 -2.609361 -0.573798 13.990000 0.000000 0.355843
31.057211 -10.348132 -2.603947 -0.569837 13.710000 0.000000 0.672556
30.517803 -5.288832 -2.596195 -0.584166 11.910000 0.000000 0.543913
30.830261 -11.164250 -2.593713 -0.520216 10.920000 0.000000 0.065749
30.531157 -5.240708 -2.593368 -0.573835 13.500000 0.000000 0.369950
27.354816 -16.526205 -2.589107 -0.522700 11.860000 0.000000 0.794797
37.533745 -2.565938 -2.588668 -0.523500 9.620000 0.000000 0.604569
37.367374 -2.846923 -2.587848 -0.555193 8.280000 0.000000 0.072952
37.260498 -2.839478 -2.580589 -0.555192 9.880000 0.000000 0.072950
37.189213 -2.873300 -2.574441 -0.563118 13.680000 0.000000 0.059212
37.299004 -2.606205 -2.569410 -0.574837 9.790000 0.000000 0.246624
30.259838 -3.223347 -2.556374 -0.594318 9.640000 0.000000 0.615193
37.307011 -2.796087 -2.555300 -0.544887 8.430000 0.000000 0.245095
30.814497 -4.468904 -2.554203 -0.515865 8.940000 0.000000 0.633732
30.519279 -5.489141 -2.547536 -0.556470 11.120000 0.000000 0.095765
23.866129 -13.902549 -2.547184 -0.487346 11.830000 0.000000 0.137459
24.852585 -5.882522 -2.544648 -0.486462 7.840000 0.000000 0.937330
30.862568 -5.642627 -2.543108 -0.484791 12.210000 0.000000 1.086392
30.965662 -8.349816 -2.534126 -0.526103 9.890000 0.000000 0.218885
24.139545 -14.005711 -2.533996 -0.405586 10.300000 0.000000 1.225520
30.277271 -6.433006 -2.533265 -0.542138 10.370000 0.000000 0.079524
37.303677 -2.639379 -2.532813 -0.543000 11.620000 0.000000 0.280280
30.666626 -4.784449 -2.528110 -0.555733 10.960000 0.000000 0.042936
30.809435 -6.988147 -2.519501 -0.484896 10.640000 0.000000 0.998671
31.008707 -8.419947 -2.517914 -0.484909 9.740000 0.000000 0.896718
30.918962 -6.362939 -2.504930 -0.512963 8.220000 0.000000 0.577529
30.413015 -3.857857 -2.499528 -0.563964 7.200000 0.000000 0.136505
30.776665 -6.522783 -2.490816 -0.512969 8.240000 0.000000 0.565218
30.562515 -3.705088 -2.466809 -0.524995 7.580000 0.000000 0.517012
30.808414 -7.443204 -2.463757 -0.543000 12.560000 0.000000 0.005498
37.435040 -2.556591 -2.460459 -0.523499 9.590000 0.000000 0.606328
24.957205 -8.295109 -2.451937 -0.487500 12.250000 0.000000 0.684080
37.219551 -2.297705 -2.449633 -0.574728 9.120000 0.000000 0.236700
30.935505 -6.402852 -2.447494 -0.503344 10.840000 0.000000 0.735587
37.306767 -2.388566 -2.447105 -0.564949 7.460000 0.000000 0.076453
30.666477 -4.735027 -2.437462 -0.566420 12.280000 0.000000 0.215508
30.856358 -6.370789 -2.436961 -0.533316 9.780000 0.000000 0.240431
30.598749 -4.018351 -2.434814 -0.604426 10.680000 0.000000 0.810854
23.852221 -13.956956 -2.432462 -0.450347 7.950000 0.000000 0.468211
30.511623 -3.089885 -2.432108 -0.573569 11.330000 0.000000 0.262595
30.681074 -4.875212 -2.431225 -0.546294 12.010000 0.000000 0.110732
23.719328 -13.967038 -2.419085 -0.494309 9.610000 0.000000 0.272999
36.620476 -6.980365 -2.414362 -0.512995 9.390000 0.000000 0.614278
30.846178 -6.879371 -2.413874 -0.547602 12.150000 0.000000 0.029455
37.279015 -4.062927 -2.411369 -0.515398 7.840000 0.000000 0.700027
30.736992 -5.370714 -2.403773 -0.564356 15.160000 0.000000 0.214121
30.661964 -5.172684 -2.400891 -0.564300 15.030000 0.000000 0.202947
30.327305 -4.354274 -2.392197 -0.603284 9.900000 0.000000 0.809003
30.471205 -6.120995 -2.390563 -0.604773 12.160000 0.000000 0.931433
30.514259 -4.863773 -2.389498 -0.513262 9.570000 0.000000 0.657408
23.976135 -13.956666 -2.382425 -0.487359 10.950000 0.000000 0.132353
30.877192 -7.646051 -2.367874 -0.543000 11.630000 0.000000 0.006245
30.865042 -8.694560 -2.367270 -0.565589 9.980000 0.000000 0.461665
30.577175 -3.381112 -2.366550 -0.543463 11.310000 0.000000 0.226525
27.339020 -16.569061 -2.365698 -0.456778 13.310000 0.000000 0.293230
30.474783 -3.180299 -2.362821 -0.523503 10.730000 0.000000 0.564194
31.233549 -7.050162 -2.361227 -0.486797 7.300000 0.000000 0.973074
30.355639 -3.479512 -2.357840 -0.594330 10.640000 0.000000 0.620762
30.364147 -3.359069 -2.350393 -0.543460 9.410000 0.000000 0.226508
26.541716 -3.355446 -2.337144 -0.575782 7.810000 0.000000 0.335518
30.698198 -5.654417 -2.329161 -0.546300 7.910000 0.000000 0.069427
30.627632 -4.640760 -2.327245 -0.604533 10.170000 0.000000 0.839978
31.025848 -8.455256 -2.320993 -0.522022 9.680000 0.000000 0.283340
37.460808 -2.380240 -2.317355 -0.542717 9.800000 0.000000 0.293840
24.291071 -10.381073 -2.316209 -0.488204 13.360000 0.000000 0.387872
30.793364 -4.913005 -2.314822 -0.603701 11.040000 0.000000 0.838403
37.436893 -2.696340 -2.313163 -0.603545 8.330000 0.000000 0.720208
30.667881 -5.015642 -2.310374 -0.603275 13.420000 0.000000 0.837951
37.262909 -2.562988 -2.310112 -0.573518 10.380000 0.000000 0.220414
30.606892 -5.347887 -2.307304 -0.533412 13.130000 0.000000 0.299853
30.356577 -4.392335 -2.302948 -0.584020 11.270000 0.000000 0.489915
30.697643 -4.853135 -2.301321 -0.542357 11.550000 0.000000 0.179714
37.223049 -2.681092 -2.299978 -0.603545 10.240000 0.000000 0.720211
30.524971 -4.718469 -2.299938 -0.564178 9.960000 0.000000 0.176216
30.664206 -6.371309 -2.294440 -0.584362 12.360000 0.000000 0.604976
30.592754 -4.978915 -2.293807 -0.522787 13.430000 0.000000 0.496195
24.875099 -8.303505 -2.285433 -0.501233 11.980000 0.000000 0.456835
30.869280 -8.982393 -2.284876 -0.549140 7.840000 0.000000 0.211418
24.845324 -8.102205 -2.283345 -0.520396 11.260000 0.000000 0.160915
30.980585 -10.312228 -2.281705 -0.569830 7.750000 0.000000 0.666165
30.758099 -6.834134 -2.281563 -0.603889 8.760000 0.000000 0.957381
31.307974 -10.378842 -2.281121 -0.513204 12.590000 0.000000 0.275553
30.671080 -6.852137 -2.277223 -0.564858 7.580000 0.000000 0.313743
30.588978 -3.188785 -2.270913 -0.523505 12.650000 0.000000 0.566234
30.569075 -3.453702 -2.261041 -0.533795 11.890000 0.000000 0.385706
30.478260 -3.368217 -2.258799 -0.543461 12.510000 0.000000 0.228565
30.462564 -3.442387 -2.253301 -0.533794 11.820000 0.000000 0.385691
23.775904 -13.904173 -2.252424 -0.450345 8.440000 0.000000 0.473032
30.710697 -5.059493 -2.251198 -0.525398 12.070000 0.000000 0.450612
30.992041 -5.656089 -2.247709 -0.484794 10.610000 0.000000 1.092679
30.712709 -5.309865 -2.245798 -0.485995 7.680000 0.000000 1.089369
30.534710 -4.506390 -2.242713 -0.523382 11.480000 0.000000 0.511098
30.693092 -4.117388 -2.236312 -0.533376 14.140000 0.000000 0.365533
25.195768 -8.252914 -2.233986 -0.467814 10.290000 0.000000 1.029517
30.482491 -4.726048 -2.232369 -0.575542 12.400000 0.000000 0.363909
30.404963 -3.176593 -2.231247 -0.583844 9.440000 0.000000 0.432568
30.438574 -2.829257 -2.230912 -0.563759 8.020000 0.000000 0.087355
30.780695 -4.999208 -2.227262 -0.533406 11.180000 0.000000 0.322379
30.601439 -4.239162 -2.226327 -0.583995 13.090000 0.000000 0.478719
25.093325 -8.221910 -2.225201 -0.467799 12.240000 0.000000 1.029477
31.200188 -16.051729 -2.225136 -0.497013 11.500000 0.000000 0.039805
37.397457 -2.722398 -2.220273 -0.554942 8.340000 0.000000 0.084949
30.979961 -8.238144 -2.215803 -0.522125 9.060000 0.000000 0.299307
30.797354 -6.669238 -2.210344 -0.547466 10.080000 0.000000 0.010210
30.749958 -6.719581 -2.210250 -0.567594 9.770000 0.000000 0.347591
30.694944 -4.894648 -2.209872 -0.603700 14.420000 0.000000 0.836481
30.979530 -8.105459 -2.206058 -0.517555 9.440000 0.000000 0.385343
23.966732 -14.012221 -2.205409 -0.450349 11.490000 0.000000 0.474756
30.870501 -7.230818 -2.204502 -0.557076 9.750000 0.000000 0.206625
37.347431 -2.446310 -2.201945 -0.533276 8.530000 0.000000 0.449929
30.735750 -6.076129 -2.201605 -0.573977 11.950000 0.000000 0.411621
23.808659 -14.121231 -2.201337 -0.515339 10.140000 0.000000 0.632010
31.016964 -9.675845 -2.198585 -0.521301 8.850000 0.000000 0.196030
37.276779 -2.384235 -2.198523 -0.583716 10.330000 0.000000 0.383989
30.666613 -5.232710 -2.198014 -0.522787 13.300000 0.000000 0.484851
30.747667 -5.988035 -2.197759 -0.564552 10.620000 0.000000 0.249894
37.360981 -2.371035 -2.194732 -0.542717 8.980000 0.000000 0.295321
30.630562 -6.055777 -2.194123 -0.573975 11.410000 0.000000 0.411617
37.337154 -2.686290 -2.189897 -0.603545 10.480000 0.000000 0.718716
37.236492 -2.578364 -2.189280 -0.603370 11.480000 0.000000 0.713595
32.693890 -4.911963 -2.188926 -0.514034 8.600000 0.000000 0.665254
37.253979 -2.364264 -2.188449 -0.542717 9.940000 0.000000 0.295321
27.674475 -16.452089 -2.186430 -0.456854 11.560000 0.000000 0.336905
30.699825 -6.630111 -2.181508 -0.603867 8.210000 0.000000 0.942464
27.581236 -16.399309 -2.179204 -0.456834 11.280000 0.000000 0.336886
27.452345 -16.181023 -2.165679 -0.484554 8.150000 0.000000 0.103342
30.815105 -4.755518 -2.157709 -0.503592 12.810000 0.000000 0.830224
30.736919 -4.552715 -2.155786 -0.503605 12.110000 0.000000 0.839530
27.238464 -16.428753 -2.154706 -0.520656 11.120000 0.000000 0.750917
30.657434 -4.350995 -2.153780 -0.503615 9.380000 0.000000 0.848552
30.721214 -5.424918 -2.138771 -0.523197 14.280000 0.000000 0.468867
30.427114 -3.073864 -2.134602 -0.573569 10.000000 0.000000 0.256755
30.393776 -3.083587 -2.130051 -0.603320 8.900000 0.000000 0.749782
30.600414 -5.376710 -2.128698 -0.575651 11.960000 0.000000 0.398047
31.759506 -9.146975 -2.126823 -0.494694 8.430000 0.000000 0.701013
30.582581 -5.594057 -2.125949 -0.523140 12.540000 0.000000 0.458624
30.908642 -7.382924 -2.124111 -0.525935 7.760000 0.000000 0.300119
30.594658 -4.373477 -2.122175 -0.573710 13.230000 0.000000 0.313046
24.807325 -8.174883 -2.121671 -0.543000 13.810000 0.000000 0.218973
30.568354 -5.037273 -2.120556 -0.546409 14.390000 0.000000 0.104769
31.123415 -8.497965 -2.117872 -0.502728 8.620000 0.000000 0.604868
24.913141 -8.286070 -2.114773 -0.520240 13.290000 0.000000 0.149697
23.723860 -14.067406 -2.106823 -0.515332 11.550000 0.000000 0.629745
30.596176 -4.876254 -2.105563 -0.603700 14.050000 0.000000 0.834665
30.829458 -6.959971 -2.104358 -0.556922 12.190000 0.000000 0.184245
31.205826 -10.617366 -2.097738 -0.526396 17.379999 0.000000 0.035088
31.148596 -10.404588 -2.091330 -0.540034 13.750000 0.000000 0.173131
31.103725 -10.584805 -2.090997 -0.526384 21.200001 0.000000 0.035086
31.048578 -9.957709 -2.090944 -0.521125 8.030000 0.000000 0.176803
30.666288 -3.960765 -2.089513 -0.525078 8.770000 0.000000 0.512341
24.486603 -9.453707 -2.088724 -0.541328 9.380000 0.000000 0.356369
30.790327 -6.872094 -2.087551 -0.564860 10.980000 0.000000 0.310020
30.559530 -3.409804 -2.086448 -0.575224 11.270000 0.000000 0.295423
31.046389 -10.372345 -2.084577 -0.540024 13.000000 0.000000 0.173139
31.001616 -10.552239 -2.084255 -0.526372 20.510000 0.000000 0.035083
30.703947 -4.272456 -2.081807 -0.543331 11.820000 0.000000 0.196290
30.679914 -4.330854 -2.079437 -0.523415 12.590000 0.000000 0.523126
37.257275 -2.529839 -2.078884 -0.604103 9.330000 0.000000 0.723338
30.686150 -4.344371 -2.076845 -0.533747 10.870000 0.000000 0.351508
24.845980 -8.105371 -2.075294 -0.533016 7.800000 0.000000 0.043361
37.376072 -2.600849 -2.075230 -0.522846 12.150000 0.000000 0.620744
30.605181 -4.144316 -2.074985 -0.533763 10.750000 0.000000 0.360048
37.276577 -2.487267 -2.074457 -0.563650 8.250000 0.000000 0.052539
30.975239 -6.200517 -2.069860 -0.466366 10.040000 0.000000 1.367726
37.269093 -2.593446 -2.069295 -0.522846 10.570000 0.000000 0.620743
31.221239 -10.342956 -2.067709 -0.513201 17.660000 0.000000 0.279247
30.601086 -4.738361 -2.064348 -0.575545 12.800000 0.000000 0.360594
30.586479 -4.075077 -2.062769 -0.555389 14.440000 0.000000 0.005231
28.839693 -16.035749 -2.062604 -0.563434 8.790000 0.000000 1.286543
27.339418 -16.481604 -2.059583 -0.520683 11.700000 0.000000 0.748943
24.946186 -8.246249 -2.058794 -0.522849 16.219999 0.000000 0.113507
30.495972 -4.180367 -2.053780 -0.604456 14.030000 0.000000 0.812547
30.574644 -4.281834 -2.052544 -0.533382 12.230000 0.000000 0.360058
25.036589 -8.212294 -2.052212 -0.467710 10.550000 0.000000 1.033832
24.916021 -8.207702 -2.049294 -0.543000 15.090000 0.000000 0.216785
30.779736 -6.344058 -2.047540 -0.533312 11.140000 0.000000 0.247833
24.742706 -8.179500 -2.042055 -0.522846 11.170000 0.000000 0.113498
30.540659 -4.557644 -2.039799 -0.603282 13.100000 0.000000 0.810790
27.414499 -16.146294 -2.039750 -0.513593 8.540000 0.000000 0.580871
31.075516 -8.280455 -2.039098 -0.502800 10.800000 0.000000 0.620763
30.434200 -4.508292 -2.038632 -0.533389 9.970000 0.000000 0.348001
30.622471 -4.909563 -2.035790 -0.564229 12.500000 0.000000 0.181507
23.774166 -14.055909 -2.032620 -0.513190 12.310000 0.000000 0.586598
30.657692 -6.694742 -2.026583 -0.567590 10.550000 0.000000 0.344343
31.316422 -10.423815 -2.026206 -0.488375 20.110001 0.000000 0.686520
30.992390 -8.355984 -2.018209 -0.478016 10.130000 0.000000 1.023713
31.231371 -15.961499 -2.009953 -0.532925 7.650000 0.000000 0.620080
30.970478 -7.443767 -2.008873 -0.542022 7.760000 0.000000 0.032272
25.264223 -10.690898 -2.004014 -0.532669 7.640000 0.000000 0.326304
31.387192 -15.867947 -2.002110 -0.543000 9.610000 0.000000 0.767489
30.905037 -10.518531 -1.997746 -0.526360 14.530000 0.000000 0.036449
31.150530 -16.154844 -1.996394 -0.487283 11.460000 0.000000 0.109351
31.260452 -10.417913 -1.995448 -0.495104 14.370000 0.000000 0.574322
30.903175 -8.084539 -1.991768 -0.543000 9.210000 0.000000 0.032699
31.124672 -10.308632 -1.983957 -0.513199 17.990000 0.000000 0.280528
31.288006 -10.553237 -1.980843 -0.543000 14.370000 0.000000 0.229842
30.459698 -3.396678 -1.979883 -0.575222 12.640000 0.000000 0.293654
27.752703 -16.150961 -1.979373 -0.466450 10.160000 0.000000 0.226078
24.753622 -6.659760 -1.977841 -0.522789 7.830000 0.000000 0.276330
31.022747 -10.275407 -1.977488 -0.513196 13.740000 0.000000 0.280529
30.863554 -5.207249 -1.974196 -0.503545 13.470000 0.000000 0.810555
25.214788 -8.323315 -1.973939 -0.467383 8.910000 0.000000 1.035431
30.353109 -3.385511 -1.973051 -0.575220 11.330000 0.000000 0.293651
25.146242 -8.242123 -1.972612 -0.467727 11.400000 0.000000 1.036121
25.163469 -8.135119 -1.971916 -0.467292 12.140000 0.000000 1.055718
30.626263 -3.979573 -1.970161 -0.545765 13.680000 0.000000 0.170659
30.492796 -3.227927 -1.969372 -0.533335 6.980000 0.000000 0.406762
24.851261 -8.212105 -1.969002 -0.522848 15.420000 0.000000 0.115620
23.860075 -13.978235 -1.964630 -0.531479 9.780000 0.000000 0.868669
37.390518 -2.562760 -1.963649 -0.573518 11.050000 0.000000 0.216161
24.824265 -8.220962 -1.963428 -0.541591 9.690000 0.000000 0.196630
37.390060 -2.491822 -1.963355 -0.563651 10.480000 0.000000 0.051237
37.356834 -2.580675 -1.960815 -0.603371 10.600000 0.000000 0.710873
23.859150 -14.029511 -1.958975 -0.496856 12.010000 0.000000 0.303173
23.766798 -13.925548 -1.957068 -0.531460 7.670000 0.000000 0.868654
24.722553 -8.187412 -1.955396 -0.541590 10.550000 0.000000 0.196628
30.885189 -6.355422 -1.954485 -0.522927 12.090000 0.000000 0.421950
30.808493 -6.276386 -1.950496 -0.542673 12.450000 0.000000 0.099051
31.053461 -7.466093 -1.948978 -0.487008 10.470000 0.000000 0.943898
30.821264 -10.594805 -1.948462 -0.543000 11.230000 0.000000 0.248189
24.153528 -10.571252 -1.947970 -0.498764 12.800000 0.000000 0.187431
30.734081 -5.809509 -1.946138 -0.567052 10.680000 0.000000 0.276569
24.874687 -8.208002 -1.945754 -0.525496 13.660000 0.000000 0.073633
30.488869 -4.400617 -1.945719 -0.584022 13.160000 0.000000 0.483071
30.948902 -7.442523 -1.942510 -0.487002 9.670000 0.000000 0.943883
30.362608 -4.406347 -1.942114 -0.604496 12.440000 0.000000 0.823304
31.237597 -8.803929 -1.939208 -0.467796 8.270000 0.000000 1.164064
31.043781 -8.000236 -1.936824 -0.502893 11.180000 0.000000 0.641460
30.799622 -7.255219 -1.933115 -0.522560 9.680000 0.000000 0.366037
30.581360 -6.036236 -1.931997 -0.567199 10.070000 0.000000 0.294670
30.777489 -6.750274 -1.927473 -0.556808 12.530000 0.000000 0.166219
26.367035 -8.938992 -1.921102 -0.513056 8.850000 0.000000 0.256854
31.140991 -15.912873 -1.921060 -0.532915 13.920000 0.000000 0.618788
31.322168 -10.359406 -1.920150 -0.468682 20.980000 0.000000 1.019871
31.297012 -15.818707 -1.914735 -0.452500 11.310000 0.000000 0.732150
31.219774 -10.327639 -1.913960 -0.468672 17.200001 0.000000 1.019848
31.221254 -10.390217 -1.912655 -0.488365 20.240000 0.000000 0.688238
31.118927 -10.358254 -1.906472 -0.488354 15.840000 0.000000 0.688231
31.954390 -7.032297 -1.906400 -0.522807 8.860000 0.000000 0.396448
29.851273 -12.209755 -1.892261 -0.428534 9.540000 0.000000 1.449727
31.165432 -10.383114 -1.885588 -0.495100 15.570000 0.000000 0.575986
24.748100 -8.261706 -1.881479 -0.513931 9.270000 0.000000 0.255457
31.063499 -10.349874 -1.879451 -0.495097 12.390000 0.000000 0.575970
25.067614 -8.103505 -1.877022 -0.467277 10.680000 0.000000 1.057820
30.410845 -3.398345 -1.874052 -0.545456 12.600000 0.000000 0.200504
31.193203 -10.517467 -1.872676 -0.543000 21.629999 0.000000 0.228223
30.535896 -2.748784 -1.871022 -0.543000 8.220000 0.000000 0.265571
30.844734 -5.319988 -1.870700 -0.485998 11.050000 0.000000 1.096179
30.708988 -5.304595 -1.868708 -0.556389 11.780000 0.000000 0.069818
30.585009 -4.441159 -1.868638 -0.543286 11.930000 0.000000 0.191346
23.952114 -14.002290 -1.867744 -0.480512 10.450000 0.000000 0.018627
27.568682 -16.232021 -1.866867 -0.484575 8.450000 0.000000 0.097542
31.091597 -10.483209 -1.866576 -0.543000 23.520000 0.000000 0.228223
23.881111 -14.109337 -1.866333 -0.513203 11.690000 0.000000 0.582449
30.422539 -2.972584 -1.864798 -0.603571 7.610000 0.000000 0.745415
23.859222 -13.948870 -1.860548 -0.480504 12.220000 0.000000 0.018629
30.989988 -10.448951 -1.860476 -0.543000 21.040001 0.000000 0.228223
30.849682 -6.319577 -1.860474 -0.556533 10.220000 0.000000 0.131328
23.938883 -13.971536 -1.859506 -0.433336 10.840000 0.000000 0.766048
30.493162 -4.057644 -1.859500 -0.555388 12.220000 0.000000 0.008575
31.173998 -7.361734 -1.854233 -0.466992 12.070000 0.000000 1.286170
23.846165 -13.917809 -1.852325 -0.433332 10.920000 0.000000 0.766055
31.217396 -7.640175 -1.852006 -0.467144 8.860000 0.000000 1.264537
37.355782 -2.386518 -1.849623 -0.554480 9.510000 0.000000 0.103920
27.441525 -16.469622 -1.849573 -0.515944 11.630000 0.000000 0.658150
27.456608 -16.576031 -1.847923 -0.532020 10.510000 0.000000 0.937190
27.483688 -16.369736 -1.847357 -0.497476 11.600000 0.000000 0.335769
30.626160 -5.627536 -1.844484 -0.546297 7.170000 0.000000 0.078100
27.348753 -16.415855 -1.843387 -0.515927 11.000000 0.000000 0.658124
30.573599 -11.747526 -1.842299 -0.547584 12.380000 0.000000 0.443036
30.594627 -4.990348 -1.839819 -0.603274 13.200000 0.000000 0.829571
30.823101 -7.354668 -1.832743 -0.525929 8.220000 0.000000 0.304926
30.676149 -5.918461 -1.830809 -0.584279 11.160000 0.000000 0.567483
31.274849 -9.085494 -1.830561 -0.467955 9.430000 0.000000 1.140872
26.297855 -9.686941 -1.829597 -0.514971 8.050000 0.000000 0.141260
30.658188 -5.868902 -1.827257 -0.603262 11.800000 0.000000 0.878929
31.465420 -10.402876 -1.823693 -0.468682 10.370000 0.000000 1.021476
30.937872 -7.318084 -1.823451 -0.514531 9.130000 0.000000 0.498428
30.913219 -6.890438 -1.822151 -0.564861 12.220000 0.000000 0.305460
24.903973 -8.148621 -1.812750 -0.513902 12.260000 0.000000 0.276015
31.184008 -10.449071 -1.811834 -0.558574 8.930000 0.000000 0.479450
31.309664 -10.543714 -1.805893 -0.501853 15.710000 0.000000 0.455087
31.260403 -16.059641 -1.803554 -0.433274 11.550000 0.000000 1.022567
31.215666 -16.064346 -1.799178 -0.450710 10.040000 0.000000 0.730793
31.044365 -9.972316 -1.798749 -0.502070 8.110000 0.000000 0.494682
31.158194 -16.232822 -1.797367 -0.515284 11.140000 0.000000 0.360660
30.964394 -9.053322 -1.788507 -0.513109 9.610000 0.000000 0.388740
30.940754 -8.956851 -1.787639 -0.565706 9.960000 0.000000 0.474683
30.523535 -3.407612 -1.781442 -0.545457 16.350000 0.000000 0.202075
30.466780 -3.435930 -1.771929 -0.555094 11.770000 0.000000 0.041221
30.398439 -3.361385 -1.768886 -0.604314 10.800000 0.000000 0.771062
25.821102 -9.896595 -1.768635 -0.452500 10.190000 0.000000 1.130997
30.975948 -10.224944 -1.763335 -0.541635 8.120000 0.000000 0.184576
31.885080 -8.394169 -1.755920 -0.574440 11.460000 0.000000 0.553410
27.583456 -16.422735 -1.752479 -0.497488 10.400000 0.000000 0.334036
27.480501 -16.361517 -1.751981 -0.474579 11.400000 0.000000 0.045193
27.500986 -16.302559 -1.751376 -0.532087 8.760000 0.000000 0.897547
31.781229 -8.367384 -1.750219 -0.574437 14.780000 0.000000 0.553402
31.075703 -7.336656 -1.743998 -0.466986 11.790000 0.000000 1.287730
24.907862 -9.548249 -1.734871 -0.559363 8.200000 0.000000 0.639021
30.896940 -7.293653 -1.732098 -0.503099 8.850000 0.000000 0.689890
30.798954 -6.675144 -1.731743 -0.516923 10.110000 0.000000 0.502178
26.245869 -5.953193 -1.724275 -0.533300 8.340000 0.000000 0.205811
26.187025 -5.722272 -1.724094 -0.533307 7.820000 0.000000 0.223103
26.135954 -9.792634 -1.722030 -0.495233 7.590000 0.000000 0.450631
24.084587 -13.837680 -1.717165 -0.531600 10.170000 0.000000 0.825844
31.534060 -10.502017 -1.715891 -0.468301 14.570000 0.000000 1.022223
24.436796 -10.497767 -1.708484 -0.499016 11.060000 0.000000 0.214303
31.355753 -15.926696 -1.707132 -0.513693 10.570000 0.000000 0.287768
23.972658 -14.081662 -1.703248 -0.496873 10.430000 0.000000 0.297234
31.259800 -15.878754 -1.701921 -0.513687 11.990000 0.000000 0.287758
31.299990 -16.054718 -1.699883 -0.479566 11.700000 0.000000 0.259864
31.124495 -10.374435 -1.693802 -0.468259 8.140000 0.000000 1.022120
31.213966 -10.509430 -1.693318 -0.501843 18.020000 0.000000 0.456623
27.678768 -16.096313 -1.693061 -0.466435 8.270000 0.000000 0.230954
27.567886 -16.425657 -1.691119 -0.481862 11.000000 0.000000 0.076316
31.171700 -16.009409 -1.689324 -0.433272 10.390000 0.000000 1.024080
31.044090 -9.295230 -1.688551 -0.603266 7.790000 0.000000 1.121053
30.635971 -3.416830 -1.688152 -0.545459 15.270000 0.000000 0.203532
31.020092 -9.263611 -1.686577 -0.513124 10.800000 0.000000 0.373489
31.275858 -10.469222 -1.685948 -0.515132 16.080000 0.000000 0.242226
31.172924 -10.072471 -1.683664 -0.574904 15.320000 0.000000 0.715040
31.069696 -16.182220 -1.682822 -0.515281 10.730000 0.000000 0.359149
31.173862 -10.436038 -1.680472 -0.515127 19.010000 0.000000 0.242222
31.268381 -10.452826 -1.679650 -0.566373 21.250000 0.000000 0.604852
31.071878 -10.402861 -1.674996 -0.515122 17.450001 0.000000 0.242217
31.166517 -10.419239 -1.674189 -0.566370 21.459999 0.000000 0.604845
30.483595 -3.521370 -1.673963 -0.545514 7.170000 0.000000 0.197804
30.561138 -3.777396 -1.673110 -0.545656 12.140000 0.000000 0.185173
30.435762 -3.622385 -1.670826 -0.565814 7.240000 0.000000 0.142705
30.363398 -3.542704 -1.670540 -0.606213 12.640000 0.000000 0.808676
31.952446 -7.926156 -1.668892 -0.557387 11.460000 0.000000 0.234501
31.064657 -10.385651 -1.668728 -0.566367 17.230000 0.000000 0.604837
24.966232 -5.613706 -1.665973 -0.466359 7.950000 0.000000 1.317855
31.000967 -10.299526 -1.664570 -0.514058 17.780001 0.000000 0.267128
31.054928 -10.417934 -1.664419 -0.522941 22.700001 0.000000 0.110975
31.848158 -7.901141 -1.663465 -0.557383 13.910000 0.000000 0.234496
25.416374 -10.172751 -1.661283 -0.567152 7.590000 0.000000 0.818485
30.624201 -5.269371 -1.660707 -0.556438 14.350000 0.000000 0.066749
30.696692 -5.477365 -1.660679 -0.556529 14.390000 0.000000 0.079314
30.953180 -10.384010 -1.658970 -0.522940 17.469999 0.000000 0.110973
31.743853 -7.876127 -1.658038 -0.557380 12.100000 0.000000 0.234509
30.680141 -5.558686 -1.656898 -0.556232 14.960000 0.000000 0.079251
30.738838 -5.830983 -1.654834 -0.556341 14.310000 0.000000 0.096523
30.807682 -6.040818 -1.654600 -0.556424 13.020000 0.000000 0.109875
26.071466 -10.013884 -1.653080 -0.515015 8.040000 0.000000 0.095482
30.492184 -4.529771 -1.648494 -0.573734 12.960000 0.000000 0.314902
25.970951 -9.976583 -1.646763 -0.515006 7.710000 0.000000 0.095476
31.021252 -7.121576 -1.640579 -0.466873 9.950000 0.000000 1.305004
30.936222 -6.317432 -1.633159 -0.522797 10.130000 0.000000 0.431465
31.142532 -3.101931 -1.625573 -0.464780 9.850000 0.000000 1.554272
30.901819 -7.045664 -1.624358 -0.514480 10.120000 0.000000 0.520269
24.604801 -10.581971 -1.623994 -0.427407 9.420000 0.000000 1.399878
25.575472 -9.915548 -1.612131 -0.513094 9.850000 0.000000 0.116372
23.751328 -14.075151 -1.605265 -0.515174 9.350000 0.000000 0.617976
24.145023 -10.488107 -1.605207 -0.524943 16.600000 0.000000 0.229198
24.002869 -13.751251 -1.601660 -0.452500 11.430000 0.000000 0.491226
31.233109 -10.404391 -1.591903 -0.468269 18.309999 0.000000 1.023624
31.214062 -16.131021 -1.590564 -0.516143 9.010000 0.000000 0.358402
31.210848 -16.004637 -1.585292 -0.479562 8.110000 0.000000 0.261305
31.395580 -10.355467 -1.581635 -0.541637 23.690001 0.000000 0.181741
31.117916 -10.475062 -1.581389 -0.501833 15.850000 0.000000 0.458065
36.303497 -6.962025 -1.581005 -0.514356 8.220000 0.000000 0.598127
27.663105 -16.284990 -1.579402 -0.487912 11.210000 0.000000 0.149467
31.022188 -16.268070 -1.577279 -0.516160 9.160000 0.000000 0.385428
31.210659 -10.364765 -1.573047 -0.514061 22.900000 0.000000 0.268517
31.264362 -10.483962 -1.572867 -0.522943 19.580000 0.000000 0.112357
30.525482 -3.816174 -1.572787 -0.565919 12.630000 0.000000 0.150956
31.017063 -9.719521 -1.570939 -0.543000 10.590000 0.000000 0.159094
31.233574 -10.503413 -1.569798 -0.541608 22.160000 0.000000 0.199358
31.108757 -10.331238 -1.567915 -0.514060 22.760000 0.000000 0.268506
31.162590 -10.450045 -1.567750 -0.522942 23.320000 0.000000 0.112355
31.131861 -10.469316 -1.564687 -0.541607 15.520000 0.000000 0.199351
30.968699 -10.350242 -1.561148 -0.566365 8.370000 0.000000 0.603458
24.452114 -10.413975 -1.560579 -0.488236 12.660000 0.000000 0.407104
31.030148 -10.435218 -1.559576 -0.541607 9.360000 0.000000 0.199361
30.917595 -5.656270 -1.559352 -0.503481 13.580000 0.000000 0.792263
30.761663 -5.748189 -1.554839 -0.556647 13.370000 0.000000 0.095171
30.613756 -5.348982 -1.554146 -0.556149 13.200000 0.000000 0.065293
24.347916 -10.456251 -1.549773 -0.498993 14.200000 0.000000 0.217538
30.854044 -6.076670 -1.547251 -0.523012 13.380000 0.000000 0.442936
24.249062 -10.527052 -1.546316 -0.524973 15.940000 0.000000 0.227848
30.768345 -5.938765 -1.540902 -0.546987 11.660000 0.000000 0.053479
25.937443 -9.931892 -1.539490 -0.452500 10.210000 0.000000 1.135623
30.745478 -6.039318 -1.534916 -0.533424 12.040000 0.000000 0.271615
30.928881 -7.270700 -1.527199 -0.522566 10.130000 0.000000 0.372102
30.799631 -6.473499 -1.524191 -0.522799 12.540000 0.000000 0.420676
30.878325 -7.722037 -1.520496 -0.557087 10.490000 0.000000 0.233174
36.901375 -6.957568 -1.520408 -0.556427 8.220000 0.000000 0.091777
30.888678 -8.120543 -1.514054 -0.557653 13.400000 0.000000 0.272543
24.082581 -11.861558 -1.512076 -0.435360 9.970000 0.000000 1.060070
31.290989 -9.158269 -1.511363 -0.467613 10.190000 0.000000 1.144427
30.867470 -8.194587 -1.510554 -0.557269 7.670000 0.000000 0.272345
23.791691 -13.893462 -1.508847 -0.480496 9.080000 0.000000 0.011254
30.846519 -9.072545 -1.493092 -0.558035 11.900000 0.000000 0.356430
31.008535 -9.162657 -1.483828 -0.565796 10.100000 0.000000 0.488315
31.318203 -10.396362 -1.475382 -0.514063 18.420000 0.000000 0.269809
26.114021 -10.112426 -1.474624 -0.532894 8.640000 0.000000 0.207731
30.451141 -3.796199 -1.471330 -0.606344 13.110000 0.000000 0.818672
31.289642 -10.759068 -1.466132 -0.522958 9.710000 0.000000 0.088830
27.419117 -16.411087 -1.460665 -0.513611 11.180000 0.000000 0.609811
30.919659 -10.549928 -1.455775 -0.515152 10.630000 0.000000 0.225599
30.695171 -5.217877 -1.454123 -0.533603 12.490000 0.000000 0.317294
30.835669 -5.617142 -1.453482 -0.523148 14.150000 0.000000 0.469145
25.064915 -8.308892 -1.453231 -0.520259 11.970000 0.000000 0.165044
30.469425 -4.530607 -1.451978 -0.603281 11.520000 0.000000 0.802029
30.771049 -5.840735 -1.442156 -0.556303 12.430000 0.000000 0.093715
24.258890 -10.606021 -1.441870 -0.560233 10.710000 0.000000 0.820213
30.856028 -6.057416 -1.440675 -0.533426 13.000000 0.000000 0.272856
30.785925 -5.880896 -1.439622 -0.603264 8.970000 0.000000 0.873474
25.570889 -10.125727 -1.438235 -0.575180 10.950000 0.000000 0.934861
30.940002 -6.407013 -1.437978 -0.514356 11.990000 0.000000 0.567645
24.100309 -10.480286 -1.435193 -0.551650 7.400000 0.000000 0.670488
25.470831 -10.087123 -1.432633 -0.575172 10.890000 0.000000 0.934853
24.275370 -10.330057 -1.426222 -0.543000 16.530001 0.000000 0.496705
37.149780 -2.812085 -1.407737 -0.563160 12.730000 0.000000 0.046187
31.381809 -9.305476 -1.406661 -0.468091 7.890000 0.000000 1.127538
30.854933 -8.113041 -1.402524 -0.541652 10.240000 0.000000 0.006658
31.116816 -9.190648 -1.387271 -0.565799 10.790000 0.000000 0.487111
30.898308 -9.291371 -1.384467 -0.558123 7.580000 0.000000 0.374058
27.582369 -16.228830 -1.373218 -0.487903 11.410000 0.000000 0.146514
27.517603 -16.464018 -1.365123 -0.513620 11.530000 0.000000 0.608384
30.680502 -5.938823 -1.335545 -0.604748 13.540000 0.000000 0.901865
30.750078 -6.142124 -1.334490 -0.604780 13.050000 0.000000 0.914174
30.699884 -6.431233 -1.327370 -0.542576 12.120000 0.000000 0.096533
30.847050 -7.438326 -1.314199 -0.556979 12.950000 0.000000 0.209121
30.275692 -3.523074 -1.295345 -0.606211 8.290000 0.000000 0.804027
31.023317 -8.658176 -1.292194 -0.604111 12.000000 0.000000 1.079229
27.817343 -16.426657 -1.291241 -0.440660 8.430000 0.000000 0.628569
24.309029 -10.559689 -1.276485 -0.551687 14.560000 0.000000 0.667415
24.209898 -10.518705 -1.271310 -0.551669 13.160000 0.000000 0.667398
29.788025 -12.160590 -1.265382 -0.428524 9.700000 0.000000 1.458534
30.933485 -6.257244 -1.265200 -0.533428 12.720000 0.000000 0.262928
30.638670 -6.000765 -1.257459 -0.556405 12.180000 0.000000 0.105117
30.929270 -6.687064 -1.255582 -0.516927 11.540000 0.000000 0.508217
30.707901 -6.445914 -1.250835 -0.522799 11.480000 0.000000 0.423795
30.708326 -6.976198 -1.239224 -0.546709 12.740000 0.000000 0.007892
30.745955 -7.413347 -1.231342 -0.556970 12.830000 0.000000 0.208277
30.617220 -4.067030 -1.224317 -0.566060 14.610000 0.000000 0.160302
31.020100 -8.446364 -1.221115 -0.513738 12.660000 0.000000 0.434446
30.628733 -4.691747 -1.208643 -0.555884 10.690000 0.000000 0.021835
24.524063 -10.423059 -1.200024 -0.495552 9.800000 0.000000 0.293474
24.487610 -10.410196 -1.191171 -0.543000 9.490000 0.000000 0.492391
24.160124 -10.324964 -1.185676 -0.560045 12.330000 0.000000 0.781954
24.175251 -10.560706 -1.182438 -0.560217 13.850000 0.000000 0.815683
30.798119 -6.206507 -1.181854 -0.556850 13.450000 0.000000 0.122758
27.605370 -16.345478 -1.169258 -0.480999 9.020000 0.000000 0.044406
31.082811 -8.563126 -1.146068 -0.522857 10.880000 0.000000 0.276111
24.197689 -10.430592 -1.095104 -0.514437 15.140000 0.000000 0.037920
27.510344 -16.363901 -1.068766 -0.481840 11.920000 0.000000 0.067678
24.433847 -10.378934 -1.027376 -0.495543 14.290000 0.000000 0.296009
24.397583 -10.365170 -1.022541 -0.543000 15.370000 0.000000 0.489921
25.018808 -8.121275 -1.019021 -0.533025 13.140000 0.000000 0.022026
24.435766 -10.311534 -0.945048 -0.532571 14.860000 0.000000 0.307369
25.202013 -11.988181 -0.944512 -0.452500 8.100000 0.000000 0.840263
24.492035 -10.497598 -0.943269 -0.485683 10.810000 0.000000 0.447517
24.421474 -10.452540 -0.941557 -0.514984 10.110000 0.000000 0.035654
24.336390 -10.270999 -0.941183 -0.532559 14.920000 0.000000 0.307356
24.306259 -10.293835 -0.938318 -0.477502 15.040000 0.000000 0.599508
24.322256 -10.411621 -0.937707 -0.514971 13.650000 0.000000 0.035645
24.294291 -10.457872 -0.934926 -0.575330 14.960000 0.000000 1.042788
24.408211 -10.333815 -0.879954 -0.477507 14.910000 0.000000 0.600301
24.341660 -10.334901 -0.876913 -0.495534 15.370000 0.000000 0.297945
24.225958 -10.369348 -0.870912 -0.514959 12.230000 0.000000 0.034848
24.198189 -10.415077 -0.868650 -0.575320 15.290000 0.000000 1.041980
38.402168 -2.575759 -4.771741 -0.533278 11.600000 0.000000 0.400492
46.277176 -2.317434 -4.627672 -0.524271 9.400000 0.000000 0.584361
45.955044 -0.531211 -3.790292 -0.562167 16.430000 0.000000 0.011649
46.077080 -2.404279 -3.757008 -0.574967 13.900000 0.000000 0.242869
38.316380 -2.937080 -3.446788 -0.604158 10.810000 0.000000 0.751197
45.914162 -1.880612 -3.436671 -0.604988 14.410000 0.000000 0.728758
45.955658 -3.042171 -3.435190 -0.575213 12.030000 0.000000 0.253117
45.945339 -1.578697 -3.432070 -0.603895 12.440000 0.000000 0.706982
46.071526 -1.934017 -3.298518 -0.544486 12.640000 0.000000 0.274253
46.138500 -2.929071 -3.293864 -0.524469 13.560000 0.000000 0.591118
38.380894 -2.979663 -3.249932 -0.555137 13.410000 0.000000 0.063243
46.738598 -1.913097 -3.214587 -0.542684 16.000000 0.000000 0.306240
46.116249 -1.650295 -3.214345 -0.554524 13.360000 0.000000 0.112544
46.018017 -1.368274 -3.213499 -0.554428 11.260000 0.000000 0.117085
46.196037 -2.306370 -3.206150 -0.554752 14.200000 0.000000 0.100557
46.134628 -1.897579 -3.196868 -0.574457 15.830000 0.000000 0.220215
46.027565 -1.893418 -3.189528 -0.574457 14.470000 0.000000 0.220219
46.137615 -2.013512 -3.158380 -0.543000 19.040001 0.000000 0.299590
46.196323 -1.932883 -3.048686 -0.544487 12.370000 0.000000 0.277318
46.070335 -1.600660 -3.041281 -0.544296 12.660000 0.000000 0.284378
46.049644 -1.876310 -3.041032 -0.604988 16.719999 0.000000 0.723781
46.125832 -2.012691 -3.039250 -0.564638 12.370000 0.000000 0.057329
46.254368 -2.015180 -3.022575 -0.543000 16.610001 0.000000 0.301246
46.082951 -1.960297 -3.016007 -0.522884 17.770000 0.000000 0.634866
38.294418 -2.967136 -2.990860 -0.555136 15.640000 0.000000 0.067637
38.350967 -2.879986 -2.963912 -0.544891 15.350000 0.000000 0.239898
47.088482 -1.722818 -2.956444 -0.572262 17.410000 0.000000 0.178021
38.244160 -2.872249 -2.955747 -0.544891 12.950000 0.000000 0.239890
46.228851 -1.692476 -2.902791 -0.572261 18.740000 0.000000 0.178021
46.065083 -1.391839 -2.897403 -0.554080 12.190000 0.000000 0.126185
46.176880 -1.874639 -2.895707 -0.544382 13.610000 0.000000 0.281402
46.042305 -1.640449 -2.894742 -0.564508 10.350000 0.000000 0.049172
46.103500 -1.670950 -2.889199 -0.583632 15.280000 0.000000 0.366034
46.205200 -1.820157 -2.886713 -0.563561 16.530001 0.000000 0.035349
46.098099 -1.815989 -2.880036 -0.563561 14.960000 0.000000 0.035350
45.898472 -1.872411 -2.868520 -0.542684 17.070000 0.000000 0.309504
38.130577 -3.025204 -2.853918 -0.563012 15.990000 0.000000 0.062505
40.100079 -9.439723 -2.849336 -0.514722 9.410000 0.000000 0.492240
45.369202 -1.662134 -2.849136 -0.572261 15.670000 0.000000 0.178038
38.230682 -2.682890 -2.840118 -0.565053 10.330000 0.000000 0.087900
38.134811 -2.879256 -2.834624 -0.605598 14.390000 0.000000 0.763826
38.259815 -2.917458 -2.829976 -0.604158 15.910000 0.000000 0.740442
38.174339 -2.607508 -2.829740 -0.604106 16.270000 0.000000 0.732847
38.256485 -2.745566 -2.827277 -0.533294 13.950000 0.000000 0.436808
45.048553 -1.574126 -2.821183 -0.542698 14.800000 0.000000 0.312411
38.194382 -2.637071 -2.820523 -0.573519 17.850000 0.000000 0.226868
38.106434 -2.330971 -2.820090 -0.573505 13.860000 0.000000 0.220475
45.942364 -4.845697 -2.818000 -0.555102 10.730000 0.000000 0.048353
40.987347 -21.597048 -2.796671 -0.499381 12.800000 0.000000 0.121558
46.251438 -2.010948 -2.752609 -0.564638 12.470000 0.000000 0.054174
46.305523 -2.298799 -2.751907 -0.544624 13.160000 0.000000 0.273368
46.098972 -1.567585 -2.749102 -0.603895 12.980000 0.000000 0.698944
46.184227 -1.739575 -2.747615 -0.533206 12.520000 0.000000 0.469577
46.276745 -2.106493 -2.745342 -0.533231 13.700000 0.000000 0.464673
46.209297 -1.943278 -2.744284 -0.583651 15.480000 0.000000 0.368071
46.182571 -1.921586 -2.740389 -0.603407 15.570000 0.000000 0.694887
46.108994 -1.890301 -2.737739 -0.573485 15.600000 0.000000 0.199133
46.081398 -1.782792 -2.734107 -0.603513 15.000000 0.000000 0.694980
46.075451 -1.917200 -2.734049 -0.603407 15.970000 0.000000 0.694888
46.708061 -4.089357 -2.725172 -0.561721 14.990000 0.000000 0.040590
38.248726 -2.766188 -2.710782 -0.554587 15.680000 0.000000 0.085498
47.584892 -0.551315 -2.705749 -0.532782 16.770000 0.000000 0.488841
38.173565 -2.510306 -2.704506 -0.533278 10.100000 0.000000 0.443770
38.169567 -2.653120 -2.695540 -0.603372 17.540001 0.000000 0.719709
38.081703 -2.347766 -2.695426 -0.603379 14.180000 0.000000 0.713635
45.894714 -4.648334 -2.672273 -0.604361 11.900000 0.000000 0.761068
40.086166 -7.809034 -2.658979 -0.485051 11.450000 0.000000 1.068879
46.713497 -1.180751 -2.642429 -0.532770 17.139999 0.000000 0.484128
38.295841 -2.926604 -2.628195 -0.545027 9.570000 0.000000 0.241394
46.261974 -1.716748 -2.623444 -0.554473 15.490000 0.000000 0.118984
46.162426 -1.569191 -2.622167 -0.554569 13.310000 0.000000 0.118994
38.178040 -2.630641 -2.619036 -0.544794 10.450000 0.000000 0.251755
46.154823 -1.713126 -2.617418 -0.554473 15.510000 0.000000 0.118979
38.097099 -2.370108 -2.615926 -0.604067 13.180000 0.000000 0.724310
38.282810 -2.658597 -2.612864 -0.603372 16.440001 0.000000 0.718382
46.301579 -1.872571 -2.609350 -0.544382 15.080000 0.000000 0.284357
46.331734 -1.895814 -2.605219 -0.573486 13.590000 0.000000 0.197735
46.324928 -1.944570 -2.605088 -0.583651 12.750000 0.000000 0.366653
46.224594 -1.891510 -2.599209 -0.573485 15.830000 0.000000 0.197720
46.196941 -1.783812 -2.596576 -0.603513 17.270000 0.000000 0.693578
46.085571 -1.732526 -2.596393 -0.533206 13.420000 0.000000 0.470994
46.200653 -1.762847 -2.594709 -0.542808 14.960000 0.000000 0.311781
46.216553 -1.955671 -2.592448 -0.522884 18.549999 0.000000 0.639322
46.093502 -1.758769 -2.588694 -0.542808 16.080000 0.000000 0.311781
45.993771 -1.864888 -2.584785 -0.561601 16.510000 0.000000 0.000730
46.560249 -4.006907 -2.573497 -0.532687 17.139999 0.000000 0.442899
38.913132 -2.991951 -2.563282 -0.563134 16.500000 0.000000 0.057395
40.295284 -8.787826 -2.534280 -0.467073 9.900000 0.000000 1.321970
46.795601 -0.687624 -2.524858 -0.562294 17.459999 0.000000 0.000427
38.055317 -2.931380 -2.507705 -0.563126 17.100000 0.000000 0.057402
38.190380 -2.225457 -2.504212 -0.554406 12.890000 0.000000 0.102486
45.935184 -0.677034 -2.478742 -0.562293 15.480000 0.000000 0.000426
46.065243 -1.427078 -2.468730 -0.554383 12.360000 0.000000 0.124896
46.305096 -2.032351 -2.450781 -0.542788 17.879999 0.000000 0.310117
46.021751 -1.657839 -2.448893 -0.583632 12.390000 0.000000 0.361785
45.755024 -1.516542 -2.437483 -0.621552 17.180000 0.000000 0.988159
46.044388 -4.380943 -2.393854 -0.604319 12.960000 0.000000 0.751142
38.132118 -2.893878 -2.388156 -0.555200 9.320000 0.000000 0.076453
38.170383 -2.438447 -2.380757 -0.564952 9.180000 0.000000 0.074814
46.912251 -0.555684 -2.371347 -0.563507 15.740000 0.000000 0.017430
38.059597 -2.862279 -2.368351 -0.605597 11.050000 0.000000 0.757165
45.123978 -20.284494 -2.348866 -0.556628 11.790000 0.000000 0.798954
46.271778 -1.940687 -2.318918 -0.554704 12.630000 0.000000 0.115045
46.071377 -1.559423 -2.317030 -0.554569 11.560000 0.000000 0.121651
39.526070 -0.860632 -2.257016 -0.554292 14.810000 0.000000 0.129015
38.212780 -2.911258 -2.253095 -0.545026 9.090000 0.000000 0.246323
40.153221 -3.026123 -2.231719 -0.513604 11.990000 0.000000 0.768752
40.208393 -10.652678 -2.219595 -0.518004 9.590000 0.000000 0.376940
46.995937 -2.078497 -2.195172 -0.522783 16.730000 0.000000 0.643384
46.346268 -1.950834 -2.166676 -0.522884 16.400000 0.000000 0.642972
46.032944 -1.873526 -2.154416 -0.573485 13.100000 0.000000 0.194033
38.367416 -2.784004 -2.151078 -0.554950 17.020000 0.000000 0.086445
39.916245 -7.999392 -2.110653 -0.513460 10.310000 0.000000 0.593464
40.107105 -10.461473 -2.086509 -0.547424 10.660000 0.000000 0.099261
40.260765 -20.676952 -2.043710 -0.478042 15.580000 0.000000 0.283732
45.225964 -21.053677 -2.021700 -0.559599 14.410000 0.000000 0.899889
38.267414 -2.774204 -2.019803 -0.554949 16.000000 0.000000 0.087838
40.182625 -7.986712 -2.011517 -0.466455 11.360000 0.000000 1.375894
39.493145 -20.286961 -2.004785 -0.478020 15.300000 0.000000 0.283720
40.416981 -3.449263 -1.978487 -0.603569 10.200000 0.000000 0.727590
39.840420 -2.454087 -1.977666 -0.523482 13.150000 0.000000 0.618881
38.725540 -19.896967 -1.965860 -0.477997 10.780000 0.000000 0.283711
40.181820 -10.381468 -1.958043 -0.517899 11.890000 0.000000 0.396516
38.391586 -2.662676 -1.903331 -0.555103 8.670000 0.000000 0.089148
38.284569 -2.655893 -1.898046 -0.555102 7.550000 0.000000 0.089150
40.057983 -8.140178 -1.868058 -0.503643 13.800000 0.000000 0.752625
40.126736 -2.522924 -1.862674 -0.555015 15.340000 0.000000 0.096915
39.903526 -8.360408 -1.855644 -0.503610 10.170000 0.000000 0.740679
39.558540 -2.120958 -1.842737 -0.543467 18.760000 0.000000 0.294864
39.517155 -2.281717 -1.835838 -0.554409 11.920000 0.000000 0.110806
39.763542 -4.012780 -1.809541 -0.513771 10.480000 0.000000 0.743997
39.719830 -4.365755 -1.801065 -0.545555 16.400000 0.000000 0.207385
40.222893 -3.281169 -1.751628 -0.523566 13.930000 0.000000 0.602401
40.354897 -8.182119 -1.749897 -0.466782 12.050000 0.000000 1.364788
40.360947 -3.657077 -1.749642 -0.555385 8.740000 0.000000 0.066720
39.541023 -2.008588 -1.748625 -0.543000 11.980000 0.000000 0.305269
40.134022 -9.907825 -1.701785 -0.533183 11.090000 0.000000 0.171953
38.858425 -2.935407 -1.697350 -0.563177 15.260000 0.000000 0.047929
39.485020 -0.403115 -1.689506 -0.543000 14.000000 0.000000 0.325186
40.223999 -10.710704 -1.689503 -0.487954 12.080000 0.000000 0.875335
40.047638 -2.185960 -1.669176 -0.554882 16.090000 0.000000 0.106706
38.192467 -2.872226 -1.668543 -0.574920 13.320000 0.000000 0.242059
38.016407 -2.642451 -1.665601 -0.563084 16.459999 0.000000 0.041212
39.652248 -2.012007 -1.661302 -0.543000 14.330000 0.000000 0.306002
40.033489 -7.086322 -1.659585 -0.516561 9.080000 0.000000 0.589049
40.197327 -3.137729 -1.654839 -0.555055 12.750000 0.000000 0.085004
40.302746 -7.916240 -1.653590 -0.466657 13.830000 0.000000 1.379760
40.197258 -7.896562 -1.649239 -0.466655 12.010000 0.000000 1.379744
39.620064 -2.380645 -1.649014 -0.514615 15.870000 0.000000 0.769420
40.174335 -8.155655 -1.642518 -0.503646 13.550000 0.000000 0.754607
39.704144 -4.289291 -1.610715 -0.545483 14.270000 0.000000 0.212214
45.357800 -20.851902 -1.599063 -0.489695 12.750000 0.000000 0.278786
39.783806 -5.070250 -1.594205 -0.555803 12.440000 0.000000 0.016901
40.332676 -10.734873 -1.593128 -0.487958 12.760000 0.000000 0.876165
38.235142 -2.690298 -1.581928 -0.533753 13.110000 0.000000 0.444416
44.786076 -20.969215 -1.570570 -0.539828 13.410000 0.000000 0.579855
40.605549 -1.997490 -1.570146 -0.564727 14.480000 0.000000 0.051825
38.601719 -8.484704 -1.564003 -0.554857 15.040000 0.000000 0.127232
39.567291 -0.668533 -1.552804 -0.554168 14.490000 0.000000 0.139116
40.100761 -7.954406 -1.544570 -0.486738 13.430000 0.000000 1.044181
39.596878 -1.891309 -1.537803 -0.522874 13.850000 0.000000 0.642011
40.283016 -3.470202 -1.519149 -0.555178 11.010000 0.000000 0.076183
39.595219 -2.605363 -1.511009 -0.554868 12.420000 0.000000 0.099440
40.238823 -20.189993 -1.488757 -0.458249 10.230000 0.000000 0.655405
40.043484 -20.332174 -1.476284 -0.484417 13.840000 0.000000 0.201266
45.290356 -21.020666 -1.476202 -0.461057 18.299999 0.000000 0.738478
40.015667 -20.480057 -1.473525 -0.492391 14.140000 0.000000 0.055094
40.038654 -20.520945 -1.472673 -0.484556 13.820000 0.000000 0.182276
40.262516 -20.992167 -1.470491 -0.452500 9.460000 0.000000 0.681964
44.894531 -20.538568 -1.468830 -0.531163 12.540000 0.000000 0.399927
39.888409 -20.436186 -1.467969 -0.535445 11.720000 0.000000 0.659611
45.141331 -21.109280 -1.467503 -0.548900 18.250000 0.000000 0.727729
44.945564 -20.963903 -1.461815 -0.477375 15.030000 0.000000 0.460554
44.871662 -20.965193 -1.458437 -0.565729 15.030000 0.000000 1.005008
38.330669 -2.925047 -1.457142 -0.533785 13.790000 0.000000 0.439591
38.162128 -2.657802 -1.457108 -0.544931 7.720000 0.000000 0.260801
38.174362 -2.653296 -1.455434 -0.524515 9.060000 0.000000 0.598959
38.133175 -2.680450 -1.454717 -0.533753 11.700000 0.000000 0.445338
38.079063 -2.866825 -1.449922 -0.565153 7.610000 0.000000 0.078865
38.094616 -2.859855 -1.449034 -0.574920 12.870000 0.000000 0.240376
40.514568 -8.626183 -1.413072 -0.466736 10.460000 0.000000 1.347284
40.370392 -20.384390 -1.383201 -0.438001 11.900000 0.000000 0.979977
40.273758 -20.337662 -1.379845 -0.437991 10.840000 0.000000 0.979964
40.404964 -9.973116 -1.377980 -0.467680 11.180000 0.000000 1.258458
40.144707 -20.377323 -1.373124 -0.484425 12.830000 0.000000 0.202058
40.036255 -20.286680 -1.370196 -0.533606 14.040000 0.000000 0.609127
40.117210 -20.524654 -1.368647 -0.492404 12.080000 0.000000 0.055906
39.989807 -20.481049 -1.363827 -0.535458 10.980000 0.000000 0.658823
40.428783 -11.625269 -1.340496 -0.488356 13.710000 0.000000 0.817758
38.157139 -2.501270 -1.335768 -0.543515 8.620000 0.000000 0.288362
38.031658 -2.589202 -1.333638 -0.544794 8.310000 0.000000 0.265115
38.136890 -2.572541 -1.333286 -0.523503 11.020000 0.000000 0.618166
38.243225 -2.815095 -1.331873 -0.543541 9.890000 0.000000 0.281212
38.122707 -2.822871 -1.331726 -0.544890 9.710000 0.000000 0.258470
38.059750 -2.647971 -1.330878 -0.544930 8.500000 0.000000 0.261642
37.993004 -2.629735 -1.330081 -0.565051 7.830000 0.000000 0.071209
38.008621 -2.620982 -1.328238 -0.574840 11.620000 0.000000 0.233055
38.030804 -2.670594 -1.328155 -0.533752 8.290000 0.000000 0.446180
38.004528 -2.832207 -1.324334 -0.605597 10.580000 0.000000 0.747051
37.940552 -2.612209 -1.322600 -0.594261 12.000000 0.000000 0.554498
45.120689 -20.988367 -1.314418 -0.495547 17.760000 0.000000 0.164378
45.058743 -20.879675 -1.313993 -0.522854 17.120001 0.000000 0.281763
40.216778 -7.968223 -1.284549 -0.486741 15.170000 0.000000 1.045957
39.926685 -8.026031 -1.283848 -0.564713 9.200000 0.000000 0.250655
40.002441 -8.032862 -1.283474 -0.533565 12.530000 0.000000 0.265481
40.078716 -20.245808 -1.267506 -0.487582 13.450000 0.000000 0.158647
40.095448 -20.231445 -1.266086 -0.517544 13.510000 0.000000 0.335442
39.998764 -20.184864 -1.262973 -0.517532 12.580000 0.000000 0.335436
39.982685 -20.332991 -1.259744 -0.521809 12.280000 0.000000 0.419878
40.442108 -9.376095 -1.259314 -0.467375 10.820000 0.000000 1.297489
39.952114 -20.468744 -1.255131 -0.484547 13.050000 0.000000 0.183826
40.191319 -10.020428 -1.239300 -0.517760 10.710000 0.000000 0.424164
46.134247 -1.700228 -1.232046 -0.543000 17.299999 0.000000 0.317699
38.248367 -2.576545 -1.213625 -0.523503 14.020000 0.000000 0.618915
37.951859 -2.625673 -1.212823 -0.583740 9.150000 0.000000 0.379975
38.290558 -2.654663 -1.211330 -0.524515 10.360000 0.000000 0.600550
37.923100 -2.518806 -1.206380 -0.605451 9.540000 0.000000 0.737138
40.311970 -11.513017 -1.202888 -0.526838 11.120000 0.000000 0.186125
38.052029 -2.616259 -1.202605 -0.594262 14.310000 0.000000 0.553760
39.933685 -7.172193 -1.170532 -0.556322 9.660000 0.000000 0.071253
40.126690 -8.167437 -1.157454 -0.574149 11.730000 0.000000 0.411270
39.572762 -2.133955 -1.148609 -0.544581 15.000000 0.000000 0.280603
39.534752 -2.174120 -1.144426 -0.564823 18.879999 0.000000 0.055278
40.366322 -8.843189 -1.134790 -0.466850 12.100000 0.000000 1.333882
40.040539 -20.121405 -1.130152 -0.523454 9.920000 0.000000 0.425772
38.359451 -2.580509 -1.093286 -0.523504 15.140000 0.000000 0.619551
38.046814 -2.854280 -1.090484 -0.583763 10.450000 0.000000 0.384792
38.358627 -2.816895 -1.088064 -0.543541 13.140000 0.000000 0.282606
38.148872 -3.079450 -1.087013 -0.513637 10.380000 0.000000 0.771094
38.100266 -2.942638 -1.086230 -0.554667 10.390000 0.000000 0.094984
40.238018 -10.788691 -1.085057 -0.503209 11.190000 0.000000 0.621173
38.163120 -2.620271 -1.081933 -0.594263 15.300000 0.000000 0.553120
38.297657 -3.173685 -1.079054 -0.575022 11.060000 0.000000 0.247240
38.031937 -2.508409 -1.078439 -0.575168 13.000000 0.000000 0.234753
39.527344 -21.504700 -1.072472 -0.533524 13.670000 0.000000 0.738854
40.420372 -11.537825 -1.070658 -0.526843 10.700000 0.000000 0.186884
40.116489 -8.817738 -1.017191 -0.513552 12.560000 0.000000 0.559484
40.151814 -9.152412 -1.009873 -0.513592 13.350000 0.000000 0.541574
39.314034 -12.426058 -1.008502 -0.469153 14.310000 0.000000 1.061506
38.465103 -2.457806 -1.003502 -0.543000 12.600000 0.000000 0.299836
40.123184 -20.186382 -0.993127 -0.450805 14.820000 0.000000 0.775332
39.760563 -4.377047 -0.989546 -0.513147 10.710000 0.000000 0.748283
40.242756 -20.090504 -0.984188 -0.473228 8.410000 0.000000 0.417583
37.951233 -2.799002 -0.970809 -0.573531 8.480000 0.000000 0.213797
38.454414 -2.921513 -0.966076 -0.533786 12.170000 0.000000 0.442349
38.096352 -3.215199 -0.962524 -0.533328 8.120000 0.000000 0.442035
38.361050 -2.448209 -0.881866 -0.543000 18.209999 0.000000 0.300292
40.001842 -7.886024 -0.873806 -0.557308 13.290000 0.000000 0.119117
38.061283 -2.731050 -0.859828 -0.563677 7.340000 0.000000 0.048543
40.432072 -4.175797 -0.854815 -0.524970 12.670000 0.000000 0.560919
38.061428 -2.803954 -0.853746 -0.573531 9.900000 0.000000 0.213339
40.191326 -20.283087 -0.848516 -0.487586 12.680000 0.000000 0.161165
38.016556 -2.703711 -0.847176 -0.554586 10.080000 0.000000 0.102553
39.999039 -20.187458 -0.844389 -0.487579 10.390000 0.000000 0.161158
39.996754 -19.984419 -0.843750 -0.484213 10.390000 0.000000 0.234458
40.131680 -20.234615 -0.843133 -0.465617 11.380000 0.000000 0.526504
40.072021 -20.080942 -0.842552 -0.458234 10.520000 0.000000 0.659483
37.929543 -2.843563 -0.842408 -0.604156 9.450000 0.000000 0.721519
40.071758 -20.439465 -0.842159 -0.479844 12.670000 0.000000 0.270460
38.408554 -2.653014 -0.841367 -0.524516 9.290000 0.000000 0.602186
38.451683 -2.890349 -0.840362 -0.523536 15.860000 0.000000 0.613160
39.938927 -20.139950 -0.838965 -0.465605 13.120000 0.000000 0.526483
38.455120 -3.050066 -0.837015 -0.543556 14.610000 0.000000 0.277931
38.492981 -2.970350 -0.835990 -0.524621 6.820000 0.000000 0.593413
39.806583 -20.227739 -0.828545 -0.521790 12.190000 0.000000 0.417308
38.254807 -2.930976 -0.828301 -0.594316 15.550000 0.000000 0.560017
39.796455 -20.150946 -0.827276 -0.527819 13.500000 0.000000 0.510840
40.056259 -20.384842 -0.826442 -0.473502 12.960000 0.000000 0.379562
39.699863 -20.104092 -0.825171 -0.527808 13.920000 0.000000 0.510839
39.722015 -20.326448 -0.818805 -0.535419 11.670000 0.000000 0.655436
39.914150 -20.567287 -0.818492 -0.499436 13.060000 0.000000 0.072188
39.930424 -21.046181 -0.817456 -0.497762 9.980000 0.000000 0.086004
40.066967 -7.171473 -0.781539 -0.484976 13.880000 0.000000 1.112271
39.885303 -8.049172 -0.760787 -0.556744 9.220000 0.000000 0.118603
38.022980 -2.920489 -0.737147 -0.603554 10.790000 0.000000 0.712939
38.543686 -3.127090 -0.712410 -0.523556 14.860000 0.000000 0.607652
39.900517 -20.089878 -0.711205 -0.452500 14.310000 0.000000 0.746266
38.148815 -2.506293 -0.708124 -0.575169 13.830000 0.000000 0.233411
40.167389 -20.585854 -0.704528 -0.450770 12.430000 0.000000 0.743451
40.186104 -20.566076 -0.704230 -0.523485 10.320000 0.000000 0.457923
38.103577 -2.662877 -0.702638 -0.555038 12.690000 0.000000 0.096457
39.904865 -19.933674 -0.700610 -0.484206 10.650000 0.000000 0.235131
40.039032 -20.019791 -0.698486 -0.427112 13.200000 0.000000 1.178777
39.847271 -20.088715 -0.696179 -0.465598 9.420000 0.000000 0.527170
39.714931 -20.176535 -0.685093 -0.521781 13.910000 0.000000 0.416625
39.630337 -20.275372 -0.674351 -0.535406 9.260000 0.000000 0.654731
38.151241 -2.429687 -0.670111 -0.543000 11.930000 0.000000 0.300876
39.743484 -20.640062 -0.664599 -0.509013 15.630000 0.000000 0.244855
40.345005 -21.348202 -0.663662 -0.509173 14.990000 0.000000 0.282143
38.029480 -2.890924 -0.654474 -0.542668 11.830000 0.000000 0.296009
39.808846 -20.037558 -0.571774 -0.452500 13.810000 0.000000 0.746864
40.176647 -20.479872 -0.563450 -0.479846 14.960000 0.000000 0.271745
40.094719 -20.513254 -0.562828 -0.523483 13.410000 0.000000 0.457312
39.984501 -20.026081 -0.557042 -0.458226 10.470000 0.000000 0.660758
39.945969 -20.036634 -0.553152 -0.484605 14.120000 0.000000 0.221403
39.864407 -20.223719 -0.553000 -0.473762 12.560000 0.000000 0.380986
40.009369 -20.719826 -0.552515 -0.515531 14.710000 0.000000 0.347613
40.014553 -20.176273 -0.547462 -0.437962 10.130000 0.000000 0.984507
39.796535 -20.096981 -0.541229 -0.499620 13.900000 0.000000 0.039045
39.787811 -20.027683 -0.540441 -0.492223 11.350000 0.000000 0.089113
50.822453 -10.634152 -0.767901 -0.565427 13.820000 0.000000 0.276922
62.264534 -0.761552 -0.904808 -0.562325 12.890000 0.000000 0.009338
63.109638 -0.787354 -1.677653 -0.562325 14.190000 0.000000 0.008154
73.270241 -12.385329 -1.921947 -0.565130 12.960000 0.000000 0.198233
84.129440 -9.532303 -1.314054 -0.564141 8.800000 0.000000 0.099138
84.986031 -9.625789 -1.328156 -0.564145 11.180000 0.000000 0.099153
85.851402 -9.705494 -0.793382 -0.564148 9.110000 0.000000 0.098848
86.648262 -10.313442 -0.788156 -0.564267 5.390000 0.000000 0.108313
87.450218 -10.464346 -2.964573 -0.564270 9.730000 0.000000 0.111574
89.733276 2.449342 -3.907785 -0.561703 16.610001 0.000000 0.019707
98.341476 13.940916 1.609118 -0.560159 7.640000 0.000000 0.019563
99.893471 -27.575705 0.506495 -0.567803 6.550000 0.000000 0.467931
100.559044 -28.394659 0.530302 -0.567963 11.080000 0.000000 0.486411
101.391220 -28.611767 0.866668 -0.567973 12.370000 0.000000 0.486633
102.390778 -28.211784 1.523079 -0.567832 9.300000 0.000000 0.468873
125.986633 3.528602 -1.614356 -0.561703 8.930000 0.000000 0.024666
126.866798 2.806335 -1.610399 -0.561795 8.030000 0.000000 0.023358
127.728333 2.825637 -1.621863 -0.561795 10.970000 0.000000 0.023358
49.843872 -11.532993 -1.055387 -0.565656 12.150000 0.000000 0.327478
50.845692 -11.001186 -1.097125 -0.565451 13.950000 0.000000 0.292253
62.314766 -0.492610 -2.814370 -0.562214 13.190000 0.000000 0.006975
63.168606 -0.501383 -3.005021 -0.562214 14.630000 0.000000 0.006168
73.430038 -12.027485 -2.174561 -0.564930 11.460000 0.000000 0.186641
74.389755 -11.559234 -1.737966 -0.564784 12.010000 0.000000 0.169724
84.295326 -8.955959 -1.536328 -0.563926 10.490000 0.000000 0.087260
85.152489 -9.043790 -1.552581 -0.563929 12.520000 0.000000 0.087266
85.996071 -9.144831 -2.117620 -0.563931 10.240000 0.000000 0.088074
89.841133 2.357750 -3.910666 -0.561707 16.570000 0.000000 0.019701
91.552696 2.398621 -4.203347 -0.561707 15.130000 0.000000 0.018950
97.616653 13.713978 0.969508 -0.560236 8.270000 0.000000 0.018056
98.466415 13.836308 1.291394 -0.560237 9.250000 0.000000 0.018752
99.580528 -29.064882 0.225322 -0.568026 7.620000 0.000000 0.511328
100.637741 -28.508018 0.198532 -0.567836 10.360000 0.000000 0.486180
101.633713 -28.147516 -0.154570 -0.567696 10.700000 0.000000 0.467664
102.291809 -28.987486 -0.471395 -0.567856 6.830000 0.000000 0.486222
123.392853 4.968900 -4.242018 -0.561505 10.930000 0.000000 0.023877
124.197655 6.474616 -3.909213 -0.561338 9.160000 0.000000 0.024488
126.962204 2.658981 -2.411845 -0.561795 9.950000 0.000000 0.023059
127.805496 3.428949 -2.444281 -0.561706 11.870000 0.000000 0.024374
127.247063 17.914000 8.009432 -0.560271 13.370000 0.000000 0.041655
128.073273 18.035229 8.468446 -0.560271 16.920000 0.000000 0.043858
136.967743 18.259573 -3.238916 -0.560342 7.120000 0.000000 0.011066
49.955647 -11.369989 -2.139585 -0.565305 11.960000 0.000000 0.317340
51.242569 -11.124158 -1.953104 -0.476313 14.290000 0.000000 1.179438
56.129944 4.390532 4.374916 -0.561042 18.600000 0.000000 0.015467
56.986881 4.456263 4.437799 -0.561043 16.520000 0.000000 0.015416
62.419292 -0.634525 -2.815997 -0.562177 11.970000 0.000000 0.006968
64.018097 -3.600703 -3.388580 -0.562845 9.970000 0.000000 0.030116
73.612350 -11.604751 -1.954578 -0.564571 11.860000 0.000000 0.170204
75.157471 -12.896283 -1.485268 -0.564840 12.430000 0.000000 0.197109
84.375435 -9.154072 -1.805116 -0.563771 10.320000 0.000000 0.087600
85.238525 -9.237324 -1.552237 -0.563773 12.220000 0.000000 0.087227
86.095436 -9.327095 -1.568435 -0.563776 9.560000 0.000000 0.087235
89.942619 2.148654 -4.124868 -0.561712 17.650000 0.000000 0.018966
98.511261 14.202306 1.909981 -0.560338 6.510000 0.000000 0.025967
122.697517 4.694649 -2.376562 -0.561528 9.140000 0.000000 0.026092
123.558533 4.727574 -2.393636 -0.561528 12.280000 0.000000 0.026092
126.224243 1.612415 -2.378118 -0.561876 8.590000 0.000000 0.021402
127.073898 2.370597 -2.410584 -0.561793 10.920000 0.000000 0.023065
127.935379 2.386930 -2.427315 -0.561793 12.230000 0.000000 0.023065
127.393166 17.625998 8.009125 -0.560427 13.980000 0.000000 0.041610
128.245392 17.742477 8.061165 -0.560427 16.639999 0.000000 0.041590
136.250717 17.829561 -3.649929 -0.560489 6.080000 0.000000 0.011440
51.093689 -10.889597 -1.951498 -0.556197 14.980000 0.000000 0.135079
52.510715 7.860288 -2.424969 -0.549971 17.900000 0.000000 0.137939
53.362610 7.984256 -2.464309 -0.549976 19.309999 0.000000 0.137933
53.674576 5.521011 -2.424428 -0.550595 18.600000 0.000000 0.172566
56.249199 4.329107 4.731100 -0.550998 17.770000 0.000000 0.146292
62.552601 -0.712115 -2.970470 -0.552359 13.170000 0.000000 0.168376
62.448883 -3.699157 -2.900255 -0.553221 12.240000 0.000000 0.129378
63.298435 -3.751889 -3.142458 -0.553223 12.030000 0.000000 0.128214
60.889095 40.003468 -4.044261 -0.546316 12.540000 0.000000 1.152277
73.680710 -11.861011 -2.902179 -0.555406 13.080000 0.000000 0.026372
74.991158 -14.611403 -1.015193 -0.556231 13.440000 0.000000 0.096409
75.837883 -14.771135 -1.027394 -0.556239 11.190000 0.000000 0.096410
84.471771 -9.435140 -2.342371 -0.554373 11.600000 0.000000 0.063361
85.328239 -9.527819 -2.366490 -0.554376 12.670000 0.000000 0.063353
86.126305 -10.130420 -2.376779 -0.554510 10.070000 0.000000 0.053759
90.077019 2.035443 -4.342665 -0.551794 18.660000 0.000000 0.182409
97.916534 13.369974 0.651655 -0.550236 7.990000 0.000000 0.152275
117.595421 -25.355835 -3.733099 -0.557101 11.130000 0.000000 0.153824
118.603996 -24.621313 -4.550915 -0.556881 10.890000 0.000000 0.135263
119.591232 -24.089531 -4.605336 -0.556719 7.310000 0.000000 0.120446
127.153412 2.922089 -4.327586 -0.551794 12.340000 0.000000 0.186414
128.014465 2.942059 -4.357053 -0.551794 13.150000 0.000000 0.186414
127.628349 17.461895 6.791530 -0.550264 15.330000 0.000000 0.134291
128.481216 17.577259 6.835602 -0.550265 17.750000 0.000000 0.134291
50.460403 -10.987353 -2.170861 -0.506500 12.820000 0.000000 0.677037
51.303200 -11.163525 -2.207209 -0.506517 14.660000 0.000000 0.677052
63.349342 -0.573919 -3.620139 -0.592385 11.540000 0.000000 0.497383
58.392696 39.753429 -2.006034 -0.493073 7.760000 0.000000 0.346978
59.098114 40.222069 -2.483936 -0.493131 11.480000 0.000000 0.348190
75.248291 -14.457727 -2.912293 -0.506452 13.180000 0.000000 0.729591
83.557640 -9.621965 -2.042642 -0.594322 8.010000 0.000000 0.601868
84.469749 -9.217322 -2.077523 -0.594217 12.440000 0.000000 0.592794
85.318550 -9.314269 -2.370735 -0.594220 12.970000 0.000000 0.593351
86.489769 -9.387114 -2.134689 -0.505117 9.240000 0.000000 0.883113
89.199219 1.715611 -4.081666 -0.591895 14.090000 0.000000 0.480722
90.881371 1.731956 -4.950971 -0.591895 18.510000 0.000000 0.483918
97.851776 13.610289 0.415435 -0.589802 8.940000 0.000000 0.505151
98.686852 13.748173 1.911981 -0.589803 8.570000 0.000000 0.508517
117.066391 -24.892925 -4.479251 -0.507067 7.950000 0.000000 0.679346
117.909332 -25.069017 -4.511604 -0.507070 11.090000 0.000000 0.679351
118.752327 -25.245102 -4.543959 -0.507073 10.620000 0.000000 0.679355
124.473068 4.879074 -4.279013 -0.591542 9.420000 0.000000 0.473258
125.368736 3.930497 -4.288807 -0.591683 7.900000 0.000000 0.474529
126.605675 2.510607 -3.110857 -0.503053 8.780000 0.000000 0.995061
127.156044 3.272095 -2.734247 -0.591789 13.410000 0.000000 0.473869
127.985924 3.268542 -3.959936 -0.591789 13.400000 0.000000 0.475226
127.686203 16.781660 6.803826 -0.589968 15.670000 0.000000 0.517631
128.425949 17.891409 6.424797 -0.589835 17.420000 0.000000 0.521710
129.316956 18.001171 5.646092 -0.589836 14.650000 0.000000 0.518282
51.259762 -11.109057 -1.786069 -0.555225 13.510000 0.000000 0.125627
60.366676 9.204356 -2.208105 -0.550567 10.920000 0.000000 0.127458
63.541405 -0.520262 -4.238472 -0.553470 12.380000 0.000000 0.142633
59.286903 40.263756 -3.741127 -0.449000 11.440000 0.000000 0.383380
72.843224 -12.907154 -2.608397 -0.555313 12.860000 0.000000 0.051506
73.785126 -12.604841 -2.177997 -0.555274 12.300000 0.000000 0.038603
84.694351 -9.144504 -2.628381 -0.554753 12.050000 0.000000 0.060975
85.541397 -9.240647 -2.926890 -0.554755 12.420000 0.000000 0.060244
86.457664 -8.656185 -3.248810 -0.554671 8.770000 0.000000 0.069934
87.708344 2.822093 -3.275018 -0.552863 8.230000 0.000000 0.167400
88.570602 3.564672 -2.482399 -0.552733 8.440000 0.000000 0.170329
89.447227 1.815847 -3.600012 -0.553053 13.840000 0.000000 0.164051
91.147476 1.840298 -4.172729 -0.553053 17.889999 0.000000 0.162388
97.211639 13.597325 0.941745 -0.550903 8.860000 0.000000 0.137177
125.663284 4.124271 -0.851258 -0.552863 7.570000 0.000000 0.170564
126.564453 2.669825 -0.826861 -0.553053 9.460000 0.000000 0.168041
127.394585 3.409386 -2.047712 -0.552959 14.070000 0.000000 0.169397
128.233627 3.409032 -3.168339 -0.552959 13.770000 0.000000 0.168626
127.879135 16.907879 7.195951 -0.551089 15.470000 0.000000 0.123520
128.619247 18.018177 6.819673 -0.550933 16.809999 0.000000 0.119868
129.471786 18.136354 6.863698 -0.550933 13.750000 0.000000 0.119884
137.103500 17.363892 11.516045 -0.551210 6.450000 0.000000 0.106634
138.704483 18.386324 11.643280 -0.551095 11.310000 0.000000 0.102831
139.556152 18.498146 11.713336 -0.551096 9.360000 0.000000 0.102831
59.483204 8.735106 -2.552089 -0.600271 10.980000 0.000000 0.690631
60.335476 8.857328 -2.588738 -0.600275 9.020000 0.000000 0.690643
62.672375 -0.470856 -3.181365 -0.603455 11.830000 0.000000 0.677682
63.716061 -3.493690 -3.167055 -0.514956 11.660000 0.000000 0.764990
73.118896 -12.448956 -3.041968 -0.515192 12.740000 0.000000 0.623383
73.920181 -13.012228 -2.412714 -0.515178 11.860000 0.000000 0.615696
74.477318 -14.769277 -2.151899 -0.515092 13.010000 0.000000 0.576731
76.060822 -15.557487 -2.677463 -0.515073 10.910000 0.000000 0.563721
84.087624 -8.373137 -3.428477 -0.515211 8.560000 0.000000 0.723045
84.923973 -9.092862 -2.100846 -0.515237 11.890000 0.000000 0.717279
85.780792 -9.182342 -2.122383 -0.515238 11.480000 0.000000 0.717293
88.823380 2.930264 -1.429326 -0.514047 10.190000 0.000000 0.813155
90.179558 1.836625 -4.914109 -0.603053 17.469999 0.000000 0.668648
97.144875 13.618313 0.094064 -0.600528 8.880000 0.000000 0.683514
97.916565 14.307943 -0.226631 -0.600370 10.620000 0.000000 0.687145
98.769333 14.435597 0.085197 -0.600371 9.710000 0.000000 0.687488
117.163383 -25.381948 -2.591395 -0.515214 6.320000 0.000000 0.538903
117.954620 -25.598389 -4.123053 -0.515217 10.180000 0.000000 0.536142
118.837440 -25.750816 -3.010126 -0.515220 8.570000 0.000000 0.538348
125.640968 -1.505587 -1.911114 -0.603546 7.670000 0.000000 0.673104
126.765892 2.714858 -1.234387 -0.514211 10.270000 0.000000 0.811221
127.318665 3.445039 -2.445246 -0.602957 13.550000 0.000000 0.658634
128.154205 3.444845 -3.568467 -0.602957 11.970000 0.000000 0.659657
127.647911 17.950544 7.587077 -0.600561 15.040000 0.000000 0.706284
128.500076 18.069061 7.636422 -0.600562 15.850000 0.000000 0.706283
137.881454 18.314449 10.268068 -0.600771 10.280000 0.000000 0.712224
138.658875 17.630499 12.535004 -0.600919 9.910000 0.000000 0.722538
139.470642 17.739941 13.051125 -0.600920 9.010000 0.000000 0.725538
140.217255 18.664539 13.116053 -0.600772 9.710000 0.000000 0.728825
45.345650 -21.152735 -2.352551 -0.546258 14.940000 0.000000 0.683958
46.131401 -21.504269 -2.393142 -0.546330 16.639999 0.000000 0.684052
46.944202 -21.846991 -1.938746 -0.546399 13.870000 0.000000 0.680168
59.761616 8.421679 -2.557837 -0.551657 9.980000 0.000000 0.120858
62.071159 -0.776035 -2.451476 -0.554593 10.490000 0.000000 0.133480
62.932194 -0.785775 -2.485629 -0.554594 11.940000 0.000000 0.133468
62.631554 26.977083 0.512142 -0.539073 7.580000 0.000000 0.286409
63.264191 27.686365 0.516587 -0.538706 10.310000 0.000000 0.300843
64.057907 28.024618 0.300674 -0.538731 10.130000 0.000000 0.300355
73.092224 -12.405953 -2.865548 -0.554525 13.590000 0.000000 0.026328
73.983795 -12.518369 -1.713871 -0.554531 11.500000 0.000000 0.022659
74.459358 -14.717597 -1.671852 -0.554210 14.360000 0.000000 0.068879
75.311775 -14.874294 -1.448882 -0.554217 14.700000 0.000000 0.068420
84.047165 -8.940888 -1.345980 -0.554943 9.070000 0.000000 0.061441
84.904228 -9.029739 -1.360204 -0.554945 11.470000 0.000000 0.061439
85.766090 -9.111854 -1.102661 -0.554947 10.380000 0.000000 0.061641
86.770699 -7.516848 -1.913590 -0.554967 7.700000 0.000000 0.081945
89.686348 1.253664 -1.123549 -0.554315 14.090000 0.000000 0.146970
117.069984 -25.364849 -4.469064 -0.554181 9.310000 0.000000 0.108952
117.927902 -25.535740 -4.123215 -0.554184 11.060000 0.000000 0.108036
118.784927 -25.706261 -3.772003 -0.554188 9.240000 0.000000 0.107227
127.560318 3.539015 -1.657911 -0.554128 13.780000 0.000000 0.150097
128.379623 4.291175 -2.791389 -0.554040 12.170000 0.000000 0.150512
127.846001 18.030561 7.979721 -0.551756 15.310000 0.000000 0.099406
128.672134 18.152325 8.438726 -0.551756 15.560000 0.000000 0.097223
129.383102 18.282228 10.438148 -0.551757 11.580000 0.000000 0.085543
137.287735 17.490431 11.073407 -0.552133 9.590000 0.000000 0.093445
137.964508 18.406488 11.999249 -0.551977 11.910000 0.000000 0.084740
138.777405 18.521053 12.510098 -0.551977 11.490000 0.000000 0.081858
45.345161 -21.344631 -2.188194 -0.547068 14.350000 0.000000 0.710783
46.129604 -21.699434 -2.225985 -0.547137 15.360000 0.000000 0.710864
46.914074 -22.054255 -2.263777 -0.547204 11.920000 0.000000 0.710948
62.978481 -0.571484 -3.193035 -0.554657 12.500000 0.000000 0.129858
63.849094 -0.573990 -3.034280 -0.554658 10.760000 0.000000 0.130999
73.230980 -12.129910 -2.408158 -0.554923 13.660000 0.000000 0.024612
73.524429 -15.314411 -2.106750 -0.554498 12.210000 0.000000 0.095319
74.376381 -15.480013 -1.891546 -0.554505 13.790000 0.000000 0.094671
75.227783 -15.645335 -1.670996 -0.554512 13.510000 0.000000 0.094117
76.072144 -15.816682 -1.690174 -0.554519 9.960000 0.000000 0.094121
84.092247 -9.144380 -1.810504 -0.555200 8.520000 0.000000 0.053999
84.942001 -9.241751 -2.098398 -0.555202 12.130000 0.000000 0.053541
85.790764 -9.339169 -2.391598 -0.555204 11.190000 0.000000 0.052990
86.552895 -10.122876 -2.946060 -0.555197 6.320000 0.000000 0.042058
87.933594 3.225415 -3.294076 -0.554013 8.750000 0.000000 0.147775
100.538818 -28.104406 -3.038972 -0.553625 11.440000 0.000000 0.242166
101.392036 -28.315954 -2.403809 -0.553631 12.780000 0.000000 0.240771
102.222862 -28.543890 -2.423800 -0.553637 9.830000 0.000000 0.240771
117.251480 -24.937166 -4.110347 -0.554667 6.830000 0.000000 0.108141
118.094467 -25.113661 -4.140024 -0.554670 9.080000 0.000000 0.108143
118.937477 -25.290150 -4.169702 -0.554673 6.910000 0.000000 0.108145
127.594398 3.198343 -3.953323 -0.554206 14.030000 0.000000 0.147043
128.455460 3.220005 -3.980159 -0.554206 12.470000 0.000000 0.147043
127.971916 17.493525 8.389036 -0.551756 15.670000 0.000000 0.101873
128.824188 17.608948 8.443750 -0.551756 15.010000 0.000000 0.101888
129.567520 17.734058 10.033965 -0.551757 9.090000 0.000000 0.092842
131.204529 17.969278 10.992362 -0.551758 10.470000 0.000000 0.087516
137.197586 18.775757 11.049304 -0.551761 8.920000 0.000000 0.090291
137.976746 18.895355 11.987971 -0.551761 10.070000 0.000000 0.084792
45.423637 -21.588657 -2.506644 -0.503212 14.280000 0.000000 0.001949
46.377827 -21.578577 -2.565471 -0.503429 15.300000 0.000000 0.028252
47.172764 -21.929029 -2.443715 -0.503482 11.890000 0.000000 0.029735
52.085194 7.682653 -2.403783 -0.590028 16.780001 0.000000 0.522764
52.937271 7.805398 -2.443105 -0.590033 20.219999 0.000000 0.522784
62.099693 -0.894741 -2.943929 -0.593795 11.560000 0.000000 0.518607
62.967403 -0.902874 -2.834961 -0.593795 12.430000 0.000000 0.517797
58.896477 39.782417 -1.189079 -0.481325 11.380000 0.000000 0.133065
59.615955 40.256592 -1.204079 -0.481367 12.580000 0.000000 0.133073
60.653473 40.252937 -1.223017 -0.481934 10.160000 0.000000 0.102203
61.694431 40.235722 -1.241814 -0.482490 13.900000 0.000000 0.071697
73.448570 -11.949158 -2.891723 -0.506062 13.200000 0.000000 0.787817
84.088463 -8.933914 -1.814949 -0.595031 9.270000 0.000000 0.602541
84.938469 -9.029179 -2.102900 -0.595033 11.950000 0.000000 0.603000
85.728691 -9.784989 -1.834617 -0.595111 9.900000 0.000000 0.613338
87.785843 -8.779711 -2.468964 -0.505764 10.600000 0.000000 0.881709
97.208588 23.002604 6.715761 -0.587323 11.190000 0.000000 0.634203
97.909630 23.771202 6.765658 -0.587112 9.870000 0.000000 0.642160
100.848404 -27.821053 -2.074451 -0.506230 12.720000 0.000000 0.552790
101.688683 -28.037956 -1.761550 -0.506235 14.110000 0.000000 0.553270
102.528145 -28.254448 -1.443306 -0.506240 11.470000 0.000000 0.553660
124.122223 4.928604 -1.255144 -0.592799 12.340000 0.000000 0.491550
125.054070 -1.648090 -2.298923 -0.593807 10.020000 0.000000 0.512413
127.053307 17.692383 8.330436 -0.590398 12.720000 0.000000 0.540610
128.031494 17.060953 7.992577 -0.590563 14.860000 0.000000 0.535007
128.884232 17.173521 8.044681 -0.590563 13.160000 0.000000 0.534993
130.351761 18.171696 10.094638 -0.590400 7.670000 0.000000 0.549623
45.748169 -21.204233 -2.689898 -0.476853 14.380000 0.000000 0.473207
46.562450 -21.549528 -2.248897 -0.476899 14.250000 0.000000 0.477684
53.396984 5.628372 -1.903766 -0.561331 18.940001 0.000000 0.004536
63.108746 -0.386778 -3.403162 -0.563681 14.040000 0.000000 0.020009
63.902168 -3.409648 -2.974494 -0.564490 12.430000 0.000000 0.053021
59.009697 39.799259 -2.483332 -0.456360 12.070000 0.000000 0.281923
59.728619 40.273552 -2.513651 -0.456396 12.930000 0.000000 0.281941
61.414085 39.316311 -1.695827 -0.457582 11.120000 0.000000 0.381717
73.304901 -12.359493 -3.052363 -0.566055 13.010000 0.000000 0.215953
73.956787 -13.527963 -3.471985 -0.566208 12.220000 0.000000 0.245094
74.704300 -14.636189 -0.544116 -0.566355 14.290000 0.000000 0.266133
75.424286 -15.404542 -1.017434 -0.566439 13.680000 0.000000 0.283653
84.177193 -9.563112 -2.072021 -0.565429 10.200000 0.000000 0.121595
85.033447 -9.658313 -2.093408 -0.565431 12.400000 0.000000 0.121598
85.872971 -9.766312 -2.658170 -0.565433 9.480000 0.000000 0.122791
100.806435 -27.760292 -1.171315 -0.567261 12.610000 0.000000 0.456149
101.632950 -27.992685 -1.429144 -0.567267 14.070000 0.000000 0.456391
102.456802 -28.227318 -1.774207 -0.567272 11.470000 0.000000 0.456772
103.063477 -29.259409 -1.761061 -0.567346 7.590000 0.000000 0.479006
117.314255 -25.476131 -2.596169 -0.566792 9.300000 0.000000 0.316157
117.953674 -26.384554 -4.105767 -0.566860 10.120000 0.000000 0.332839
128.189285 17.113491 7.984271 -0.560729 13.430000 0.000000 0.041203
129.170471 16.224182 8.052525 -0.560920 10.900000 0.000000 0.036674
130.509155 18.225012 10.086333 -0.560586 8.780000 0.000000 0.056126
131.421402 18.338209 9.321564 -0.560586 10.350000 0.000000 0.051145
45.748787 -20.992672 -2.374338 -0.556665 12.530000 0.000000 0.830682
46.553795 -21.336277 -2.090381 -0.556722 12.590000 0.000000 0.828060
52.365116 7.861062 -1.747829 -0.550447 17.629999 0.000000 0.132896
53.217274 7.986423 -1.776535 -0.550451 21.059999 0.000000 0.132885
62.381008 -0.579089 -2.963606 -0.553633 12.720000 0.000000 0.147892
63.241810 -0.586418 -3.004473 -0.553633 13.780000 0.000000 0.147895
64.124756 -0.582648 -2.539480 -0.553633 10.850000 0.000000 0.150362
58.963223 40.078712 -1.646801 -0.448820 12.260000 0.000000 0.389971
59.680344 40.556263 -1.667103 -0.448853 12.860000 0.000000 0.390000
60.808792 40.073673 -1.455551 -0.535498 12.780000 0.000000 0.973126
72.548233 -12.449658 -2.609728 -0.555903 13.230000 0.000000 0.051588
73.397568 -12.592328 -2.640435 -0.555907 13.540000 0.000000 0.051583
84.318367 -9.193506 -2.620269 -0.555174 10.930000 0.000000 0.052736
85.198425 -9.265979 -1.839974 -0.555175 12.460000 0.000000 0.054388
86.055115 -9.357357 -1.858795 -0.555177 9.420000 0.000000 0.054380
86.988342 -8.289548 -3.280911 -0.554985 8.610000 0.000000 0.069965
97.690804 21.962551 7.264080 -0.548812 10.980000 0.000000 0.020827
101.043877 -27.311722 -1.438055 -0.557099 12.540000 0.000000 0.275411
101.881729 -27.526417 -1.202511 -0.557104 14.000000 0.000000 0.275182
102.506432 -28.529371 -0.519193 -0.557187 11.450000 0.000000 0.296831
103.110146 -29.562923 -0.495875 -0.557270 6.390000 0.000000 0.319398
118.165527 -26.065865 -3.364395 -0.556654 9.180000 0.000000 0.156216
127.653885 15.587945 7.548045 -0.551162 10.450000 0.000000 0.130221
128.261032 17.437559 7.973910 -0.550869 10.920000 0.000000 0.119617
129.087601 17.555510 8.432980 -0.550869 11.230000 0.000000 0.117442
129.831070 17.680273 10.023196 -0.550869 8.890000 0.000000 0.108451
131.696075 17.140087 9.335388 -0.550997 6.610000 0.000000 0.117245
132.454483 17.258326 10.646779 -0.550997 8.440000 0.000000 0.109680
139.128891 18.950308 11.611669 -0.550874 8.670000 0.000000 0.103199
46.003956 -20.955009 -2.226607 -0.501186 12.510000 0.000000 0.100034
46.791172 -21.303719 -2.264657 -0.501228 11.780000 0.000000 0.100044
52.378784 7.774070 -2.545209 -0.579816 17.299999 0.000000 0.355537
53.230652 7.897995 -2.586548 -0.579819 20.240000 0.000000 0.355532
61.567505 -0.648324 -2.630949 -0.582357 8.790000 0.000000 0.326522
62.428486 -0.656750 -2.667797 -0.582357 13.480000 0.000000 0.326519
58.927082 40.110950 -2.038102 -0.487090 10.210000 0.000000 0.247572
59.323006 41.057247 -2.058793 -0.487036 8.940000 0.000000 0.286304
61.326649 39.635796 -1.469425 -0.487414 11.910000 0.000000 0.133097
72.717644 -12.560668 -3.427679 -0.496226 12.820000 0.000000 0.931518
73.577881 -12.699725 -3.233431 -0.496230 12.880000 0.000000 0.932651
84.349411 -9.301507 -2.352431 -0.584220 10.960000 0.000000 0.429119
85.205894 -9.394185 -2.376552 -0.584222 12.360000 0.000000 0.429127
86.062355 -9.486868 -2.400671 -0.584223 8.880000 0.000000 0.429120
89.079102 2.036387 -4.293439 -0.581793 11.770000 0.000000 0.314281
97.581909 22.589853 7.255259 -0.578859 10.710000 0.000000 0.488487
101.091843 -27.998413 -0.194647 -0.498547 10.710000 0.000000 0.677240
101.923065 -28.225798 -0.196658 -0.498550 9.880000 0.000000 0.677259
122.660950 4.515492 -4.218909 -0.581567 9.940000 0.000000 0.307734
123.521660 4.547080 -4.248615 -0.581568 12.710000 0.000000 0.307751
127.356010 18.134918 7.505689 -0.580019 12.430000 0.000000 0.367769
128.183472 18.258101 7.959430 -0.580020 13.950000 0.000000 0.369866
129.009476 18.381153 8.418413 -0.580020 12.940000 0.000000 0.372036
45.830273 -21.323227 -1.730251 -0.561382 14.430000 0.000000 0.927203
46.620747 -21.675497 -1.638258 -0.561432 13.640000 0.000000 0.926489
53.344799 7.864015 -3.573117 -0.550586 20.930000 0.000000 0.121793
57.209934 3.902542 4.156432 -0.551231 16.219999 0.000000 0.155912
61.731998 -0.783409 -2.635444 -0.552136 8.870000 0.000000 0.173198
62.601139 -0.789441 -2.475210 -0.552136 13.130000 0.000000 0.174114
63.462234 -0.799745 -2.509353 -0.552136 12.190000 0.000000 0.174117
62.523510 28.438290 -0.972711 -0.550575 7.440000 0.000000 0.547754
63.316643 28.794390 0.107460 -0.550594 9.850000 0.000000 0.548560
64.103180 29.146000 0.274027 -0.550613 8.270000 0.000000 0.548874
60.770119 39.160770 -1.459128 -0.464573 9.370000 0.000000 0.251626
61.502460 39.623032 -1.247693 -0.464599 11.740000 0.000000 0.251888
72.820778 -12.126721 -2.164779 -0.554823 12.360000 0.000000 0.023874
73.597847 -12.698158 -2.177468 -0.554954 12.600000 0.000000 0.036244
84.529938 -9.309895 -1.826718 -0.553737 11.680000 0.000000 0.076546
85.379547 -9.409179 -2.114563 -0.553738 12.620000 0.000000 0.076094
100.813705 -28.861969 -1.721823 -0.557902 9.680000 0.000000 0.328718
101.642921 -29.096390 -1.736262 -0.557907 9.650000 0.000000 0.328726
116.505730 -26.560322 -2.924690 -0.556434 9.350000 0.000000 0.167814
117.499939 -26.064354 -2.967965 -0.556281 10.330000 0.000000 0.152207
123.741821 4.305701 -2.705539 -0.551559 14.240000 0.000000 0.191412
124.602928 4.335581 -2.724552 -0.551559 12.970000 0.000000 0.191412
127.513573 17.858883 8.305917 -0.550724 12.100000 0.000000 0.115710
128.391190 17.974545 7.956232 -0.550724 14.560000 0.000000 0.117899
129.243286 18.092970 8.008236 -0.550725 12.670000 0.000000 0.117894
130.198105 17.455605 8.072159 -0.550756 8.270000 0.000000 0.123532
46.017666 -21.477278 -1.615263 -0.489854 16.070000 0.000000 0.252596
46.806744 -21.832130 -1.521149 -0.489888 14.510000 0.000000 0.253372
52.592319 7.886677 -2.683470 -0.570648 19.440001 0.000000 0.206366
61.834038 -0.497708 -1.867023 -0.571971 10.040000 0.000000 0.150853
62.695454 -0.504203 -1.893257 -0.571971 13.730000 0.000000 0.150851
63.092724 27.735214 -0.119101 -0.482094 8.750000 0.000000 0.631753
63.883495 28.078382 0.097464 -0.482107 9.590000 0.000000 0.631440
61.713646 39.408466 -1.023160 -0.482819 10.440000 0.000000 0.030117
72.965645 -11.794182 -1.482127 -0.573991 12.910000 0.000000 0.331954
73.803589 -11.941056 -1.968549 -0.573994 12.860000 0.000000 0.332967
84.642303 -9.085621 -0.836219 -0.573221 11.590000 0.000000 0.242197
85.495415 -9.183013 -1.114181 -0.573223 12.020000 0.000000 0.242328
87.697952 1.039718 -1.662342 -0.571770 8.430000 0.000000 0.142497
100.991051 -28.557627 0.478269 -0.576293 9.610000 0.000000 0.625281
101.984016 -28.785959 0.474280 -0.487208 9.390000 0.000000 0.851001
102.479774 -29.620058 0.506118 -0.576427 6.970000 0.000000 0.643452
122.899048 4.530433 -4.230031 -0.571527 11.770000 0.000000 0.141515
123.759781 4.562058 -4.259739 -0.571527 14.180000 0.000000 0.141515
127.316490 3.270609 -1.271539 -0.571636 14.030000 0.000000 0.139653
127.619133 17.417728 8.711260 -0.570823 10.560000 0.000000 0.215494
128.471237 17.533234 8.768632 -0.570823 12.440000 0.000000 0.215483
129.163086 18.650513 9.115521 -0.570783 10.210000 0.000000 0.224976
46.025909 -21.403866 -1.737352 -0.559641 16.990000 0.000000 0.897615
46.827911 -21.751068 -1.361079 -0.559681 14.560000 0.000000 0.895210
52.723446 7.979403 -2.565338 -0.551124 19.230000 0.000000 0.116110
53.574875 8.106367 -2.606724 -0.551127 20.610001 0.000000 0.116102
54.359764 8.660040 -2.654452 -0.551124 19.719999 0.000000 0.106470
59.556328 9.006179 -2.376526 -0.551142 9.760000 0.000000 0.118590
60.408054 9.133297 -2.410589 -0.551144 9.100000 0.000000 0.118589
61.956791 -0.765269 -2.256366 -0.551908 11.270000 0.000000 0.178762
62.831276 -0.766794 -1.893655 -0.551908 13.920000 0.000000 0.180128
63.695972 -0.403370 -1.928152 -0.551857 12.050000 0.000000 0.182613
63.183903 27.464809 -0.765260 -0.552602 9.890000 0.000000 0.520568
63.979671 27.807325 -0.119541 -0.552617 11.510000 0.000000 0.521075
64.922951 27.757431 -1.448007 -0.552569 9.790000 0.000000 0.499253
58.997517 40.573605 -1.659210 -0.467912 10.270000 0.000000 0.046095
59.710857 41.056854 -1.679466 -0.467937 9.310000 0.000000 0.046108
61.387379 40.112381 -1.482631 -0.467506 11.270000 0.000000 0.171902
73.043236 -12.111066 -1.943026 -0.553920 12.990000 0.000000 0.007237
73.893509 -12.250044 -1.965849 -0.553923 11.830000 0.000000 0.007242
83.927101 -8.873536 -1.562808 -0.553009 7.530000 0.000000 0.094066
84.784142 -8.962974 -1.579019 -0.553010 11.820000 0.000000 0.094065
85.641205 -9.052411 -1.595231 -0.553011 11.850000 0.000000 0.094064
102.896393 -28.662994 0.132885 -0.556331 7.720000 0.000000 0.283778
127.481934 19.352266 8.675051 -0.551215 10.620000 0.000000 0.092417
128.332306 19.480553 8.732222 -0.551216 11.800000 0.000000 0.092412
129.132309 19.612082 9.501330 -0.551216 9.530000 0.000000 0.088264
45.348614 -21.185633 -1.591327 -0.524116 14.440000 0.000000 0.316212
46.126202 -21.546995 -1.738760 -0.524148 16.980000 0.000000 0.317017
46.914906 -21.903223 -1.646600 -0.524180 14.450000 0.000000 0.316254
52.044750 7.693110 -2.404181 -0.522207 15.680000 0.000000 0.599769
52.833664 8.231220 -2.449748 -0.522168 19.850000 0.000000 0.590998
53.684593 8.362116 -2.489196 -0.522170 20.440001 0.000000 0.591003
54.535549 8.493013 -2.528645 -0.522172 18.879999 0.000000 0.591006
61.209118 -1.786772 -2.399568 -0.523040 8.370000 0.000000 0.649454
61.987350 -0.589196 -1.871967 -0.611779 11.600000 0.000000 0.810357
62.842430 -0.601371 -2.095278 -0.611779 14.010000 0.000000 0.810992
63.674152 -0.625721 -2.873081 -0.611779 12.240000 0.000000 0.814192
63.761070 30.706514 -0.131863 -0.520499 6.350000 0.000000 0.132950
61.528507 39.918003 -1.484766 -0.519469 11.140000 0.000000 0.672351
83.992592 -8.473278 -1.112317 -0.612244 8.130000 0.000000 0.880897
84.850159 -8.558685 -1.123971 -0.612245 11.050000 0.000000 0.880899
101.455116 -27.951483 -0.540242 -0.524245 8.560000 0.000000 0.255595
102.286469 -28.178604 -0.544933 -0.524248 6.760000 0.000000 0.255592
127.465981 3.061024 -2.068660 -0.611608 13.090000 0.000000 0.801549
128.327469 3.081687 -2.082819 -0.611608 12.240000 0.000000 0.801549
127.634895 18.957989 9.377213 -0.522279 11.730000 0.000000 0.571305
128.485275 19.083641 9.439079 -0.522279 11.100000 0.000000 0.571315
129.443771 18.460270 9.512471 -0.522303 6.940000 0.000000 0.577483
45.537144 -21.019775 -1.603512 -0.514293 16.320000 0.000000 0.134781
46.315979 -21.378380 -1.751062 -0.514320 17.860001 0.000000 0.135581
47.092350 -21.737757 -1.943187 -0.514346 15.070000 0.000000 0.136715
53.641205 8.440108 -2.915977 -0.601260 17.360001 0.000000 0.723234
54.603420 8.574284 -2.967215 -0.512556 17.389999 0.000000 0.745822
62.080574 -0.862341 -2.454681 -0.601702 12.940000 0.000000 0.646956
62.946182 -0.382520 -2.499778 -0.601680 14.560000 0.000000 0.644372
63.787907 -0.893246 -2.872371 -0.601702 12.050000 0.000000 0.648605
62.438084 29.704935 0.461085 -0.512503 8.150000 0.000000 0.016683
63.218891 30.072155 0.247787 -0.512515 9.500000 0.000000 0.017142
58.777744 41.055553 -2.276203 -0.512476 9.380000 0.000000 0.730165
60.906059 39.675949 -1.476590 -0.424533 8.870000 0.000000 0.890316
61.630268 40.142860 -1.494312 -0.424547 12.050000 0.000000 0.890357
97.516808 13.411804 1.496076 -0.512622 10.050000 0.000000 0.772283
98.290565 14.099739 1.499919 -0.512617 11.370000 0.000000 0.765998
99.030807 14.988831 1.500871 -0.512612 8.240000 0.000000 0.757103
124.062325 5.624413 -0.138306 -0.601545 11.930000 0.000000 0.637899
126.732613 3.287743 -0.092058 -0.601594 11.910000 0.000000 0.636136
127.594177 3.310055 -0.092921 -0.601594 13.760000 0.000000 0.636136
128.432404 3.281978 -2.492163 -0.601594 12.140000 0.000000 0.636011
127.463074 20.151894 10.558513 -0.512622 9.490000 0.000000 0.712470
128.344376 20.284542 10.224378 -0.512622 9.650000 0.000000 0.715144
45.515755 -21.249149 -1.479409 -0.531127 18.040001 0.000000 0.430844
46.298439 -21.609114 -1.504997 -0.531152 19.190001 0.000000 0.430862
47.081131 -21.969072 -1.530585 -0.531177 15.750000 0.000000 0.430892
52.518730 5.158142 -2.618288 -0.532792 16.200001 0.000000 0.469124
53.270882 5.236064 -2.824245 -0.621584 18.500000 0.000000 1.002231
62.242695 -0.702711 -2.952622 -0.532784 14.070000 0.000000 0.492524
63.000458 -0.349623 -3.194227 -0.621585 14.880000 0.000000 0.977330
62.436142 29.873501 -0.352188 -0.532028 7.560000 0.000000 0.313823
63.215595 30.242990 0.244190 -0.532039 7.980000 0.000000 0.314630
59.193661 40.760040 -2.064425 -0.442876 8.760000 0.000000 0.457020
59.271984 42.177967 -1.457380 -0.442808 9.060000 0.000000 0.378880
61.476357 40.307209 -1.490938 -0.531353 11.650000 0.000000 0.892899
84.956802 -9.363743 -1.844890 -0.621458 11.760000 0.000000 1.044812
97.582809 13.479925 1.185227 -0.532798 10.250000 0.000000 0.438305
98.440369 13.592894 0.886135 -0.532799 11.620000 0.000000 0.438960
123.369019 5.647512 -1.682251 -0.532807 11.020000 0.000000 0.500477
124.229912 5.686805 -1.694123 -0.532807 11.410000 0.000000 0.500477
125.078384 5.710082 -2.484091 -0.532807 9.470000 0.000000 0.500155
126.793137 3.331851 -2.464305 -0.621602 12.500000 0.000000 0.967316
127.661446 3.362860 -2.084142 -0.621602 14.070000 0.000000 0.967111
127.743843 18.770205 10.576087 -0.532807 10.120000 0.000000 0.391352
128.593811 18.894581 10.645947 -0.532807 10.980000 0.000000 0.391360
45.573273 -21.327940 -1.480288 -0.539851 19.480000 0.000000 0.579140
46.350029 -21.691948 -1.625623 -0.539873 20.170000 0.000000 0.579906
47.132004 -22.053314 -1.653150 -0.539894 16.180000 0.000000 0.579923
53.086983 7.936424 -3.379546 -0.542800 19.100000 0.000000 0.249957
62.342819 -0.440884 -2.670649 -0.542759 13.360000 0.000000 0.330032
63.203884 -0.446799 -2.707556 -0.542759 14.670000 0.000000 0.330033
62.415462 28.070681 -0.350397 -0.541835 6.660000 0.000000 0.387689
63.202633 28.421688 -0.355096 -0.541844 9.320000 0.000000 0.387693
63.819881 29.144049 -0.578889 -0.541816 9.590000 0.000000 0.408307
73.531868 -11.703552 -1.277641 -0.542290 13.380000 0.000000 0.197158
85.186646 -9.003384 -1.396270 -0.542507 11.750000 0.000000 0.268128
86.033394 -9.104813 -1.881364 -0.542507 10.090000 0.000000 0.267551
87.355179 -0.080555 -2.665587 -0.542770 6.860000 0.000000 0.334271
89.091751 -0.587715 -2.152778 -0.542760 9.860000 0.000000 0.334103
96.841316 13.190347 0.870094 -0.542847 6.880000 0.000000 0.274572
97.695351 13.306132 0.877518 -0.542848 11.490000 0.000000 0.274562
98.442757 14.183813 0.873066 -0.542844 12.330000 0.000000 0.266161
123.473228 5.456250 -0.530572 -0.542827 9.610000 0.000000 0.334777
127.861778 3.167373 -0.896590 -0.542806 14.330000 0.000000 0.337657
128.702637 3.935020 -0.918195 -0.542813 12.290000 0.000000 0.337194
45.653728 -21.326509 -1.483967 -0.565749 19.959999 0.000000 1.005037
46.430492 -21.690519 -1.629303 -0.565769 20.240000 0.000000 1.005818
47.212471 -22.051884 -1.656830 -0.565788 16.420000 0.000000 1.005851
61.534084 -0.802701 -3.108467 -0.561580 9.950000 0.000000 0.014112
62.417568 -0.803097 -2.666094 -0.561580 14.410000 0.000000 0.016772
63.272057 -0.817237 -2.850651 -0.561581 14.730000 0.000000 0.016018
64.133003 -0.828177 -2.889444 -0.561581 11.320000 0.000000 0.016019
62.383278 28.425421 -1.797097 -0.477709 6.980000 0.000000 0.655310
63.187214 28.791204 -0.578488 -0.477714 10.450000 0.000000 0.656117
64.140678 28.774435 -0.585326 -0.477591 10.050000 0.000000 0.679534
59.742699 40.200558 -1.460704 -0.482014 8.790000 0.000000 0.135722
60.751411 40.201092 -2.331597 -0.481800 11.280000 0.000000 0.094733
72.633904 -12.159520 -2.395118 -0.562230 13.360000 0.000000 0.148579
73.483650 -12.300819 -2.423205 -0.562231 13.580000 0.000000 0.148574
84.397728 -8.923311 -1.847217 -0.561838 10.090000 0.000000 0.052397
85.260811 -9.006906 -1.599666 -0.561839 12.260000 0.000000 0.052038
86.063744 -9.596907 -1.602446 -0.561870 9.890000 0.000000 0.059515
88.229355 3.339305 -2.767548 -0.561635 9.320000 0.000000 0.022748
89.148300 1.128005 -2.748034 -0.561591 10.360000 0.000000 0.024531
96.818977 13.932891 0.323125 -0.562186 7.050000 0.000000 0.053037
97.667900 14.062847 0.862166 -0.562186 11.890000 0.000000 0.053970
98.520996 14.185202 0.869489 -0.562186 12.530000 0.000000 0.053964
122.714668 4.693009 -1.278224 -0.561635 7.440000 0.000000 0.024673
123.549385 5.449901 -0.917910 -0.561650 11.580000 0.000000 0.023284
45.841541 -21.239569 -1.336919 -0.522867 21.309999 0.000000 0.281769
46.624352 -21.599463 -1.359846 -0.522880 21.030001 0.000000 0.281782
47.407158 -21.959358 -1.382772 -0.522892 15.280000 0.000000 0.281785
61.687408 -0.322956 -2.645523 -0.522792 8.690000 0.000000 0.661077
62.496716 -0.328249 -2.680097 -0.611590 13.670000 0.000000 0.809148
63.348602 -0.704489 -2.856595 -0.611588 13.390000 0.000000 0.811402
64.192772 -0.721579 -3.244796 -0.611588 7.150000 0.000000 0.813319
63.804649 27.553747 0.662135 -0.523291 6.620000 0.000000 0.028769
64.599350 27.894148 0.232970 -0.523296 5.710000 0.000000 0.027760
72.897186 -11.449154 -1.734095 -0.522820 13.870000 0.000000 0.522358
73.663116 -12.146813 -1.506014 -0.522825 13.680000 0.000000 0.509805
84.504028 -9.245254 -1.118573 -0.522804 9.700000 0.000000 0.590081
85.413307 -8.843504 -1.143256 -0.522802 10.810000 0.000000 0.596976
88.325157 -0.973641 -3.776877 -0.611589 7.930000 0.000000 0.810669
97.028778 13.355956 0.326267 -0.522886 7.720000 0.000000 0.604420
97.882652 13.473158 0.329003 -0.522886 11.760000 0.000000 0.604424
98.684425 13.589476 0.334122 -0.611685 11.120000 0.000000 0.865881
123.570770 5.614115 -3.515666 -0.611612 8.630000 0.000000 0.805638
124.420158 5.644960 -3.926459 -0.611612 8.840000 0.000000 0.806181
45.902615 -21.350172 -1.337262 -0.495555 21.600000 0.000000 0.164387
46.684547 -21.711979 -1.360107 -0.495563 20.860001 0.000000 0.164390
47.484119 -22.061041 -0.895631 -0.495571 14.980000 0.000000 0.166648
61.768154 -0.464710 -2.261745 -0.581562 10.050000 0.000000 0.310866
62.621971 -0.475383 -2.487713 -0.581562 14.100000 0.000000 0.311679
63.490704 -0.477511 -2.324881 -0.581562 13.050000 0.000000 0.310865
64.316467 -2.591136 -1.908300 -0.581551 6.390000 0.000000 0.322974
63.388668 28.751816 -0.154815 -0.496452 8.050000 0.000000 0.351850
59.654617 40.608849 -2.978687 -0.410919 12.750000 0.000000 1.011233
61.031807 40.167583 -1.889945 -0.410590 9.900000 0.000000 1.097496
61.761440 40.643112 -1.511230 -0.410594 11.330000 0.000000 1.098143
84.601288 -8.960913 -1.129218 -0.581648 11.190000 0.000000 0.380081
85.458328 -9.051387 -1.140738 -0.581648 12.210000 0.000000 0.380077
86.319290 -9.135086 -0.883144 -0.581649 8.860000 0.000000 0.379965
89.369148 1.621384 -1.173272 -0.581597 13.130000 0.000000 0.304549
90.230835 1.637012 -1.184662 -0.581597 18.400000 0.000000 0.304549
97.858841 14.010492 1.773741 -0.582105 10.440000 0.000000 0.384917
98.711914 14.132356 1.789068 -0.582106 9.680000 0.000000 0.384930
45.922203 -21.473190 -1.492922 -0.548906 21.360001 0.000000 0.727736
46.709766 -21.833342 -1.358589 -0.548912 20.030001 0.000000 0.726834
47.660488 -21.829319 -1.397109 -0.549027 13.840000 0.000000 0.697061
61.854462 -0.636886 -2.790337 -0.552704 10.040000 0.000000 0.163774
62.737377 -0.633958 -2.294636 -0.552704 14.070000 0.000000 0.166223
63.611935 -0.633927 -1.931962 -0.552704 12.440000 0.000000 0.167579
64.245132 -5.257249 -2.447084 -0.552379 9.860000 0.000000 0.126610
65.193100 -4.068748 -2.511458 -0.552478 6.200000 0.000000 0.141592
58.407272 39.501419 -2.037196 -0.551160 7.080000 0.000000 1.293216
59.147987 39.983570 -2.063338 -0.462165 8.660000 0.000000 0.181369
59.848553 40.459969 -2.535854 -0.462169 8.500000 0.000000 0.180204
60.877083 40.472332 -2.570078 -0.462238 10.720000 0.000000 0.217938
84.683243 -9.187604 -1.392090 -0.552230 11.050000 0.000000 0.103848
85.544701 -9.273747 -1.139777 -0.552230 11.320000 0.000000 0.104064
86.470932 -8.699641 -1.169009 -0.552275 6.600000 0.000000 0.112305
89.446228 1.878266 -2.500457 -0.552809 13.320000 0.000000 0.170773
97.168541 13.619716 0.542034 -0.553022 8.330000 0.000000 0.102469
98.022095 13.739205 0.546734 -0.553022 11.380000 0.000000 0.102470
98.872841 13.863122 0.860601 -0.553022 9.910000 0.000000 0.101908
98.763962 22.581785 7.201845 -0.552999 6.350000 0.000000 0.054186
132.731018 17.712368 10.515811 -0.553020 8.260000 0.000000 0.073999
46.071930 -21.383081 -1.501686 -0.461058 21.090000 0.000000 0.738486
46.853512 -21.745493 -1.527171 -0.461060 19.410000 0.000000 0.738478
56.557751 4.025298 3.982256 -0.552878 16.219999 0.000000 0.129025
57.415359 4.086298 4.042562 -0.552878 13.580000 0.000000 0.129027
61.948906 -0.871914 -2.645339 -0.552721 11.860000 0.000000 0.163064
62.803486 -0.887213 -2.827873 -0.552721 14.520000 0.000000 0.162330
63.670944 -0.896113 -2.718877 -0.552721 13.160000 0.000000 0.163064
58.774517 39.169918 -1.007425 -0.461865 5.620000 0.000000 0.220469
59.184464 40.105072 -1.015833 -0.461798 7.250000 0.000000 0.182782
59.589478 41.048836 -0.576152 -0.461731 7.240000 0.000000 0.144790
97.326180 13.071486 1.458170 -0.552905 9.430000 0.000000 0.108763
98.188713 13.177561 0.857970 -0.552905 12.100000 0.000000 0.110155
98.141441 22.016701 6.596554 -0.552813 8.670000 0.000000 0.039521
132.852631 17.962902 9.678361 -0.552906 7.520000 0.000000 0.079094
3.109664 -0.162206 -0.910830 -0.553326 7.290000 0.000000 0.207984
2.924221 -1.976945 -0.880367 -0.420366 8.150000 0.000000 0.450368
3.697331 -0.653819 -1.002515 -0.549522 7.810000 0.000000 0.236674
3.383806 -0.419595 -1.060277 -0.461946 7.030000 0.000000 1.192226
3.710807 -0.473832 -1.028111 -0.551795 7.600000 0.000000 0.217068
3.575637 -0.153923 -1.040032 -0.513051 6.920000 0.000000 0.468848
2.535791 -2.200974 -0.999202 -0.481246 6.470000 0.000000 1.315685
5.793517 9.222565 -0.256501 -0.303428 14.040000 0.000000 0.103133
5.792486 9.238262 -0.254886 -0.316196 13.390000 0.000000 0.114850
5.642162 9.226809 -0.242083 -0.327325 13.790000 0.000000 0.386785
5.573287 9.144464 -0.239067 -0.326571 13.810000 0.000000 0.385886
5.395380 9.247222 -0.233255 -0.342014 14.120000 0.000000 0.793204
5.683046 9.144415 -0.202310 -0.313404 13.800000 0.000000 0.099650
5.463355 9.077600 -0.197619 -0.345007 12.610000 0.000000 0.735000
5.613811 9.330939 -0.193707 -0.333046 9.120000 0.000000 0.538221
5.728494 9.154256 -0.179568 -0.315682 14.810000 0.000000 0.113243
5.659756 9.190245 -0.172087 -0.330725 14.200000 0.000000 0.418336
5.754682 9.225598 -0.166857 -0.314155 14.960000 0.000000 0.099208
5.592901 9.106952 -0.142377 -0.330053 13.140000 0.000000 0.416992
5.639149 9.183828 -0.069533 -0.319103 13.610000 0.000000 0.236633
12.278606 -2.665922 -0.167495 -0.724000 14.580000 1.000000 2.918461
12.333408 -2.962799 -0.115095 -0.612752 12.360000 0.000000 1.126374
12.228887 -2.938136 -0.114056 -0.612746 14.520000 0.000000 1.126356
12.329640 -2.551771 1.441689 -0.724000 13.550000 1.000000 2.968644
13.546253 -2.298929 -0.446661 -1.176500 17.500000 1.000000 10.322894
13.440423 -2.280968 -0.443172 -1.176500 17.129999 1.000000 10.322894
13.334594 -2.263008 -0.439682 -1.176500 12.350000 1.000000 10.322894
12.859490 -3.831778 -0.426221 -0.814500 10.010000 1.000000 4.609113
13.653600 -2.315879 -0.407341 -1.176500 13.340000 1.000000 10.322168
18.486498 4.018600 -0.392035 -0.599209 12.290000 0.000000 0.769429
13.875955 -3.445263 -0.386416 -0.541855 12.950000 0.000000 0.028041
18.758801 4.272103 -0.375539 -0.543601 17.240000 0.000000 0.133287
18.753414 3.775740 -0.361249 -0.603724 20.209999 0.000000 0.817648
12.668895 8.463220 -0.360517 -0.497472 8.690000 0.000000 0.375041
18.485279 5.732312 -0.354096 -0.596433 14.590000 0.000000 0.912258
14.112496 -3.386167 -0.350715 -0.541901 14.110000 0.000000 0.046578
14.008054 -3.361279 -0.348106 -0.541900 15.640000 0.000000 0.046568
18.681747 3.802778 -0.345957 -0.511818 15.440000 0.000000 0.700553
14.030964 -3.614777 -0.329367 -0.555875 10.470000 0.000000 0.225291
14.028309 -4.241365 -0.312345 -0.476687 8.260000 0.000000 0.973948
13.069138 -3.903513 -0.304703 -0.631760 9.620000 0.000000 1.584037
18.619230 3.972476 -0.281855 -0.601805 20.059999 0.000000 0.805228
18.657858 3.630431 -0.276105 -0.552364 14.620000 0.000000 0.043460
13.799327 -2.390774 -0.272391 -1.154724 15.160000 1.000000 9.966638
13.969632 -3.172042 -0.249508 -0.583540 12.640000 0.000000 0.614022
18.649702 3.756716 -0.239624 -0.603722 17.959999 0.000000 0.817490
18.696815 3.655760 -0.235722 -0.564280 17.030001 0.000000 0.155235
13.906259 -2.407422 -0.229742 -1.154733 12.130000 1.000000 9.966351
11.215051 10.673487 -0.208358 -0.399962 12.450000 0.000000 0.267561
14.088801 -3.467665 -0.196724 -0.532432 10.260000 0.000000 0.190121
18.691175 3.512222 -0.194079 -0.568866 15.110000 0.000000 0.219680
13.829255 -3.114316 -0.185564 -0.633500 11.720000 0.000000 1.437041
12.969569 -3.869563 -0.175825 -0.631757 8.080000 0.000000 1.582601
18.851694 3.417889 -0.173215 -0.564172 19.629999 0.000000 0.132406
18.679197 3.778709 -0.108339 -0.574117 16.820000 0.000000 0.328795
14.063446 -3.573417 -0.080892 -0.612796 11.950000 0.000000 1.158954
14.136436 -3.599959 -0.080127 -0.702987 9.520000 1.000000 2.653565
13.081198 -3.904034 -0.014162 -0.612621 13.930000 0.000000 1.266448
18.623186 4.022133 0.010463 -0.493061 13.230000 0.000000 0.990291
18.596502 4.153817 0.013938 -0.583294 19.459999 0.000000 0.516452
18.601990 4.468831 0.111781 -0.566911 19.969999 0.000000 0.276481
18.782545 4.164346 0.295500 -0.603822 20.049999 0.000000 0.855981
13.763110 -2.359727 0.316178 -1.264816 12.700000 1.000000 11.791122
18.399145 5.989976 0.468907 -0.563226 19.030001 0.000000 0.404804
18.772718 4.766160 0.478812 -0.525697 19.930000 0.000000 0.375092
18.733614 4.469644 0.479694 -0.526368 18.040001 0.000000 0.393296
13.844197 -3.272828 1.349988 -0.622472 11.910000 0.000000 1.329115
13.253342 -3.772361 1.438126 -0.724000 13.490000 1.000000 3.133498
13.420752 -2.604460 1.725941 -0.883695 12.300000 1.000000 5.601491
13.600863 -2.356604 1.773035 -0.793583 14.380000 1.000000 4.074756
12.980153 -3.899476 2.394275 -0.612580 13.000000 0.000000 1.423647
13.706816 -3.080469 2.583086 -0.724000 11.980000 1.000000 3.102248
13.306340 -2.216842 2.627433 -1.355073 16.450001 1.000000 13.460709
13.738626 -3.215680 2.631782 -0.902894 11.150000 1.000000 6.088480
18.324488 5.989382 3.418941 -0.530590 19.230000 0.000000 0.017059
18.100697 5.948369 3.601731 -0.493266 19.790001 0.000000 0.577339
17.866386 6.832421 3.748026 -0.566232 14.200000 0.000000 0.780148
18.232006 5.322497 3.862683 -0.548244 18.110001 0.000000 0.273580
17.945726 5.986738 4.638659 -0.551631 18.850000 0.000000 0.507548
17.935707 6.990594 4.677825 -0.524445 16.500000 0.000000 0.196781
18.073227 6.924139 4.703393 -0.524416 13.040000 0.000000 0.178486
17.770922 7.084811 4.711884 -0.524484 16.129999 0.000000 0.228426
17.945799 6.267445 4.722964 -0.551561 18.980000 0.000000 0.551659
17.731958 7.697727 4.792340 -0.529071 12.960000 0.000000 0.407402
17.780781 7.494895 5.132071 -0.509677 15.290000 0.000000 0.088430
17.573669 6.920820 5.405687 -0.545116 17.040001 0.000000 0.644194
17.716463 6.843849 5.853737 -0.545397 16.410000 0.000000 0.681178
17.389467 6.551847 6.278595 -0.566097 16.980000 0.000000 1.074075
21.520243 3.825735 -0.449028 -0.539758 11.850000 0.000000 0.276362
21.346031 3.778063 -0.448564 -0.561617 13.920000 0.000000 0.084481
21.216921 3.889813 -0.447988 -0.561532 15.070000 0.000000 0.092042
18.663906 5.932527 -0.444882 -0.493298 18.820000 0.000000 0.776578
21.385294 3.813121 -0.442634 -0.528799 13.420000 0.000000 0.457082
18.561302 5.900909 -0.442363 -0.493290 19.500000 0.000000 0.776582
23.510839 4.014677 -0.430544 -0.532241 11.670000 0.000000 0.410586
21.205021 3.893142 -0.424909 -0.551177 12.710000 0.000000 0.079122
22.015057 3.767989 -0.423659 -0.543000 12.860000 0.000000 0.231855
21.152050 3.787841 -0.423025 -0.570736 14.930000 0.000000 0.238287
21.046152 3.770205 -0.420663 -0.570730 14.150000 0.000000 0.238275
17.602160 8.788371 -0.419808 -0.560399 13.950000 0.000000 0.849544
18.315660 8.329724 -0.416010 -0.524814 11.260000 0.000000 0.121388
22.583849 3.890660 -0.414228 -0.583419 8.700000 0.000000 0.438801
18.507629 7.216258 -0.412929 -0.543000 15.190000 0.000000 0.233050
18.410681 7.897760 -0.410844 -0.514192 9.520000 0.000000 0.131929
21.126959 3.956479 -0.409642 -0.543510 14.690000 0.000000 0.200765
21.140448 4.012050 -0.408313 -0.523567 13.560000 0.000000 0.527252
23.651989 3.982274 -0.407801 -0.539192 17.980000 0.000000 0.298731
21.021400 3.936788 -0.407584 -0.543510 11.020000 0.000000 0.200760
21.258944 3.818218 -0.396798 -0.603819 13.640000 0.000000 0.786683
21.601564 3.814781 -0.390143 -0.602296 12.090000 0.000000 0.757229
21.450016 3.880856 -0.387880 -0.552521 13.480000 0.000000 0.060826
21.366716 3.907768 -0.387853 -0.602230 13.370000 0.000000 0.765009
21.344231 3.862450 -0.385840 -0.552518 13.960000 0.000000 0.060828
21.260963 3.889157 -0.385810 -0.602226 13.120000 0.000000 0.764992
21.380945 3.782807 -0.382598 -0.542325 14.830000 0.000000 0.235264
21.453163 3.797170 -0.379870 -0.561620 13.080000 0.000000 0.084293
21.112408 3.872523 -0.375551 -0.561529 15.400000 0.000000 0.091870
18.675974 7.151939 -0.371764 -0.560519 10.330000 0.000000 0.503724
23.770279 3.955767 -0.368381 -0.564119 23.160000 0.000000 0.111345
22.545830 4.096681 -0.361348 -0.523540 10.760000 0.000000 0.539666
23.749874 4.087130 -0.359863 -0.583438 22.709999 0.000000 0.438701
18.517397 6.316749 -0.358893 -0.562508 14.550000 0.000000 0.426230
21.418001 3.930502 -0.355927 -0.551188 12.670000 0.000000 0.079280
18.816084 6.683712 -0.339769 -0.475809 11.900000 0.000000 0.973150
22.027296 3.982437 -0.338825 -0.574085 11.150000 0.000000 0.295884
22.270351 3.627593 -0.331587 -0.532277 8.290000 0.000000 0.420416
20.964922 3.792123 -0.328383 -0.564201 9.890000 0.000000 0.132366
21.487864 3.801951 -0.313901 -0.542328 13.820000 0.000000 0.235354
23.826002 4.129172 -0.306574 -0.543479 9.750000 0.000000 0.221318
23.720181 4.110896 -0.305199 -0.543478 11.190000 0.000000 0.221331
18.596132 6.573854 -0.302948 -0.533888 15.090000 0.000000 0.016050
21.493517 3.833448 -0.300882 -0.528803 12.880000 0.000000 0.457329
21.632347 3.881866 -0.294273 -0.520226 11.470000 0.000000 0.597814
18.322559 -10.285154 -0.293915 -0.433032 10.660000 0.000000 0.863499
22.228594 3.806513 -0.288257 -0.543000 13.240000 0.000000 0.232025
23.777197 3.953988 -0.285224 -0.574030 23.100000 0.000000 0.275192
23.408405 4.008034 -0.284984 -0.603832 10.730000 0.000000 0.775124
23.435644 4.041196 -0.283123 -0.574060 10.490000 0.000000 0.283825
21.472160 3.843265 -0.282672 -0.570752 12.110000 0.000000 0.238086
23.830650 4.070015 -0.282544 -0.532246 18.209999 0.000000 0.410702
21.871441 3.886860 -0.280782 -0.551101 14.740000 0.000000 0.089061
21.313250 3.913678 -0.280503 -0.551182 14.660000 0.000000 0.079337
21.425980 3.912284 -0.278601 -0.551271 13.250000 0.000000 0.079348
23.753317 3.987233 -0.273399 -0.602422 21.750000 0.000000 0.747317
21.036709 3.994298 -0.272754 -0.523566 14.470000 0.000000 0.527419
23.306946 3.869349 -0.265871 -0.552628 10.660000 0.000000 0.079522
20.917204 3.909852 -0.265483 -0.603723 11.660000 0.000000 0.795362
18.418926 7.450006 -0.256630 -0.551462 16.280001 0.000000 0.413766
23.482948 3.895217 -0.240003 -0.520576 10.800000 0.000000 0.610388
23.287735 3.988919 -0.228920 -0.543000 12.370000 0.000000 0.231978
23.766195 3.986485 -0.225622 -0.523487 22.830000 0.000000 0.559756
21.510975 3.779118 -0.224531 -0.538903 12.860000 0.000000 0.293848
23.342464 3.915879 -0.221487 -0.523486 10.750000 0.000000 0.559746
23.854015 4.115703 -0.219969 -0.564167 25.430000 0.000000 0.120169
23.745350 3.955072 -0.219832 -0.603702 22.809999 0.000000 0.766826
23.726786 4.062561 -0.213035 -0.603836 22.950001 0.000000 0.775202
22.526173 4.071280 -0.212825 -0.603726 11.110000 0.000000 0.786488
18.529121 6.489576 -0.209970 -0.547425 14.880000 0.000000 0.199546
23.883854 3.972449 -0.209867 -0.574031 24.650000 0.000000 0.275264
21.265066 3.814982 -0.208215 -0.543489 15.600000 0.000000 0.212740
21.558304 3.769125 -0.207338 -0.551343 12.250000 0.000000 0.089039
20.918196 3.920206 -0.207266 -0.543509 10.210000 0.000000 0.200889
21.320972 3.895573 -0.203175 -0.551265 15.270000 0.000000 0.079290
21.448538 3.818383 -0.199618 -0.551079 13.580000 0.000000 0.088994
23.344616 3.781293 -0.185383 -0.542453 10.690000 0.000000 0.253118
18.431131 7.442971 -0.184240 -0.505078 17.990000 0.000000 0.356048
18.337660 7.567190 -0.178571 -0.531579 16.549999 0.000000 0.108023
22.018663 3.894090 -0.177617 -0.542342 14.820000 0.000000 0.235255
18.673903 7.244850 -0.174277 -0.518808 12.680000 0.000000 0.173237
18.119545 9.239373 -0.166823 -0.525098 11.490000 0.000000 0.298842
18.332172 -10.327629 -0.157915 -0.479499 8.130000 0.000000 0.086777
23.872553 4.005290 -0.151266 -0.523487 25.549999 0.000000 0.559617
22.335453 3.826796 -0.149479 -0.543000 14.490000 0.000000 0.231843
18.207333 7.631380 -0.149133 -0.545578 14.950000 0.000000 0.358610
23.828075 4.113141 -0.147126 -0.603717 25.290001 0.000000 0.775193
21.414404 3.748697 -0.138720 -0.589418 11.210000 0.000000 0.541751
22.552668 4.077555 -0.137896 -0.564219 10.090000 0.000000 0.132562
23.833128 4.081507 -0.137684 -0.603838 24.860001 0.000000 0.775379
18.357573 -10.311606 -0.125746 -0.466518 9.490000 0.000000 0.307585
22.537140 3.995561 -0.121928 -0.532182 12.770000 0.000000 0.402771
18.586121 7.634380 -0.121355 -0.504928 12.650000 0.000000 0.338608
23.390291 4.029520 -0.116467 -0.552603 11.800000 0.000000 0.071504
23.224411 3.903640 -0.115163 -0.602411 11.380000 0.000000 0.747588
18.473858 7.389090 -0.106397 -0.559632 13.280000 0.000000 0.536422
18.367899 -10.282479 -0.102090 -0.452500 10.540000 0.000000 0.546462
18.216917 -10.398905 -0.092691 -0.450255 8.690000 0.000000 0.543820
23.182486 3.972951 -0.082412 -0.543000 15.140000 0.000000 0.231619
23.298141 4.041108 -0.079509 -0.543478 15.600000 0.000000 0.220896
21.608765 3.756619 -0.079086 -0.519284 12.430000 0.000000 0.620954
23.237143 3.900439 -0.073658 -0.523485 13.520000 0.000000 0.559375
22.254013 3.914278 -0.072777 -0.523514 13.280000 0.000000 0.548092
23.300121 4.000783 -0.071352 -0.570971 12.380000 0.000000 0.231970
23.216125 3.870075 -0.067219 -0.603698 13.100000 0.000000 0.767214
23.325272 4.027913 -0.065987 -0.564162 11.210000 0.000000 0.120568
22.028559 3.807104 -0.065025 -0.603703 8.770000 0.000000 0.775428
22.024193 3.984454 -0.063896 -0.564213 10.050000 0.000000 0.132806
23.242563 3.873508 -0.063672 -0.564115 13.050000 0.000000 0.111799
23.136581 3.856107 -0.063306 -0.564114 13.420000 0.000000 0.111797
22.202307 3.853672 -0.058750 -0.551454 13.360000 0.000000 0.088622
18.532322 7.482044 -0.054607 -0.505099 17.270000 0.000000 0.355666
18.438690 7.606716 -0.048275 -0.531604 16.150000 0.000000 0.108427
18.325768 -10.260572 -0.046133 -0.514654 9.320000 0.000000 0.483135
18.471619 6.867836 -0.038384 -0.519690 14.780000 0.000000 0.202425
18.900293 5.837006 -0.030389 -0.564040 14.080000 0.000000 0.373134
22.077311 3.787061 -0.018588 -0.539945 11.470000 0.000000 0.281775
18.342236 7.866421 -0.015853 -0.545365 12.360000 0.000000 0.384030
18.357578 7.552042 -0.014474 -0.545832 15.530000 0.000000 0.340816
22.018591 3.821677 -0.011864 -0.569446 9.450000 0.000000 0.209440
22.345661 3.877468 -0.005693 -0.543476 11.320000 0.000000 0.220576
22.239834 3.859172 -0.005647 -0.543475 14.620000 0.000000 0.220588
22.359777 3.933740 -0.002414 -0.523515 15.490000 0.000000 0.547760
22.071821 3.707162 0.000151 -0.523481 9.750000 0.000000 0.559036
22.209581 4.017700 0.002554 -0.603723 13.830000 0.000000 0.787210
22.372370 3.866813 0.008789 -0.564153 15.760000 0.000000 0.120909
22.266491 3.848797 0.008831 -0.564152 14.500000 0.000000 0.120910
22.271996 3.849152 0.018880 -0.574043 12.730000 0.000000 0.284685
22.351772 3.995149 0.022367 -0.583416 13.080000 0.000000 0.448034
22.269253 3.844144 0.024267 -0.583413 12.470000 0.000000 0.439574
23.245874 3.865859 0.025890 -0.583427 11.740000 0.000000 0.431437
21.922228 3.875424 0.034161 -0.602304 10.970000 0.000000 0.758093
23.330566 3.923087 0.036255 -0.602413 10.940000 0.000000 0.748251
22.013271 3.802666 0.036782 -0.552572 12.810000 0.000000 0.070827
22.016348 3.714739 0.048877 -0.561741 10.310000 0.000000 0.075681
23.076347 3.956812 0.062771 -0.543000 16.139999 0.000000 0.230908
23.222429 3.845514 0.069559 -0.543455 16.760000 0.000000 0.231074
18.440241 7.789178 0.071180 -0.524647 10.110000 0.000000 0.022491
22.315062 4.037527 0.073574 -0.603724 15.320000 0.000000 0.787634
23.109861 3.854693 0.079947 -0.603698 13.180000 0.000000 0.767986
23.007360 3.975914 0.081935 -0.564159 16.040001 0.000000 0.121337
22.319376 4.011526 0.084919 -0.603835 15.080000 0.000000 0.787841
22.244364 3.817773 0.087085 -0.603817 13.530000 0.000000 0.776405
22.377642 3.868008 0.090911 -0.574045 14.290000 0.000000 0.285141
18.318312 8.075194 0.093373 -0.493638 12.170000 0.000000 0.436214
23.330729 4.028871 0.093539 -0.574059 10.920000 0.000000 0.285140
23.248178 3.873394 0.095206 -0.574023 11.460000 0.000000 0.276499
22.007883 3.907438 0.095839 -0.532172 15.620000 0.000000 0.401664
23.351612 3.884079 0.101253 -0.583429 11.160000 0.000000 0.431901
23.332806 3.802380 0.103897 -0.532293 11.280000 0.000000 0.419064
19.015457 5.025718 0.117180 -0.531327 17.049999 0.000000 0.265416
18.267832 7.596178 0.118678 -0.563657 13.380000 0.000000 0.649577
21.923502 3.798185 0.129487 -0.600515 10.880000 0.000000 0.724201
18.573538 7.210359 0.140909 -0.518781 14.620000 0.000000 0.171562
23.197216 3.978712 0.145519 -0.603830 12.140000 0.000000 0.776809
22.695000 3.922354 0.146587 -0.574049 10.270000 0.000000 0.285524
22.348198 3.829642 0.152875 -0.532222 8.600000 0.000000 0.408916
23.139244 3.850506 0.156694 -0.583426 11.060000 0.000000 0.432311
22.087269 3.999611 0.160977 -0.552537 8.660000 0.000000 0.059073
23.438515 3.819975 0.160998 -0.532294 12.360000 0.000000 0.418667
22.096745 3.863189 0.164088 -0.610262 12.780000 0.000000 0.887979
22.542351 3.892529 0.165630 -0.552584 11.080000 0.000000 0.069934
23.386000 3.921384 0.170183 -0.551522 12.210000 0.000000 0.094176
23.085230 4.008151 0.194004 -0.543477 14.540000 0.000000 0.219255
23.129929 3.886503 0.200712 -0.523485 14.220000 0.000000 0.557688
18.515612 7.058613 0.206881 -0.519169 15.470000 0.000000 0.183778
18.321863 8.185008 0.211912 -0.514012 13.220000 0.000000 0.080136
23.090651 3.961859 0.219039 -0.603828 12.410000 0.000000 0.777401
23.302464 3.997474 0.220788 -0.603831 11.110000 0.000000 0.777407
23.271376 3.710336 0.222589 -0.589987 10.570000 0.000000 0.532569
18.716574 6.903275 0.225442 -0.514545 13.980000 0.000000 0.293724
22.223913 3.840581 0.236729 -0.552577 10.820000 0.000000 0.069275
22.968668 3.941155 0.260674 -0.543000 16.639999 0.000000 0.229353
22.229210 3.860346 0.266387 -0.569453 10.830000 0.000000 0.211555
22.364925 3.847384 0.266585 -0.529050 11.390000 0.000000 0.459616
18.505032 6.020448 0.276675 -0.563248 16.270000 0.000000 0.401926
23.320463 3.843844 0.277938 -0.569756 12.680000 0.000000 0.204874
22.979216 3.974272 0.278665 -0.603710 15.530000 0.000000 0.777812
22.983866 3.944959 0.291893 -0.603827 15.710000 0.000000 0.778103
18.533039 6.901107 0.293901 -0.530049 14.000000 0.000000 0.026766
22.902592 3.954410 0.301769 -0.583424 16.250000 0.000000 0.441770
23.008499 3.972201 0.302976 -0.583426 15.120000 0.000000 0.441772
22.252186 3.802354 0.315397 -0.542383 11.850000 0.000000 0.239923
18.376539 7.811839 0.319991 -0.544493 13.250000 0.000000 0.361280
22.605003 3.878434 0.336122 -0.539960 14.030000 0.000000 0.278946
22.991388 4.048914 0.342776 -0.523517 16.299999 0.000000 0.545018
22.546179 3.913606 0.344416 -0.569464 14.490000 0.000000 0.212354
21.603266 3.917084 0.348028 -0.574076 11.760000 0.000000 0.299667
22.380798 3.789752 0.348232 -0.539154 12.380000 0.000000 0.295119
23.488859 4.220861 0.358923 -0.519143 8.210000 0.000000 0.612348
22.981155 3.938206 0.379320 -0.532232 14.800000 0.000000 0.406786
22.327871 3.859992 0.383732 -0.552579 12.680000 0.000000 0.067699
18.325348 7.654435 0.387750 -0.544698 16.750000 0.000000 0.343953
23.391216 3.900791 0.395963 -0.551604 10.830000 0.000000 0.092021
22.225151 3.753512 0.397455 -0.561746 9.430000 0.000000 0.078924
22.331156 3.770632 0.399004 -0.561749 11.840000 0.000000 0.078923
24.383514 4.025525 0.399426 -0.571140 10.450000 0.000000 0.229136
22.450285 3.888913 0.411200 -0.600533 13.000000 0.000000 0.727030
18.589693 7.182363 0.412115 -0.528497 15.080000 0.000000 0.012787
22.680813 3.901182 0.420670 -0.529059 13.850000 0.000000 0.457945
23.461786 3.722611 0.443022 -0.519788 12.600000 0.000000 0.628554
24.190472 3.830705 0.447997 -0.569973 10.820000 0.000000 0.201875
22.355719 3.821481 0.463393 -0.542385 10.860000 0.000000 0.238136
22.530682 3.859112 0.468781 -0.551252 15.670000 0.000000 0.090846
22.131109 3.837413 0.480289 -0.600522 8.850000 0.000000 0.728018
22.284645 3.828188 0.480593 -0.539950 9.610000 0.000000 0.277078
23.378996 3.993980 0.481206 -0.551288 11.580000 0.000000 0.090909
22.259932 3.718525 0.484118 -0.600680 10.370000 0.000000 0.722210
22.496555 3.862869 0.484349 -0.539957 12.010000 0.000000 0.277076
18.771563 7.204500 0.484538 -0.491286 11.630000 0.000000 0.634943
24.606611 3.750011 0.491473 -0.551791 8.250000 0.000000 0.105953
22.369139 3.747937 0.499709 -0.519506 12.010000 0.000000 0.620954
22.590338 3.825573 0.502102 -0.539160 13.620000 0.000000 0.293216
22.967457 3.985185 0.502691 -0.569477 11.090000 0.000000 0.214225
22.635309 3.876896 0.548373 -0.551257 15.340000 0.000000 0.089746
23.282473 3.886231 0.554139 -0.551600 13.920000 0.000000 0.089957
22.706884 3.898385 0.563484 -0.539962 11.300000 0.000000 0.276025
22.648039 3.933665 0.572772 -0.569467 10.710000 0.000000 0.215345
18.980444 4.073114 0.595310 -0.550486 18.799999 0.000000 0.034543
18.891001 6.420314 0.596652 -0.513767 13.800000 0.000000 0.376681
24.299660 3.964660 0.608123 -0.529381 11.170000 0.000000 0.462283
24.293468 3.848682 0.610948 -0.569975 12.050000 0.000000 0.203948
18.432871 6.972103 0.613709 -0.510249 15.240000 0.000000 0.333769
24.664202 3.712887 0.619300 -0.529788 9.750000 0.000000 0.470886
24.305237 3.809631 0.648241 -0.571310 11.690000 0.000000 0.224496
19.012669 5.063544 0.650861 -0.484231 15.610000 0.000000 1.033521
18.619287 7.336471 0.681157 -0.509490 13.650000 0.000000 0.301656
24.533365 3.848645 0.696141 -0.529588 12.530000 0.000000 0.465540
18.634569 5.963465 0.717105 -0.484683 18.250000 0.000000 0.904428
23.267885 3.979852 0.719733 -0.551283 13.410000 0.000000 0.087312
22.914894 3.934644 0.719974 -0.539968 9.940000 0.000000 0.273584
24.424974 3.833639 0.774588 -0.529586 12.910000 0.000000 0.464243
18.601048 6.090677 0.795364 -0.524164 15.720000 0.000000 0.230978
22.884800 3.783509 0.808980 -0.569743 8.940000 0.000000 0.212576
18.595501 5.918997 0.818645 -0.513689 17.660000 0.000000 0.425919
21.945023 4.015998 0.829709 -0.551296 7.750000 0.000000 0.067767
24.333265 3.752905 0.861429 -0.539692 12.220000 0.000000 0.298730
24.437429 3.769136 0.925659 -0.539694 13.750000 0.000000 0.297627
24.520451 3.935255 0.926890 -0.539493 13.100000 0.000000 0.293358
24.391027 3.906299 0.956942 -0.543441 24.580000 0.000000 0.227773
24.487455 3.876301 0.977288 -0.552683 12.570000 0.000000 0.076740
24.401768 3.872898 1.026507 -0.519809 11.620000 0.000000 0.619514
24.379038 3.860600 1.032893 -0.552681 13.280000 0.000000 0.075549
24.405066 3.815930 1.121502 -0.542506 12.490000 0.000000 0.244678
24.487846 3.979199 1.123800 -0.542473 13.690000 0.000000 0.237667
24.295397 3.800591 1.196334 -0.542504 8.300000 0.000000 0.242892
24.300835 3.914084 1.231555 -0.574002 11.190000 0.000000 0.285105
18.444292 7.958593 1.295228 -0.493617 12.580000 0.000000 0.440616
18.815977 7.034181 1.298652 -0.493471 12.240000 0.000000 0.606102
18.459087 7.184640 1.373026 -0.513869 15.020000 0.000000 0.223146
18.341246 7.450810 2.199915 -0.493518 12.450000 0.000000 0.475747
21.450445 3.836957 2.593224 -0.542324 12.770000 0.000000 0.155922
24.412092 4.195609 3.008086 -0.542427 12.900000 0.000000 0.160897
18.275864 7.700769 3.175108 -0.476782 10.020000 0.000000 0.648710
18.701757 6.669137 3.234596 -0.546576 11.900000 0.000000 0.333705
17.565882 9.742528 3.316243 -0.462733 13.850000 0.000000 0.460312
22.557171 3.895919 3.319197 -0.542387 10.780000 0.000000 0.129963
17.904865 8.613724 3.357297 -0.514391 11.720000 0.000000 0.165617
18.463913 8.253827 3.391147 -0.514011 10.350000 0.000000 0.053945
17.728745 9.645210 3.397396 -0.462746 9.510000 0.000000 0.490117
21.718540 3.779211 3.477000 -0.539930 14.980000 0.000000 0.150519
18.206900 6.814233 3.520268 -0.513800 16.610001 0.000000 0.134554
22.602434 3.951032 3.536443 -0.552582 12.610000 0.000000 0.054701
22.606995 4.047172 3.554785 -0.542353 12.020000 0.000000 0.107917
21.572826 3.765900 3.555681 -0.529021 14.210000 0.000000 0.323346
21.543257 3.795151 3.556380 -0.569423 16.500000 0.000000 0.348076
21.664576 3.796970 3.568273 -0.564144 11.850000 0.000000 0.258917
22.572317 4.042957 3.577106 -0.561648 9.370000 0.000000 0.213457
18.293774 7.473409 3.584008 -0.452500 8.570000 0.000000 1.055127
22.708418 3.878208 3.595206 -0.561755 13.010000 0.000000 0.204058
21.592196 3.760431 3.605352 -0.539926 16.010000 0.000000 0.140053
21.544737 3.786218 3.606938 -0.600496 14.060000 0.000000 0.865543
21.472191 3.692415 3.633594 -0.539120 10.600000 0.000000 0.152775
21.416536 3.776162 3.684339 -0.569419 13.640000 0.000000 0.358924
22.802149 3.894651 3.685973 -0.561757 10.060000 0.000000 0.209031
16.796747 10.602762 3.815620 -0.453595 13.190000 0.000000 0.316143
20.974276 3.749677 3.921173 -0.538876 13.660000 0.000000 0.119299
21.046715 3.855966 3.938495 -0.519052 14.020000 0.000000 0.441274
21.580868 3.701401 3.940604 -0.561724 13.440000 0.000000 0.242315
20.851473 3.690646 3.957480 -0.519251 13.230000 0.000000 0.441758
21.591673 3.660671 3.962007 -0.603684 8.840000 0.000000 0.936045
20.955879 3.708064 3.975545 -0.519255 14.000000 0.000000 0.441901
22.445505 4.055783 3.997020 -0.528829 8.860000 0.000000 0.297692
22.439413 4.185946 4.046312 -0.539609 8.570000 0.000000 0.107577
21.312595 4.043281 4.060880 -0.564252 12.850000 0.000000 0.321841
22.187305 3.984554 4.166401 -0.542341 10.160000 0.000000 0.059451
22.381208 4.083163 4.204042 -0.569245 9.020000 0.000000 0.389909
22.825397 3.906077 4.210968 -0.561757 9.380000 0.000000 0.245510
21.406351 3.809255 4.252825 -0.551326 15.070000 0.000000 0.105969
21.510729 3.826524 4.271300 -0.551331 15.510000 0.000000 0.105787
17.925966 7.550853 4.304746 -0.545326 17.059999 0.000000 0.587320
21.490742 4.080802 4.312874 -0.583394 14.040000 0.000000 0.656639
22.913538 3.921938 4.323539 -0.561759 12.570000 0.000000 0.252663
22.738489 4.100114 4.327567 -0.539790 8.500000 0.000000 0.096417
21.502853 3.805432 4.369338 -0.551412 14.070000 0.000000 0.114210
22.092197 4.110819 4.391217 -0.561555 11.540000 0.000000 0.286385
21.913845 4.070834 4.391288 -0.602239 11.260000 0.000000 0.962431
21.388603 3.787519 4.405946 -0.551406 13.030000 0.000000 0.119326
21.995413 4.043266 4.413077 -0.552530 10.620000 0.000000 0.137203
22.482677 3.952343 4.425189 -0.600528 11.860000 0.000000 0.914547
21.188545 4.173189 4.444483 -0.603841 12.810000 0.000000 1.021596
17.999554 7.579327 4.459484 -0.545356 14.610000 0.000000 0.600790
22.714285 3.849265 4.465257 -0.600688 10.820000 0.000000 0.908739
17.425087 10.073729 4.481966 -0.514120 10.100000 0.000000 0.559715
22.873484 3.792774 4.483432 -0.540183 11.120000 0.000000 0.098534
22.818623 3.866091 4.484311 -0.600692 12.300000 0.000000 0.908646
21.977991 4.098441 4.486814 -0.532123 12.850000 0.000000 0.190766
21.578554 3.840812 4.493859 -0.551334 9.310000 0.000000 0.123459
21.786228 4.049808 4.496574 -0.602235 11.410000 0.000000 0.973332
22.977871 3.809289 4.502491 -0.540185 12.360000 0.000000 0.098650
22.321861 3.962760 4.553020 -0.551367 7.870000 0.000000 0.115583
21.332762 4.055624 4.570563 -0.583390 16.379999 0.000000 0.681634
21.220518 4.037491 4.591214 -0.574099 14.680000 0.000000 0.531975
21.345732 3.870818 4.595607 -0.551062 11.080000 0.000000 0.136466
17.657198 9.037113 4.606897 -0.493705 12.640000 0.000000 0.025744
22.529613 4.140425 4.634707 -0.574089 15.490000 0.000000 0.503226
21.060598 3.981879 4.697554 -0.603823 11.010000 0.000000 1.035264
22.186148 3.942864 4.705218 -0.551361 15.210000 0.000000 0.130640
21.291653 4.052896 4.767910 -0.574101 15.640000 0.000000 0.546640
22.635710 3.978863 4.803755 -0.574045 10.870000 0.000000 0.503984
22.251463 4.124566 4.805047 -0.551302 10.270000 0.000000 0.147036
22.756516 3.822832 4.813835 -0.569734 12.490000 0.000000 0.421588
17.789490 8.613112 4.827140 -0.528323 13.440000 0.000000 0.536436
22.662119 4.217021 4.859775 -0.551238 14.100000 0.000000 0.144129
17.768467 7.838337 4.879234 -0.528973 13.060000 0.000000 0.432956
22.824177 3.903032 4.884439 -0.551494 14.480000 0.000000 0.127940
22.566362 4.071559 4.903790 -0.532179 16.270000 0.000000 0.173566
17.667494 8.556616 4.928750 -0.528294 12.520000 0.000000 0.550173
22.032978 4.023916 4.955756 -0.600355 10.020000 0.000000 0.972829
22.960375 3.822427 5.026208 -0.529344 12.180000 0.000000 0.234967
22.099277 4.102034 5.032941 -0.551294 15.900000 0.000000 0.170044
22.844864 3.805024 5.062248 -0.529341 13.620000 0.000000 0.229721
22.567759 4.092059 5.090448 -0.528831 9.590000 0.000000 0.211859
17.463133 8.632504 5.091444 -0.528089 13.220000 0.000000 0.598660
18.635326 8.281110 5.106673 -0.475390 8.130000 0.000000 0.446464
17.497723 8.800111 5.116277 -0.486378 13.220000 0.000000 0.065696
22.727493 3.647302 5.213474 -0.529544 10.340000 0.000000 0.218080
22.157007 4.234206 5.237388 -0.600148 8.040000 0.000000 1.003634
21.853781 4.008215 5.254965 -0.569223 13.000000 0.000000 0.489638
22.010101 3.862315 5.279102 -0.529032 13.210000 0.000000 0.187239
22.436216 3.932382 5.314702 -0.529045 9.610000 0.000000 0.193393
21.230696 4.022195 5.382532 -0.603825 11.460000 0.000000 1.098071
21.094814 4.031411 5.479527 -0.552474 14.120000 0.000000 0.263583
22.917490 4.156824 5.483730 -0.528841 11.200000 0.000000 0.184040
20.975418 4.010495 5.523302 -0.552470 12.930000 0.000000 0.271471
21.004227 3.927239 5.592007 -0.602210 13.580000 0.000000 1.095851
20.311859 3.958124 5.607669 -0.550992 12.280000 0.000000 0.280625
20.984219 3.973894 5.622874 -0.542257 10.660000 0.000000 0.110242
21.954559 4.203892 5.655929 -0.600139 7.670000 0.000000 1.048617
21.228991 3.911871 5.688486 -0.519056 15.830000 0.000000 0.280580
21.727135 4.142882 5.709419 -0.583399 10.560000 0.000000 0.781656
21.331808 3.929735 5.713778 -0.519060 14.250000 0.000000 0.280817
21.700083 4.137628 5.755264 -0.564256 13.980000 0.000000 0.470102
21.100523 3.931077 5.804440 -0.538646 15.570000 0.000000 0.062557
21.698170 4.141481 5.818505 -0.574108 12.540000 0.000000 0.640033
21.203159 3.949102 5.830374 -0.538650 15.860000 0.000000 0.062308
21.656908 4.106242 5.858476 -0.603833 13.610000 0.000000 1.135800
21.593763 3.973143 5.905088 -0.569211 9.030000 0.000000 0.561934
21.287897 3.965060 5.928153 -0.538653 10.490000 0.000000 0.070411
21.256519 4.016495 5.967748 -0.528556 13.700000 0.000000 0.087988
21.135923 3.996003 6.012262 -0.528551 16.459999 0.000000 0.079280
21.968081 3.976172 6.062850 -0.561627 9.520000 0.000000 0.438332
21.110796 3.893410 6.085802 -0.569191 14.980000 0.000000 0.596629
21.177528 4.050140 6.191929 -0.550876 9.470000 0.000000 0.311975
30.354486 11.599008 0.469284 -0.470954 8.830000 0.000000 0.978786
30.451803 11.636087 0.678534 -0.470959 9.810000 0.000000 0.977093
30.367327 11.440797 0.679253 -0.542513 10.200000 0.000000 0.193005
30.468210 11.477545 0.681267 -0.542520 12.080000 0.000000 0.193007
30.264109 11.666882 0.686368 -0.506773 9.410000 0.000000 0.374709
30.434109 11.521805 0.689237 -0.506915 10.500000 0.000000 0.391326
30.234755 11.719760 0.774927 -0.552842 11.160000 0.000000 0.394732
30.427719 11.516079 0.778372 -0.552825 9.840000 0.000000 0.369323
30.642107 11.429665 0.785999 -0.470983 11.900000 0.000000 1.000516
30.446667 11.602847 1.180349 -0.511177 8.870000 0.000000 0.308633
35.287930 8.670766 3.535907 -0.550837 10.400000 0.000000 0.072432
35.747520 5.631524 3.537221 -0.590239 11.460000 0.000000 0.586556
35.546028 8.699193 3.850812 -0.511946 10.920000 0.000000 0.565391
35.277401 8.840372 4.178294 -0.519044 8.530000 0.000000 0.426168
35.464813 7.619479 4.291960 -0.552713 10.740000 0.000000 0.070525
35.907795 2.443592 4.373156 -0.592459 12.590000 0.000000 0.575074
35.504288 9.643005 4.402600 -0.543000 10.590000 0.000000 0.018176
36.100994 2.930165 4.487652 -0.522314 7.970000 0.000000 0.576974
35.501373 5.396833 4.627312 -0.552816 12.210000 0.000000 0.004646
35.855633 2.253057 4.638949 -0.603057 13.100000 0.000000 0.757848
35.500031 4.154709 4.667483 -0.591349 11.340000 0.000000 0.599861
34.903786 9.000374 4.703944 -0.516745 10.970000 0.000000 0.431436
35.359707 9.607077 4.729989 -0.543000 12.250000 0.000000 0.029651
35.858055 2.640659 4.745061 -0.542370 9.560000 0.000000 0.238620
35.820511 7.700480 4.750913 -0.543000 11.620000 0.000000 0.076382
35.944759 2.726519 4.797303 -0.513048 10.810000 0.000000 0.721575
35.745106 2.441793 4.828014 -0.592459 13.190000 0.000000 0.591899
35.968151 2.708429 4.830421 -0.522416 8.340000 0.000000 0.565651
35.580925 2.737931 4.832762 -0.602777 14.410000 0.000000 0.767694
35.902786 1.040891 4.836175 -0.563505 12.960000 0.000000 0.102428
35.737038 2.634135 4.846657 -0.542370 8.430000 0.000000 0.234294
35.706818 2.462138 4.851799 -0.602938 14.970000 0.000000 0.766741
35.813911 2.634378 4.880557 -0.531881 12.490000 0.000000 0.407164
35.726257 7.069551 4.892680 -0.551195 9.670000 0.000000 0.037783
35.870445 0.858283 4.895186 -0.543009 9.810000 0.000000 0.234803
35.816101 2.460240 4.902972 -0.522013 10.690000 0.000000 0.571894
35.420109 7.146004 4.966953 -0.513403 10.940000 0.000000 0.577832
35.760235 3.068011 4.966956 -0.572713 11.950000 0.000000 0.278755
35.665211 2.674264 4.982327 -0.572299 13.920000 0.000000 0.267288
35.771400 2.682036 4.996365 -0.572299 13.250000 0.000000 0.267256
35.700722 5.414558 4.996706 -0.520138 11.100000 0.000000 0.533731
36.232506 1.788577 5.027945 -0.543000 10.830000 0.000000 0.228409
35.639820 2.625279 5.041038 -0.563011 8.950000 0.000000 0.115261
35.759800 1.249051 5.041533 -0.563511 9.130000 0.000000 0.111531
36.026745 2.259895 5.051115 -0.522121 11.960000 0.000000 0.568013
35.768471 3.631562 5.051835 -0.562675 8.980000 0.000000 0.125837
35.760269 2.420921 5.059409 -0.563087 9.160000 0.000000 0.113946
35.607208 4.430240 5.069811 -0.523324 11.550000 0.000000 0.505603
35.798119 2.030705 5.101359 -0.532891 9.330000 0.000000 0.388600
34.752361 9.323647 5.132318 -0.524015 10.730000 0.000000 0.274205
35.396141 5.447617 5.237175 -0.543000 12.660000 0.000000 0.141787
35.553394 3.839852 5.256935 -0.573773 10.880000 0.000000 0.323533
35.712330 1.316588 5.273362 -0.543469 7.820000 0.000000 0.210707
35.784863 1.088158 5.315165 -0.543000 13.150000 0.000000 0.217924
34.928173 9.210419 5.348773 -0.543000 10.480000 0.000000 0.038230
35.442505 5.734070 5.359732 -0.543000 11.040000 0.000000 0.127895
35.982044 2.318856 5.361861 -0.523115 9.390000 0.000000 0.538600
35.802128 1.322240 5.402528 -0.543469 11.790000 0.000000 0.206033
35.578403 7.870493 5.411631 -0.543000 11.870000 0.000000 0.040672
35.755569 4.382123 5.417157 -0.543332 11.940000 0.000000 0.163261
35.817493 3.071879 5.435434 -0.583461 12.950000 0.000000 0.474659
35.750111 4.609483 5.439475 -0.571985 11.050000 0.000000 0.317908
35.851173 1.774843 5.477059 -0.553328 11.350000 0.000000 0.037634
35.782421 3.274195 5.524172 -0.492991 12.930000 0.000000 1.015992
35.706150 2.273841 5.609644 -0.553120 10.020000 0.000000 0.030223
35.678486 4.592574 5.616069 -0.543000 11.680000 0.000000 0.154532
35.405079 9.340304 5.647162 -0.518770 12.730000 0.000000 0.353971
36.105736 0.904448 5.676473 -0.522715 11.460000 0.000000 0.541284
35.710869 1.772734 5.695988 -0.553328 10.000000 0.000000 0.027529
35.418007 5.231586 5.700405 -0.573993 11.210000 0.000000 0.383167
35.923077 1.783120 5.727454 -0.553328 11.350000 0.000000 0.027631
36.081646 0.258006 5.736129 -0.542949 12.150000 0.000000 0.202701
35.361076 9.633358 5.739536 -0.496856 10.060000 0.000000 0.695678
35.640018 3.900669 5.810655 -0.552568 11.110000 0.000000 0.004093
35.555111 4.572528 5.842839 -0.543350 11.040000 0.000000 0.138405
35.809772 1.680615 5.872231 -0.603551 10.930000 0.000000 0.810281
35.248058 7.128902 6.001400 -0.564500 9.060000 0.000000 0.311481
35.926998 0.278531 6.015133 -0.553886 12.310000 0.000000 0.008526
35.510487 9.143293 6.021490 -0.518912 12.420000 0.000000 0.349416
35.468464 5.244288 6.055353 -0.573993 12.230000 0.000000 0.398361
35.521164 7.136517 6.182913 -0.551469 11.620000 0.000000 0.099592
35.238899 7.960846 6.278549 -0.542463 10.840000 0.000000 0.003189
35.831875 0.405549 6.623801 -0.553915 8.250000 0.000000 0.020562
35.721493 1.080227 6.653731 -0.603504 12.540000 0.000000 0.843857
35.967587 0.875608 6.670973 -0.513036 12.010000 0.000000 0.655676
35.919300 0.700413 6.724258 -0.553791 9.770000 0.000000 0.022125
35.274780 7.235579 6.897640 -0.551093 8.010000 0.000000 0.135043
30.878609 -7.356298 -1.054110 -0.557340 12.480000 0.000000 0.206670
30.773762 -7.333372 -1.050441 -0.557331 13.670000 0.000000 0.206669
30.608976 -4.144774 -1.014213 -0.555942 9.930000 0.000000 0.005184
30.987301 -8.530113 -0.942502 -0.522856 12.530000 0.000000 0.277844
30.524214 -4.227767 -0.917013 -0.606568 14.010000 0.000000 0.836881
30.571842 -4.417148 -0.905041 -0.555776 12.570000 0.000000 0.004641
30.644753 -11.570729 -0.850223 -0.533243 8.420000 0.000000 0.177516
24.544188 -10.274954 -0.740743 -0.513075 10.480000 0.000000 0.027564
24.444868 -10.234212 -0.737716 -0.513068 14.970000 0.000000 0.027570
24.451405 -10.367643 -0.736250 -0.522967 14.050000 0.000000 0.153561
24.431768 -10.563220 -0.729906 -0.477675 9.290000 0.000000 0.569227
24.313797 -10.464705 -0.727882 -0.514441 16.299999 0.000000 0.033135
24.264885 -10.384606 -0.726839 -0.513067 15.350000 0.000000 0.002467
30.569193 -3.681218 -0.716216 -0.555735 11.230000 0.000000 0.030452
24.429779 -10.365388 -0.653423 -0.541129 13.260000 0.000000 0.454803
24.355646 -10.323991 -0.650970 -0.522965 16.680000 0.000000 0.152740
24.415823 -10.504666 -0.647906 -0.514445 12.940000 0.000000 0.032298
24.189806 -10.177055 -0.644845 -0.575247 11.180000 0.000000 1.008128
24.169088 -10.341069 -0.641223 -0.513060 11.160000 0.000000 0.001629
30.683132 -7.300244 -0.628622 -0.557321 14.790000 0.000000 0.203809
24.353010 -10.319007 -0.487592 -0.450990 14.150000 0.000000 1.039973
24.257694 -10.284152 -0.477716 -0.495525 12.500000 0.000000 0.301889
24.129932 -11.931794 -0.232943 -0.469688 7.640000 0.000000 0.493024
36.507713 -3.144879 4.078455 -0.523558 10.980000 0.000000 0.534596
36.358334 -2.591480 4.160190 -0.513594 10.610000 0.000000 0.710017
36.288502 -1.887496 4.213838 -0.544698 11.710000 0.000000 0.207620
36.351891 -2.687357 4.310910 -0.524604 9.340000 0.000000 0.520669
36.070030 -0.611416 4.313416 -0.544096 12.370000 0.000000 0.231394
36.745132 -7.617405 4.324015 -0.526035 9.110000 0.000000 0.307557
36.027534 -1.543191 4.386945 -0.605077 11.490000 0.000000 0.792975
36.430927 -2.911285 4.417192 -0.524681 12.090000 0.000000 0.510932
36.521683 -5.637828 4.472877 -0.546175 11.820000 0.000000 0.061637
36.024044 -0.516395 4.524135 -0.553942 10.590000 0.000000 0.061972
36.093735 -2.046610 4.527597 -0.605332 11.280000 0.000000 0.810637
36.126255 -0.730834 4.541916 -0.554006 11.370000 0.000000 0.058663
36.331596 -1.872456 4.581573 -0.522862 8.170000 0.000000 0.557529
36.181980 -2.107381 4.791947 -0.533695 12.540000 0.000000 0.365512
36.036461 -0.927309 4.833594 -0.544264 9.940000 0.000000 0.207003
36.354904 -2.679111 4.879090 -0.563701 13.240000 0.000000 0.145771
36.481709 -2.902831 4.904044 -0.524681 13.650000 0.000000 0.494811
36.283531 -6.603423 4.928515 -0.564534 8.050000 0.000000 0.304282
36.636299 -7.344694 4.932107 -0.557194 9.000000 0.000000 0.215028
36.112267 -2.134539 4.971623 -0.564943 12.830000 0.000000 0.159360
36.607086 -5.283823 4.986660 -0.543369 9.110000 0.000000 0.106238
36.447571 -5.983320 4.996787 -0.556671 11.430000 0.000000 0.145612
36.410568 -1.164300 5.031159 -0.522891 9.540000 0.000000 0.552644
35.987038 -0.047712 5.043704 -0.574164 12.930000 0.000000 0.288356
35.960369 -0.605365 5.078921 -0.574119 10.470000 0.000000 0.293398
36.098866 -0.555227 5.109587 -0.543213 10.460000 0.000000 0.218383
36.325909 -4.794304 5.135199 -0.584043 8.970000 0.000000 0.556593
36.218513 -2.449317 5.200234 -0.563674 13.260000 0.000000 0.152890
35.959469 -2.117257 5.303081 -0.564943 12.480000 0.000000 0.172700
36.152798 -2.636806 5.305711 -0.554658 10.210000 0.000000 0.012423
35.994957 -2.331423 5.340558 -0.583735 11.160000 0.000000 0.489519
36.200832 -2.514222 5.355237 -0.573526 10.660000 0.000000 0.323585
36.051929 -3.131359 5.361460 -0.594366 10.030000 0.000000 0.685256
36.157959 -3.139919 5.376190 -0.594367 10.920000 0.000000 0.685214
36.301849 -4.172996 5.469724 -0.555791 11.000000 0.000000 0.079901
36.099339 -2.193515 5.496824 -0.513051 12.480000 0.000000 0.678197
36.250889 -3.010734 5.497545 -0.573559 10.240000 0.000000 0.341354
36.340328 -3.869937 5.498670 -0.555141 9.770000 0.000000 0.060148
36.134987 -2.522924 5.564404 -0.603362 12.390000 0.000000 0.826631
36.322689 -4.009984 5.567852 -0.542522 9.560000 0.000000 0.141438
36.224796 -2.740945 5.585771 -0.603357 11.070000 0.000000 0.831777
36.127407 -4.970727 5.586792 -0.584073 9.000000 0.000000 0.583277
36.140068 -0.544992 5.590804 -0.543214 12.150000 0.000000 0.199629
36.252621 -4.457865 5.616603 -0.555728 9.760000 0.000000 0.094915
36.395325 -6.534696 5.654640 -0.546975 7.990000 0.000000 0.035565
36.012032 -2.511572 5.661641 -0.603362 9.210000 0.000000 0.831354
36.298637 -2.864129 5.698543 -0.555309 11.820000 0.000000 0.043241
36.290192 -1.190652 5.703992 -0.533198 10.340000 0.000000 0.354492
36.248814 -3.390588 5.775101 -0.533352 9.180000 0.000000 0.302799
35.754665 -0.127396 5.781042 -0.603450 10.630000 0.000000 0.805084
36.317776 -3.606443 5.853198 -0.555635 12.450000 0.000000 0.074953
36.139275 -2.396834 5.856649 -0.513060 10.970000 0.000000 0.659156
36.091232 -2.734031 5.860216 -0.575379 10.640000 0.000000 0.380914
36.286160 -3.217582 5.862434 -0.573575 9.790000 0.000000 0.361709
36.212719 -2.295540 5.899603 -0.503541 10.370000 0.000000 0.817699
36.153461 -3.309467 5.903545 -0.533841 10.710000 0.000000 0.290676
36.376247 -4.006433 5.924478 -0.542522 10.460000 0.000000 0.127495
36.152443 -3.248011 5.982897 -0.583839 9.530000 0.000000 0.538854
36.250813 -5.689617 5.988716 -0.542341 10.870000 0.000000 0.063616
36.291641 -2.223357 6.020342 -0.554842 10.600000 0.000000 0.034728
36.110909 -4.136284 6.049508 -0.555786 9.960000 0.000000 0.104494
35.945023 -2.520036 6.084511 -0.574904 9.280000 0.000000 0.379114
36.315166 -3.056495 6.101130 -0.565383 7.690000 0.000000 0.231766
36.188900 -4.751266 6.113575 -0.543433 11.560000 0.000000 0.076673
36.152798 -3.091602 6.117552 -0.513097 10.380000 0.000000 0.630743
35.948551 -5.391546 6.130853 -0.603320 7.730000 0.000000 0.943697
35.970806 -2.197511 6.195794 -0.563648 11.940000 0.000000 0.190548
36.107422 -2.990005 6.273386 -0.545110 8.800000 0.000000 0.095958
36.171398 -2.310663 6.279628 -0.493242 10.530000 0.000000 0.970860
35.953430 -3.756518 6.341752 -0.545517 8.370000 0.000000 0.062924
36.025471 -4.477485 6.532589 -0.576151 10.880000 0.000000 0.475946
35.755051 -6.218385 6.583032 -0.576901 8.380000 0.000000 0.565733
35.731327 -0.719184 6.656348 -0.563526 11.920000 0.000000 0.189503
36.055836 -3.739893 6.672559 -0.542544 9.730000 0.000000 0.098483
36.553005 -4.857952 6.821231 -0.465512 7.970000 0.000000 1.335804
35.943485 -5.080215 7.024516 -0.603321 8.010000 0.000000 0.972680
37.189129 -2.404558 9.697854 -0.563675 17.459999 0.000000 0.367045
37.070168 -2.179263 9.781813 -0.563650 13.690000 0.000000 0.369582
37.200317 -2.517350 9.950233 -0.565147 11.700000 0.000000 0.409066
37.433285 -2.380718 10.095820 -0.513061 11.010000 0.000000 0.451134
37.047611 -2.648036 11.022507 -0.573541 14.590000 0.000000 0.623528
45.590935 6.940060 -2.920560 -0.529813 11.130000 0.000000 0.461624
45.580772 7.002969 -2.775074 -0.520051 11.650000 0.000000 0.623056
45.478134 7.071263 -2.770671 -0.539747 9.930000 0.000000 0.294726
45.473030 7.215186 -2.615878 -0.564158 15.990000 0.000000 0.111841
45.424133 6.916562 -2.614428 -0.540597 13.520000 0.000000 0.285943
45.362206 6.974184 -2.613799 -0.570233 11.700000 0.000000 0.206512
45.421581 6.786717 -2.613294 -0.539927 12.940000 0.000000 0.300361
45.261192 7.181828 -2.603713 -0.564157 10.940000 0.000000 0.111831
45.433033 7.061411 -2.475419 -0.551985 10.840000 0.000000 0.094883
45.490582 6.993944 -2.474220 -0.520050 11.890000 0.000000 0.625674
45.295200 7.265293 -2.473642 -0.552011 9.660000 0.000000 0.088317
45.509296 6.934643 -2.473186 -0.529813 11.660000 0.000000 0.465662
45.391769 6.864244 -2.468642 -0.571628 11.010000 0.000000 0.225326
45.374599 7.201805 -2.466537 -0.564157 13.010000 0.000000 0.110606
45.242565 6.939981 -2.462956 -0.611123 10.270000 0.000000 0.881818
45.333427 7.197320 -2.462244 -0.543000 15.490000 0.000000 0.239651
45.455616 7.242472 -2.329674 -0.480047 9.060000 0.000000 1.282410
45.465328 7.209837 -2.326654 -0.543458 12.100000 0.000000 0.233474
45.452030 7.009569 -2.326398 -0.552075 11.030000 0.000000 0.096081
45.446342 7.217344 -2.325709 -0.543000 15.140000 0.000000 0.240772
45.361641 7.186366 -2.323434 -0.542667 11.160000 0.000000 0.246745
45.330280 7.164052 -2.321772 -0.562097 12.510000 0.000000 0.074486
45.334286 7.048818 -2.321422 -0.551984 9.640000 0.000000 0.096062
45.410454 6.922180 -2.320851 -0.529812 9.360000 0.000000 0.466829
45.282448 6.958843 -2.315352 -0.601192 11.550000 0.000000 0.716480
45.288818 6.834481 -2.309671 -0.543000 9.600000 0.000000 0.250305
45.464314 7.233063 -2.219861 -0.603760 15.750000 0.000000 0.764751
45.472710 7.205245 -2.219631 -0.542668 12.580000 0.000000 0.247539
45.478043 7.141989 -2.218486 -0.603925 13.520000 0.000000 0.764954
45.397316 7.172750 -2.215500 -0.574125 14.400000 0.000000 0.272733
45.358360 7.216308 -2.214690 -0.603760 12.630000 0.000000 0.764754
45.364349 7.195427 -2.214503 -0.543458 14.170000 0.000000 0.234258
45.483315 6.912862 -2.213700 -0.562152 13.050000 0.000000 0.067237
45.411469 7.056746 -2.213598 -0.583581 13.640000 0.000000 0.426114
45.266907 7.273515 -2.211798 -0.523499 13.250000 0.000000 0.562142
45.372089 7.013913 -2.210873 -0.552857 12.930000 0.000000 0.083557
45.291336 7.156200 -2.210333 -0.574125 12.690000 0.000000 0.272739
45.268272 7.178793 -2.209783 -0.602685 12.750000 0.000000 0.746320
45.252407 7.199553 -2.209519 -0.603760 11.980000 0.000000 0.764757
45.305443 7.040496 -2.208435 -0.583581 12.720000 0.000000 0.426120
45.311352 6.978863 -2.207351 -0.590341 11.560000 0.000000 0.536381
45.377556 7.292803 -2.109981 -0.523499 16.139999 0.000000 0.562880
45.500217 7.008450 -2.107809 -0.532477 12.790000 0.000000 0.422443
45.555012 6.943822 -2.107379 -0.540597 12.630000 0.000000 0.289923
45.379070 7.197667 -2.106217 -0.602685 13.450000 0.000000 0.745564
45.376808 7.127856 -2.105581 -0.603925 15.550000 0.000000 0.764217
45.263100 7.180968 -2.102838 -0.543458 10.780000 0.000000 0.234992
45.398476 6.979556 -2.101315 -0.601192 11.190000 0.000000 0.714907
45.270794 7.111372 -2.100662 -0.603925 13.230000 0.000000 0.764221
45.531303 7.048548 -1.968004 -0.523472 15.130000 0.000000 0.571556
45.488983 7.035487 -1.961725 -0.552858 13.440000 0.000000 0.085214
45.400150 6.995424 -1.958565 -0.532476 9.250000 0.000000 0.423366
39.044624 2.572400 -1.826591 -0.553053 12.100000 0.000000 0.152820
39.226536 2.777845 -1.746056 -0.512761 15.490000 0.000000 0.818517
39.077564 2.831546 -1.742475 -0.543183 10.700000 0.000000 0.314033
39.308304 2.330085 -1.741689 -0.543000 15.440000 0.000000 0.322591
39.201199 2.323736 -1.736943 -0.543000 14.510000 0.000000 0.322591
39.330914 3.497449 -1.640441 -0.553079 12.450000 0.000000 0.142026
39.250526 3.178035 -1.630373 -0.553124 16.790001 0.000000 0.145997
39.143566 3.169527 -1.625919 -0.553124 16.520000 0.000000 0.145995
39.416519 2.638607 -1.501935 -0.532838 17.320000 0.000000 0.489622
39.059528 2.932226 -1.493105 -0.553159 13.120000 0.000000 0.149398
45.682545 7.390022 -1.232040 -0.500066 11.440000 0.000000 0.954061
38.060307 1.973167 -1.089980 -0.543000 9.920000 0.000000 0.328701
39.154045 2.409647 -0.501224 -0.542069 10.750000 0.000000 0.342393
39.230209 2.873760 -0.307324 -0.522821 15.260000 0.000000 0.656050
45.905067 6.785086 3.281585 -0.532513 13.630000 0.000000 0.404171
45.744366 10.319829 3.958424 -0.568177 13.150000 0.000000 0.310774
46.341381 2.727922 4.048440 -0.513078 12.180000 0.000000 0.778964
46.318417 3.076382 4.141073 -0.563094 16.500000 0.000000 0.053858
46.006290 10.342978 4.165967 -0.519752 17.790001 0.000000 0.488910
45.813274 6.867705 4.256510 -0.570401 14.530000 0.000000 0.243393
46.241371 2.695476 4.401138 -0.573162 15.380000 0.000000 0.222957
45.938717 6.824568 4.413877 -0.529990 15.920000 0.000000 0.424236
45.810448 10.339769 4.416774 -0.568177 13.290000 0.000000 0.319680
45.718029 13.292867 4.460043 -0.496454 14.190000 0.000000 0.738445
46.294735 2.882446 4.588045 -0.553126 9.410000 0.000000 0.103490
45.599113 13.390882 4.642249 -0.511910 10.140000 0.000000 0.472277
46.320244 2.705865 4.710276 -0.573162 17.559999 0.000000 0.229504
46.603146 3.382634 4.800738 -0.531890 15.170000 0.000000 0.446777
46.709759 3.390239 4.811233 -0.531890 13.570000 0.000000 0.446789
46.395912 2.992480 4.865173 -0.573063 16.790001 0.000000 0.233388
46.225414 1.964064 4.871115 -0.543074 18.959999 0.000000 0.269027
46.107304 6.855947 4.879612 -0.529990 16.299999 0.000000 0.414359
46.499962 3.101109 4.944163 -0.532014 17.459999 0.000000 0.443822
46.007580 8.513972 4.947311 -0.552827 12.530000 0.000000 0.011976
46.515015 2.961344 4.962369 -0.542073 16.600000 0.000000 0.278099
45.899567 6.521221 5.012066 -0.570620 17.879999 0.000000 0.254618
45.730412 10.547166 5.012196 -0.527313 13.680000 0.000000 0.335360
46.037849 6.476851 5.022922 -0.530219 18.160000 0.000000 0.415878
45.824471 10.153692 5.032713 -0.537633 15.820000 0.000000 0.180011
45.298058 15.129987 5.096680 -0.531571 11.440000 0.000000 0.042662
46.356354 2.531109 5.175780 -0.553247 16.950001 0.000000 0.090766
46.481621 2.862766 5.180225 -0.543228 18.340000 0.000000 0.254551
46.026142 8.588658 5.185206 -0.512268 13.700000 0.000000 0.651919
46.261501 2.748299 5.185539 -0.603587 15.320000 0.000000 0.744754
45.454453 14.811567 5.195457 -0.536339 12.860000 0.000000 0.018334
45.653938 13.305845 5.219437 -0.515707 12.440000 0.000000 0.402057
46.421951 3.439711 5.236198 -0.572310 14.990000 0.000000 0.233731
46.163177 2.771219 5.239676 -0.603302 14.100000 0.000000 0.741841
46.422352 3.160144 5.262238 -0.543000 17.709999 0.000000 0.253632
45.234676 16.656843 5.263834 -0.512640 7.160000 0.000000 0.265648
45.977581 6.536152 5.282605 -0.570620 17.350000 0.000000 0.260948
45.928200 6.332185 5.289318 -0.540331 14.300000 0.000000 0.244750
46.312157 3.097914 5.292664 -0.563094 15.890000 0.000000 0.079619
45.841251 10.209769 5.295330 -0.551079 15.550000 0.000000 0.050591
45.798008 10.066872 5.296945 -0.518194 13.910000 0.000000 0.498670
45.544506 14.841000 5.320820 -0.536341 12.750000 0.000000 0.020921
46.601746 0.040333 5.352045 -0.523594 12.190000 0.000000 0.581175
45.662304 10.434104 5.361952 -0.551276 13.700000 0.000000 0.065946
46.291344 2.390045 5.370344 -0.583474 16.040001 0.000000 0.413794
46.560162 3.249826 5.378451 -0.541956 16.250000 0.000000 0.267717
46.316032 2.888588 5.398763 -0.543000 18.330000 0.000000 0.252230
46.022564 6.479573 5.412226 -0.540917 11.640000 0.000000 0.229238
46.346397 2.859566 5.425773 -0.543228 17.340000 0.000000 0.248113
46.381981 1.380181 5.428856 -0.543000 18.540001 0.000000 0.258953
46.344795 0.727638 5.443532 -0.593383 17.250000 0.000000 0.575555
46.017445 6.346570 5.449486 -0.540331 13.330000 0.000000 0.240999
45.884838 10.171793 5.456880 -0.537634 14.060000 0.000000 0.170047
46.313053 2.900392 5.464226 -0.553126 11.030000 0.000000 0.082825
46.167953 2.386636 5.503405 -0.583474 14.380000 0.000000 0.417542
46.304237 0.783689 5.507324 -0.603955 16.350000 0.000000 0.752279
46.348026 2.961685 5.508737 -0.542073 11.360000 0.000000 0.264323
45.672989 13.283626 5.517623 -0.518467 10.850000 0.000000 0.350871
45.642384 14.662293 5.522884 -0.495448 11.890000 0.000000 0.662779
45.659164 10.384270 5.530673 -0.551397 13.060000 0.000000 0.070182
45.417103 13.181397 5.531466 -0.569539 12.260000 0.000000 0.494459
45.475941 15.008181 5.539899 -0.517670 14.290000 0.000000 0.273035
46.404129 2.537857 5.549600 -0.522752 10.110000 0.000000 0.586506
46.428459 0.849072 5.551425 -0.542827 12.840000 0.000000 0.259112
45.577648 15.040598 5.551633 -0.517673 13.650000 0.000000 0.273061
46.197788 5.261753 5.567435 -0.552541 16.080000 0.000000 0.058732
46.465157 0.415193 5.593388 -0.523473 10.970000 0.000000 0.577918
46.520256 1.661288 5.597671 -0.593060 14.460000 0.000000 0.574367
45.995598 6.262288 5.600054 -0.520567 17.129999 0.000000 0.566158
46.021339 5.925912 5.612224 -0.532599 15.780000 0.000000 0.373985
44.953327 12.897223 5.634663 -0.513872 14.150000 0.000000 0.430491
46.273140 2.163519 5.647902 -0.573550 15.220000 0.000000 0.255396
45.579735 10.456840 5.659786 -0.513561 12.600000 0.000000 0.549330
46.227669 2.326668 5.664098 -0.532916 12.440000 0.000000 0.415932
45.831306 6.826409 5.689650 -0.540735 9.180000 0.000000 0.215714
45.664265 10.477887 5.691572 -0.564869 12.180000 0.000000 0.300773
45.746376 10.405205 5.694327 -0.551398 11.840000 0.000000 0.074053
46.232788 1.647430 5.697110 -0.543000 16.340000 0.000000 0.250985
45.598152 13.398425 5.697775 -0.471498 11.550000 0.000000 1.117461
45.690983 10.182829 5.701716 -0.551076 13.570000 0.000000 0.061177
46.299484 2.874115 5.703262 -0.543139 12.020000 0.000000 0.242184
45.768234 10.501553 5.704379 -0.564869 13.450000 0.000000 0.300762
45.272797 15.294277 5.706370 -0.553239 10.480000 0.000000 0.339342
46.205513 2.856714 5.706613 -0.543228 13.260000 0.000000 0.240409
45.742786 10.261396 5.706885 -0.538951 13.290000 0.000000 0.137103
45.661625 11.408633 5.707358 -0.565126 11.890000 0.000000 0.342693
46.391098 2.974411 5.713329 -0.553252 16.420000 0.000000 0.074009
46.187187 2.533111 5.725309 -0.553247 15.510000 0.000000 0.076299
46.206692 0.455494 5.735224 -0.593472 17.620001 0.000000 0.585485
45.473587 13.449766 5.737721 -0.537135 14.850000 0.000000 0.025110
45.591236 11.731868 5.752352 -0.536272 14.000000 0.000000 0.119304
46.162949 0.787597 5.789347 -0.603955 15.150000 0.000000 0.760114
45.586407 10.224986 5.803333 -0.570537 11.980000 0.000000 0.388783
45.535904 11.800792 5.812696 -0.542657 12.250000 0.000000 0.008316
45.715569 10.451354 5.827936 -0.551277 11.040000 0.000000 0.077575
45.765541 10.239617 5.836525 -0.561604 14.830000 0.000000 0.240192
45.231773 15.092205 5.862535 -0.542947 10.830000 0.000000 0.162691
45.566769 11.837548 5.864610 -0.538064 17.020000 0.000000 0.081903
45.407276 13.341912 5.867076 -0.550838 12.490000 0.000000 0.200922
45.830128 8.525148 5.890454 -0.583664 13.210000 0.000000 0.547526
45.296555 15.172797 5.893911 -0.508236 11.350000 0.000000 0.408292
45.716667 10.012985 5.899702 -0.532183 13.050000 0.000000 0.253107
45.680504 11.671029 5.917225 -0.517008 12.920000 0.000000 0.437923
46.130806 2.162773 5.924526 -0.573550 14.530000 0.000000 0.263297
45.420933 12.024210 5.975368 -0.550949 11.130000 0.000000 0.144569
45.660625 9.833679 5.977506 -0.564701 13.960000 0.000000 0.281464
46.182873 2.786701 5.981952 -0.603302 16.629999 0.000000 0.761191
45.294022 13.652304 5.999533 -0.550642 11.980000 0.000000 0.218179
45.808167 10.100008 6.021061 -0.484177 12.920000 0.000000 1.042604
45.743675 10.300356 6.056982 -0.532153 12.520000 0.000000 0.239116
45.468445 14.933502 6.060185 -0.508342 11.350000 0.000000 0.418723
45.804237 10.231407 6.074443 -0.512135 12.160000 0.000000 0.573384
45.163334 15.219059 6.086122 -0.564397 13.030000 0.000000 0.531690
45.395916 11.928782 6.092638 -0.586948 12.440000 0.000000 0.739879
45.699368 10.427473 6.093593 -0.552847 10.080000 0.000000 0.109830
45.924244 8.408803 6.103481 -0.523593 12.480000 0.000000 0.445784
46.115452 3.226123 6.113367 -0.543164 16.570000 0.000000 0.226833
45.812115 10.144791 6.127558 -0.513523 14.010000 0.000000 0.552281
45.600552 11.682798 6.143858 -0.551027 11.400000 0.000000 0.132894
45.416672 11.976823 6.145746 -0.551081 9.440000 0.000000 0.149230
45.937370 9.778111 6.170362 -0.551533 11.240000 0.000000 0.063530
45.297359 15.115806 6.177249 -0.542948 11.390000 0.000000 0.170459
45.392864 13.637047 6.183884 -0.550786 10.640000 0.000000 0.222777
45.621483 10.472846 6.205097 -0.512112 14.210000 0.000000 0.558909
45.602676 10.721245 6.211330 -0.543000 12.300000 0.000000 0.037472
45.716106 9.275547 6.218545 -0.543586 15.410000 0.000000 0.081711
45.576576 10.401773 6.227715 -0.552845 12.730000 0.000000 0.113968
45.576458 10.536885 6.235912 -0.523842 13.250000 0.000000 0.360828
45.343891 12.229367 6.236226 -0.552939 11.390000 0.000000 0.194708
45.294056 15.189298 6.250569 -0.523069 13.270000 0.000000 0.152792
45.549652 10.733788 6.252158 -0.513592 12.070000 0.000000 0.522083
45.055805 15.329289 6.351777 -0.550473 12.590000 0.000000 0.316338
45.557217 10.432514 6.363629 -0.543664 14.770000 0.000000 0.032863
45.959278 9.734300 6.377185 -0.518457 12.260000 0.000000 0.480223
45.660805 10.558028 6.395534 -0.523842 11.750000 0.000000 0.356672
45.636673 10.392167 6.439620 -0.513753 13.640000 0.000000 0.528502
45.487740 13.637996 6.558918 -0.496166 13.130000 0.000000 0.673209
45.924370 0.481620 7.056096 -0.593472 13.640000 0.000000 0.625414
45.332897 10.671170 7.351546 -0.543000 12.220000 0.000000 0.002077
37.777653 17.328920 7.551366 -0.453585 11.420000 0.000000 0.890118
37.858845 17.123793 7.650094 -0.487208 11.150000 0.000000 0.348796
38.694466 4.005621 7.705271 -0.511963 12.860000 0.000000 0.620137
38.208065 16.435705 7.747263 -0.454043 8.170000 0.000000 0.959729
37.918476 16.169065 7.800302 -0.514746 10.850000 0.000000 0.039318
38.172634 15.936663 7.844125 -0.477423 11.080000 0.000000 0.603603
37.915840 17.030882 7.934006 -0.452500 13.840000 0.000000 0.921809
38.803791 6.164651 7.950085 -0.552820 11.830000 0.000000 0.118386
38.943661 5.910477 8.129715 -0.500358 11.700000 0.000000 0.751039
37.844357 17.098143 8.140351 -0.478100 10.380000 0.000000 0.481571
38.899632 5.883878 8.158066 -0.521099 16.520000 0.000000 0.406388
38.693352 2.424136 8.269758 -0.522652 10.110000 0.000000 0.437187
38.893085 5.897375 8.277644 -0.511157 13.660000 0.000000 0.564733
38.233025 2.968848 8.297985 -0.532813 8.840000 0.000000 0.256262
38.797337 5.634663 8.299328 -0.521211 18.750000 0.000000 0.403018
37.749100 14.362965 8.328753 -0.453498 11.700000 0.000000 1.073521
38.569168 2.418388 8.342215 -0.522652 9.840000 0.000000 0.432143
38.627270 6.351619 8.343662 -0.571422 13.000000 0.000000 0.453700
37.870213 17.023542 8.344158 -0.453565 11.960000 0.000000 0.886168
37.836487 17.115036 8.352842 -0.487206 12.590000 0.000000 0.320487
38.539730 2.437153 8.359933 -0.542619 13.600000 0.000000 0.100132
38.363613 4.195109 8.365399 -0.572345 15.490000 0.000000 0.419623
38.240345 2.892416 8.380753 -0.543124 9.890000 0.000000 0.082291
38.111847 15.785647 8.395690 -0.453860 8.810000 0.000000 0.979388
38.181789 16.485847 8.396193 -0.533062 9.850000 0.000000 0.379507
39.086079 1.272586 8.396743 -0.573246 12.690000 0.000000 0.396024
38.613937 2.434648 8.410100 -0.532130 17.650000 0.000000 0.272120
37.893707 17.120682 8.420212 -0.478101 13.050000 0.000000 0.470489
38.197144 2.437567 8.428932 -0.592581 16.139999 0.000000 0.734741
38.823936 5.861805 8.432368 -0.540693 19.670000 0.000000 0.068068
38.611893 2.548116 8.434443 -0.542069 18.389999 0.000000 0.105217
38.588131 2.454307 8.437578 -0.502149 18.090000 0.000000 0.766618
38.438396 2.412852 8.445275 -0.522652 11.610000 0.000000 0.425352
38.569405 7.819031 8.447769 -0.512162 11.460000 0.000000 0.470611
38.782413 5.994522 8.450987 -0.512375 10.110000 0.000000 0.531625
38.241795 2.653010 8.460396 -0.563587 11.900000 0.000000 0.257942
38.705894 2.230349 8.463889 -0.502246 15.200000 0.000000 0.766962
38.208282 4.413768 8.465301 -0.572242 17.200001 0.000000 0.429555
38.263115 2.561999 8.476690 -0.573057 17.110001 0.000000 0.414388
37.773212 16.909842 8.483131 -0.530622 9.790000 0.000000 0.391115
38.623829 7.044815 8.485674 -0.543000 12.880000 0.000000 0.012771
38.402374 2.431728 8.492075 -0.542619 13.860000 0.000000 0.091720
38.272442 5.179951 8.492474 -0.543369 14.150000 0.000000 0.030516
38.368034 2.568863 8.498521 -0.573057 18.059999 0.000000 0.414312
38.451160 2.667425 8.506156 -0.563587 17.700001 0.000000 0.257911
38.344597 2.472241 8.520947 -0.572573 19.459999 0.000000 0.406818
38.704731 6.147477 8.529471 -0.523465 12.500000 0.000000 0.338435
38.476433 2.429255 8.543054 -0.532130 19.620001 0.000000 0.263647
38.449455 2.478868 8.543189 -0.572573 18.120001 0.000000 0.406762
38.446373 7.028753 8.549640 -0.564317 10.680000 0.000000 0.371442
38.500912 7.023707 8.553777 -0.543000 13.240000 0.000000 0.017579
38.030315 2.960593 8.558019 -0.543000 10.470000 0.000000 0.071535
38.144272 8.470292 8.559505 -0.484135 9.700000 0.000000 0.894563
38.540051 2.714490 8.561054 -0.572439 15.640000 0.000000 0.406741
38.474312 2.542321 8.567811 -0.542069 14.040000 0.000000 0.096697
38.462986 2.471311 8.569881 -0.522123 18.480000 0.000000 0.427375
38.326675 2.660646 8.573294 -0.563587 15.130000 0.000000 0.262898
37.503109 6.502306 8.582425 -0.552781 9.580000 0.000000 0.181011
38.546150 6.350765 8.594511 -0.523491 9.980000 0.000000 0.326046
38.527462 2.481259 8.607235 -0.512628 18.520000 0.000000 0.583324
38.095921 5.455033 8.614040 -0.543394 11.280000 0.000000 0.014008
38.634968 2.818746 8.614631 -0.553002 7.470000 0.000000 0.087687
38.293015 3.136465 8.620434 -0.573656 15.630000 0.000000 0.438209
38.213394 2.466426 8.621799 -0.572573 16.740000 0.000000 0.413727
37.888844 17.019867 8.629662 -0.452500 12.720000 0.000000 0.892891
38.739841 2.826191 8.636452 -0.553003 8.710000 0.000000 0.087620
38.345146 2.423608 8.644228 -0.532130 17.850000 0.000000 0.256749
38.235493 4.499599 8.644275 -0.552440 17.620001 0.000000 0.112464
38.292500 2.901074 8.647145 -0.543124 12.420000 0.000000 0.068859
38.265640 2.977836 8.653179 -0.532813 10.400000 0.000000 0.237974
38.290024 2.721936 8.653650 -0.553052 17.209999 0.000000 0.093848
38.529797 7.045198 8.664096 -0.564317 11.000000 0.000000 0.376329
37.961910 16.894419 8.666089 -0.514719 13.080000 0.000000 0.126348
38.342976 2.536294 8.669318 -0.542069 10.680000 0.000000 0.089761
38.397141 2.908855 8.670015 -0.543124 16.500000 0.000000 0.068901
38.331642 2.465522 8.671384 -0.522123 15.530000 0.000000 0.420432
38.271889 2.649977 8.681372 -0.563089 9.970000 0.000000 0.260968
38.501785 2.916636 8.692884 -0.543124 17.160000 0.000000 0.068942
38.353951 4.173971 8.699795 -0.562613 13.820000 0.000000 0.275589
38.270729 3.029023 8.702072 -0.552913 14.520000 0.000000 0.098002
38.417934 2.916448 8.703671 -0.512761 17.049999 0.000000 0.570012
38.376575 2.657085 8.704253 -0.563089 10.170000 0.000000 0.260921
38.396027 2.475413 8.707356 -0.512628 19.040001 0.000000 0.576447
38.541206 2.478748 8.716517 -0.522123 17.450001 0.000000 0.420555
38.219162 2.874847 8.721895 -0.513111 14.730000 0.000000 0.561149
38.375488 3.037071 8.724287 -0.552913 10.180000 0.000000 0.097913
38.017647 1.827318 8.725579 -0.492982 8.530000 0.000000 0.900874
38.323658 2.882638 8.745413 -0.513111 16.480000 0.000000 0.561167
37.843906 16.140162 8.750595 -0.514744 9.520000 0.000000 0.080151
37.879452 17.114397 8.764408 -0.478203 12.110000 0.000000 0.454095
38.428158 2.890429 8.768930 -0.513111 14.780000 0.000000 0.561185
37.805378 17.016933 8.769216 -0.495050 12.750000 0.000000 0.179000
37.782120 16.940050 8.771401 -0.532533 11.280000 0.000000 0.436972
38.259949 2.818306 8.782419 -0.523139 14.110000 0.000000 0.393058
37.749786 17.095755 8.788830 -0.525239 11.450000 0.000000 0.330026
38.603962 0.249808 8.790449 -0.512997 12.630000 0.000000 0.574978
37.901524 17.059509 8.791064 -0.495053 10.390000 0.000000 0.179023
38.360363 3.110255 8.795609 -0.492984 16.620001 0.000000 0.889375
37.814514 16.928593 8.797880 -0.530624 10.930000 0.000000 0.404252
38.252045 2.900590 8.802764 -0.553010 17.340000 0.000000 0.103679
38.139164 3.021358 8.805233 -0.552913 17.480000 0.000000 0.105210
38.364380 2.825971 8.806263 -0.523139 13.920000 0.000000 0.393065
37.892380 17.104887 8.816863 -0.459872 10.860000 0.000000 0.756614
38.339539 3.139942 8.821011 -0.552933 18.370001 0.000000 0.105229
38.486511 2.820877 8.824663 -0.492980 14.050000 0.000000 0.893080
37.626301 16.961863 8.824827 -0.515086 9.060000 0.000000 0.158890
38.336384 2.986228 8.827843 -0.532813 15.510000 0.000000 0.229454
38.054333 8.669066 8.829697 -0.493408 10.310000 0.000000 0.716901
38.390526 2.684241 8.836933 -0.513038 15.940000 0.000000 0.560561
37.603306 17.131798 8.855795 -0.547960 10.220000 0.000000 0.718346
37.725246 16.279240 8.862775 -0.530739 12.360000 0.000000 0.364980
37.983128 16.877264 8.870620 -0.490531 11.570000 0.000000 0.267484
37.821575 16.835306 8.878864 -0.514705 12.610000 0.000000 0.136986
38.488510 2.924720 8.879147 -0.512761 13.810000 0.000000 0.561468
38.560104 0.106359 8.885783 -0.522951 13.090000 0.000000 0.403949
38.228584 3.102041 8.892605 -0.492984 15.070000 0.000000 0.882460
37.966183 16.822491 8.894863 -0.487061 10.580000 0.000000 0.327187
38.154182 2.670180 8.908347 -0.513038 10.700000 0.000000 0.553679
38.526463 6.647249 8.909488 -0.532377 9.430000 0.000000 0.153040
37.654335 16.885098 8.914660 -0.532523 10.820000 0.000000 0.444570
37.812996 17.448233 8.919288 -0.478100 8.360000 0.000000 0.421072
37.661964 17.010157 8.921970 -0.514929 11.860000 0.000000 0.162606
37.856678 17.049751 8.929017 -0.506061 10.060000 0.000000 0.010464
38.258568 2.677447 8.932523 -0.513038 16.049999 0.000000 0.553690
37.720432 16.687294 8.943143 -0.517628 11.510000 0.000000 0.181645
37.757786 17.053118 8.944468 -0.514930 12.170000 0.000000 0.162590
38.135483 15.437127 8.951745 -0.529236 11.230000 0.000000 0.267679
37.904129 17.009077 8.954899 -0.471346 12.450000 0.000000 0.568275
37.662476 16.832687 8.969724 -0.526940 9.820000 0.000000 0.350312
37.697094 16.993622 8.976308 -0.515088 12.090000 0.000000 0.164848
38.651344 6.231633 8.977281 -0.513402 11.860000 0.000000 0.478689
37.814571 16.994898 8.986411 -0.517265 11.300000 0.000000 0.196257
38.666859 5.904889 8.991168 -0.520161 11.890000 0.000000 0.375754
37.759094 16.874182 8.991573 -0.526949 8.580000 0.000000 0.350284
37.953423 16.948269 9.002534 -0.454216 12.480000 0.000000 0.856449
38.687382 6.458021 9.006131 -0.519773 13.860000 0.000000 0.365447
37.659012 16.952635 9.006718 -0.495045 11.170000 0.000000 0.167029
38.778862 2.448295 9.024004 -0.553162 12.810000 0.000000 0.106441
37.734955 16.996889 9.038835 -0.506052 12.600000 0.000000 0.016583
37.266087 14.904732 9.053463 -0.533967 13.990000 0.000000 0.347694
37.728840 16.830635 9.061796 -0.511234 11.980000 0.000000 0.091318
37.782242 16.956438 9.065041 -0.471338 13.030000 0.000000 0.562104
37.363979 14.942567 9.076220 -0.533973 13.940000 0.000000 0.347653
37.825081 16.872648 9.084296 -0.511238 11.720000 0.000000 0.091288
37.738937 17.017591 9.085023 -0.464344 12.540000 0.000000 0.670548
37.791542 16.717962 9.097312 -0.517633 13.450000 0.000000 0.187803
37.604431 16.966196 9.105132 -0.548832 12.050000 0.000000 0.731361
37.966755 16.764639 9.108026 -0.464253 11.110000 0.000000 0.699670
37.846157 17.265182 9.114756 -0.460641 11.580000 0.000000 0.716829
37.711948 16.862970 9.117421 -0.471350 8.530000 0.000000 0.563403
37.701073 17.007576 9.126984 -0.548844 9.420000 0.000000 0.731324
37.808231 16.904881 9.139921 -0.471355 10.050000 0.000000 0.563439
37.575848 14.638455 9.146860 -0.453579 11.470000 0.000000 1.009255
37.838814 16.834715 9.147534 -0.508878 11.530000 0.000000 0.051647
37.904514 16.946787 9.162421 -0.471360 9.460000 0.000000 0.563476
37.812016 16.887125 9.209435 -0.454209 9.180000 0.000000 0.845674
38.461540 6.491921 9.224296 -0.543472 11.730000 0.000000 0.043593
37.723923 17.212265 9.226851 -0.460629 11.090000 0.000000 0.710488
38.380413 7.537014 9.234759 -0.543556 10.440000 0.000000 0.082626
37.593475 16.935623 9.246304 -0.506042 11.450000 0.000000 0.027492
37.991249 15.811352 9.252927 -0.472483 9.670000 0.000000 0.626327
37.871330 16.722330 9.258317 -0.515027 10.620000 0.000000 0.148790
38.494537 6.274735 9.278934 -0.562047 15.060000 0.000000 0.346836
37.641235 16.759710 9.289598 -0.514687 12.650000 0.000000 0.157425
37.440914 14.854127 9.302995 -0.471283 11.330000 0.000000 0.688552
37.696381 16.774454 9.357273 -0.508865 11.490000 0.000000 0.062792
38.027588 16.981163 9.406144 -0.460673 8.570000 0.000000 0.732298
37.319637 14.920721 9.462314 -0.506905 13.250000 0.000000 0.081504
37.749065 15.698048 9.658332 -0.533516 11.540000 0.000000 0.405392
37.261723 14.907410 10.030946 -0.533964 12.490000 0.000000 0.396775
38.057354 -2.833652 -0.654168 -0.522840 10.900000 0.000000 0.625691
38.032082 -2.816808 -0.644912 -0.603367 9.880000 0.000000 0.707227
38.037254 -2.675945 -0.642582 -0.533293 7.820000 0.000000 0.456193
38.241772 -2.743458 -0.610801 -0.575269 14.150000 0.000000 0.239937
38.388466 -2.393969 -0.553820 -0.542718 12.950000 0.000000 0.306730
38.351093 -2.747581 -0.487507 -0.575270 14.760000 0.000000 0.239763
38.368832 -2.930478 -0.487459 -0.594317 13.760000 0.000000 0.559287
38.117443 -2.610414 -0.479922 -0.555100 10.110000 0.000000 0.096860
38.188881 -2.156744 -0.437618 -0.542738 9.510000 0.000000 0.310858
40.001648 -19.979057 -0.428090 -0.497412 13.970000 0.000000 0.016767
38.902740 -2.353616 -0.423221 -0.513001 14.630000 0.000000 0.800240
39.880661 -20.012291 -0.419631 -0.516793 14.080000 0.000000 0.312294
39.878006 -20.166121 -0.416137 -0.533594 14.490000 0.000000 0.604031
37.931179 -2.304781 -0.408264 -0.601810 14.240000 0.000000 0.670362
39.835205 -20.068605 -0.400622 -0.517507 13.860000 0.000000 0.331045
39.897263 -20.139235 -0.399641 -0.499632 12.880000 0.000000 0.038531
39.978149 -20.945820 -0.399087 -0.487877 10.950000 0.000000 0.088854
39.457539 -11.945967 -0.393423 -0.468447 12.660000 0.000000 1.109725
39.819511 -21.069078 -0.384702 -0.516997 9.950000 0.000000 0.411623
38.216610 -2.661626 -0.361464 -0.555038 12.840000 0.000000 0.096923
38.124580 -2.489560 -0.361066 -0.554858 12.000000 0.000000 0.103470
39.597683 -11.277127 -0.319042 -0.494858 10.970000 0.000000 0.718973
39.952576 -20.069818 -0.296448 -0.450804 10.280000 0.000000 0.778319
39.971287 -20.049673 -0.295160 -0.523452 14.240000 0.000000 0.421936
39.979973 -8.107081 -0.294047 -0.513043 14.150000 0.000000 0.603257
40.168720 -20.245584 -0.286928 -0.514085 14.440000 0.000000 0.275259
39.919315 -20.122965 -0.283465 -0.487574 13.670000 0.000000 0.163410
40.105503 -20.606794 -0.273563 -0.514125 12.370000 0.000000 0.310220
40.055824 -7.982165 -0.261819 -0.542985 13.220000 0.000000 0.114316
40.205830 -20.152063 -0.257158 -0.472672 13.020000 0.000000 0.420101
39.769440 -20.306824 -0.244288 -0.492350 12.150000 0.000000 0.061497
38.982426 -20.246260 -0.227119 -0.508896 12.270000 0.000000 0.243219
40.230408 -9.558365 -0.217707 -0.503443 12.270000 0.000000 0.689191
38.419743 -2.326030 -0.194592 -0.522856 17.430000 0.000000 0.636891
38.341805 -2.486408 -0.182839 -0.611559 16.049999 0.000000 0.835120
39.911140 -19.923840 -0.182483 -0.497407 15.030000 0.000000 0.017484
39.825523 -20.071726 -0.178184 -0.487571 14.230000 0.000000 0.163673
39.707104 -20.225712 -0.175092 -0.479834 8.680000 0.000000 0.272974
39.787697 -20.110544 -0.169965 -0.533587 12.240000 0.000000 0.603297
39.823883 -20.365942 -0.160351 -0.516864 10.910000 0.000000 0.347252
38.632896 -3.430837 -0.113526 -0.523576 11.940000 0.000000 0.599800
38.384304 -2.481470 -0.065456 -0.603538 16.420000 0.000000 0.702370
39.861755 -20.013504 -0.054111 -0.450803 10.560000 0.000000 0.778905
39.880390 -19.993515 -0.052235 -0.523451 15.280000 0.000000 0.421365
39.885498 -20.093813 -0.040790 -0.514075 15.210000 0.000000 0.274685
39.701935 -20.150074 -0.040711 -0.515447 9.150000 0.000000 0.310477
39.789337 -20.045988 -0.040638 -0.514071 14.600000 0.000000 0.274673
39.570190 -19.931377 -0.038564 -0.539265 13.350000 0.000000 0.691442
39.805836 -20.269283 -0.036489 -0.479836 14.300000 0.000000 0.273283
38.644356 -19.850851 -0.023707 -0.539116 9.440000 0.000000 0.723923
40.124203 -20.205643 -0.011251 -0.437971 12.380000 0.000000 0.986032
40.184845 -9.285180 0.040106 -0.503483 11.710000 0.000000 0.702380
39.800297 -20.193409 0.097891 -0.515449 13.570000 0.000000 0.310258
39.896221 -20.241709 0.098093 -0.515451 15.730000 0.000000 0.310258
39.984119 -20.136648 0.098786 -0.514078 13.460000 0.000000 0.274465
40.142048 -7.405248 0.101987 -0.485009 12.410000 0.000000 1.101331
40.079681 -7.822507 0.122943 -0.533652 13.340000 0.000000 0.275936
38.476471 -2.706283 0.180330 -0.603546 12.290000 0.000000 0.707895
39.906281 -20.307453 0.242173 -0.479838 15.410000 0.000000 0.273650
38.439411 -2.931676 0.340111 -0.554668 15.950000 0.000000 0.095519
40.035206 -7.475332 0.374001 -0.533707 13.590000 0.000000 0.289911
38.559132 -3.039216 0.440177 -0.544989 11.770000 0.000000 0.252951
38.666195 -3.047364 0.441236 -0.544990 12.500000 0.000000 0.252943
38.765812 -3.113908 0.472585 -0.523557 10.250000 0.000000 0.606237
38.544731 -2.934031 0.555325 -0.554668 14.390000 0.000000 0.094503
38.536957 -2.593583 1.253261 -0.555103 7.730000 0.000000 0.089151
38.522701 -2.706374 1.374694 -0.554950 14.700000 0.000000 0.087920
38.624847 -2.833202 1.431742 -0.565155 15.580000 0.000000 0.084303
38.537525 -2.854866 1.917754 -0.533785 11.700000 0.000000 0.428118
38.494415 -2.809292 2.012687 -0.565155 10.760000 0.000000 0.091745
38.678478 -2.601653 2.153509 -0.544932 9.600000 0.000000 0.245875
38.523190 -2.978815 2.179116 -0.543555 15.180000 0.000000 0.259467
38.548431 -2.821159 2.277389 -0.545027 10.550000 0.000000 0.237186
38.473274 -3.101380 2.297568 -0.575022 10.970000 0.000000 0.266547
38.580166 -3.109548 2.303526 -0.575023 9.130000 0.000000 0.266545
38.395954 -2.766229 2.395568 -0.605598 14.010000 0.000000 0.766874
38.659416 -3.909160 2.441558 -0.545456 11.100000 0.000000 0.199669
38.281853 -2.755304 2.512270 -0.605597 15.090000 0.000000 0.769017
38.387852 -3.104307 2.772396 -0.545151 10.230000 0.000000 0.219001
40.125298 -20.982943 2.802009 -0.484943 14.130000 0.000000 0.118639
38.595711 -3.387958 3.002633 -0.555365 8.430000 0.000000 0.038846
39.969414 -21.337637 3.123557 -0.522230 10.560000 0.000000 0.541719
40.037151 -20.961805 3.245272 -0.522089 13.600000 0.000000 0.504947
39.481529 -21.417583 3.336091 -0.497991 10.540000 0.000000 0.174617
38.414948 -2.965988 3.446280 -0.575403 9.660000 0.000000 0.293174
40.311279 -20.748943 3.469543 -0.497674 13.230000 0.000000 0.072969
40.306618 -21.446177 3.518907 -0.497902 13.190000 0.000000 0.138238
40.208633 -20.690620 3.603165 -0.497669 14.790000 0.000000 0.074721
40.121574 -20.800314 3.621135 -0.533577 12.510000 0.000000 0.683073
40.136532 -19.863682 3.681991 -0.497410 14.150000 0.000000 0.003944
40.201916 -21.572063 3.800133 -0.488148 14.280000 0.000000 0.002632
38.437782 -2.846822 3.912747 -0.524619 8.130000 0.000000 0.538718
38.288387 -2.633393 3.929675 -0.575268 10.360000 0.000000 0.296272
40.157192 -21.538258 3.931570 -0.514238 14.330000 0.000000 0.430801
46.752808 -0.531706 4.376201 -0.544024 17.010000 0.000000 0.262309
40.130043 -20.803493 4.408545 -0.514161 14.150000 0.000000 0.375716
47.233444 -4.934851 4.790958 -0.493459 12.490000 0.000000 1.024502
46.525497 -2.591801 4.847490 -0.575108 16.370001 0.000000 0.285277
47.327900 -8.496658 4.864795 -0.543000 10.120000 0.000000 0.093931
46.711220 -0.585301 4.882865 -0.533297 16.100000 0.000000 0.428546
46.617489 -2.592860 5.008615 -0.575108 14.180000 0.000000 0.288669
46.709888 -0.560040 5.162941 -0.544029 14.350000 0.000000 0.244528
47.035370 -4.930267 5.164886 -0.555880 15.810000 0.000000 0.018167
47.064224 -5.320080 5.261507 -0.525208 13.280000 0.000000 0.477873
46.916519 -5.154986 5.280406 -0.576077 13.420000 0.000000 0.361421
46.591286 -0.188141 5.291608 -0.543884 10.750000 0.000000 0.245654
47.028530 -5.143339 5.297472 -0.545632 13.620000 0.000000 0.143149
46.547520 -0.411110 5.298482 -0.604454 13.220000 0.000000 0.758709
46.534088 -0.513780 5.317824 -0.574027 15.200000 0.000000 0.256077
47.062576 -5.520638 5.336507 -0.515696 13.970000 0.000000 0.628375
47.054180 -5.040257 5.344079 -0.563914 14.290000 0.000000 0.157957
46.907722 -5.141377 5.352937 -0.603369 14.400000 0.000000 0.814720
46.629074 -0.668545 5.360903 -0.553947 15.260000 0.000000 0.074567
46.707024 -0.237920 5.369856 -0.523685 13.920000 0.000000 0.578244
46.511913 -0.273320 5.374274 -0.564104 14.840000 0.000000 0.091827
47.048046 -5.132667 5.379345 -0.573676 13.570000 0.000000 0.322742
46.431068 -0.132984 5.391588 -0.604339 14.460000 0.000000 0.757947
46.615391 -0.548536 5.392346 -0.564195 16.260000 0.000000 0.095114
47.120953 -4.938221 5.398792 -0.543000 11.870000 0.000000 0.189846
46.611115 -0.530920 5.413591 -0.554209 15.340000 0.000000 0.069798
46.616699 -0.323837 5.425277 -0.554090 16.090000 0.000000 0.072736
47.006039 -5.013574 5.428080 -0.555199 15.310000 0.000000 0.015276
46.935974 -5.024714 5.442530 -0.563914 11.150000 0.000000 0.160571
46.656349 -0.720236 5.461163 -0.543224 17.809999 0.000000 0.249333
46.929802 -5.116933 5.478287 -0.573676 15.050000 0.000000 0.325384
46.538929 -0.479034 5.490267 -0.603763 15.130000 0.000000 0.752472
46.707851 -2.294765 5.510088 -0.543487 17.379999 0.000000 0.227412
46.973377 -5.275491 5.517708 -0.575486 13.510000 0.000000 0.360066
46.993141 -5.335656 5.518131 -0.533969 15.030000 0.000000 0.325890
47.024536 -5.123181 5.528528 -0.543626 11.330000 0.000000 0.171298
46.438774 -0.444202 5.570597 -0.573473 17.040001 0.000000 0.253102
46.947060 -5.276481 5.581366 -0.565961 12.140000 0.000000 0.204102
46.545429 -0.445185 5.583167 -0.573473 16.520000 0.000000 0.253096
46.654613 -0.174836 5.589671 -0.573474 13.460000 0.000000 0.251451
46.507996 -0.377440 5.600762 -0.533124 17.590000 0.000000 0.414793
46.854931 -5.259640 5.618628 -0.575486 15.000000 0.000000 0.362839
46.985168 -5.142694 5.623487 -0.603370 12.900000 0.000000 0.820928
46.434334 -0.470682 5.631270 -0.593747 15.210000 0.000000 0.590518
46.505287 -0.062319 5.633060 -0.542923 15.610000 0.000000 0.253330
46.784412 -0.232293 5.644281 -0.523685 11.900000 0.000000 0.571617
46.890873 -5.258305 5.647354 -0.583988 14.540000 0.000000 0.504079
47.118271 -5.129873 5.654023 -0.543627 14.420000 0.000000 0.168550
46.987217 -5.064459 5.655790 -0.533424 13.380000 0.000000 0.338310
47.092667 -5.216254 5.657079 -0.523671 13.650000 0.000000 0.496581
46.913834 -5.292542 5.666860 -0.525207 16.170000 0.000000 0.467926
46.882275 -5.172904 5.679982 -0.604463 14.120000 0.000000 0.841788
46.476883 -0.596682 5.683271 -0.554177 17.320000 0.000000 0.062611
46.712654 -2.462009 5.696437 -0.524384 12.750000 0.000000 0.536629
47.075150 -7.197293 5.701322 -0.546321 13.200000 0.000000 0.063086
46.476700 -0.730507 5.703270 -0.554337 13.260000 0.000000 0.058501
46.964596 -5.221946 5.703696 -0.542528 13.120000 0.000000 0.182313
46.834583 -5.483078 5.706002 -0.545786 12.410000 0.000000 0.120782
46.587868 -0.451239 5.709161 -0.554239 15.620000 0.000000 0.062204
46.602390 -0.473016 5.726224 -0.603442 12.850000 0.000000 0.752978
46.414204 -0.576082 5.737017 -0.583576 15.760000 0.000000 0.425624
46.994011 -5.296669 5.762908 -0.545726 14.600000 0.000000 0.126145
46.717705 -0.430068 5.766246 -0.523122 15.090000 0.000000 0.576467
46.889149 -5.101898 5.780446 -0.543625 11.190000 0.000000 0.164770
46.471245 -0.656289 5.789325 -0.553947 14.940000 0.000000 0.063204
46.864109 -5.047400 5.791343 -0.533424 11.940000 0.000000 0.334592
46.592392 -0.327192 5.796275 -0.542903 17.860001 0.000000 0.248346
46.716202 -5.402454 5.846045 -0.576184 12.080000 0.000000 0.384715
46.365395 -0.826349 5.853593 -0.603431 16.389999 0.000000 0.759429
39.494240 -8.034184 5.854723 -0.533566 10.750000 0.000000 0.152902
46.977928 -5.147334 5.864853 -0.522819 13.390000 0.000000 0.506479
46.807064 -5.253054 5.867974 -0.565960 14.490000 0.000000 0.211581
46.502949 -0.573794 5.895938 -0.583576 16.070000 0.000000 0.429537
46.870720 -5.279154 5.900429 -0.545725 17.219999 0.000000 0.122329
46.807453 -5.585186 5.927393 -0.533974 13.100000 0.000000 0.307777
46.952271 -5.193145 5.946997 -0.523670 14.670000 0.000000 0.488956
46.741592 -5.149639 5.964178 -0.604462 13.310000 0.000000 0.849356
46.935566 -7.167861 5.991064 -0.546319 12.790000 0.000000 0.055623
46.854218 -5.129822 5.997976 -0.522819 13.880000 0.000000 0.502694
46.459770 -0.464973 6.003980 -0.603442 16.480000 0.000000 0.760846
46.910389 -5.336735 6.036048 -0.603648 14.470000 0.000000 0.841485
46.876686 -5.479892 6.036144 -0.515695 14.370000 0.000000 0.610805
46.926212 -5.223300 6.045983 -0.484571 12.810000 0.000000 1.132789
43.675846 -18.549179 6.050503 -0.523285 13.120000 0.000000 0.241452
46.754925 -5.082050 6.055550 -0.573676 13.570000 0.000000 0.340292
47.235470 -5.539018 6.061826 -0.522817 11.330000 0.000000 0.492976
46.576145 -0.509700 6.106767 -0.522929 14.170000 0.000000 0.569518
46.805504 -5.192249 6.128721 -0.542528 10.330000 0.000000 0.171013
46.831902 -5.317916 6.167015 -0.513177 12.590000 0.000000 0.652910
47.498268 -3.289604 6.180974 -0.514870 10.290000 0.000000 0.671681
43.562557 -18.495119 6.183815 -0.523284 11.990000 0.000000 0.244681
46.905659 -5.029467 6.184359 -0.555663 12.710000 0.000000 0.043292
47.222477 -5.638302 6.229805 -0.513195 12.540000 0.000000 0.645131
46.909828 -4.892278 6.262541 -0.543000 14.710000 0.000000 0.167584
45.851112 -1.920895 6.264065 -0.605101 15.700000 0.000000 0.811655
46.781136 -5.012797 6.323441 -0.555661 12.740000 0.000000 0.047451
38.207962 -2.214174 6.331944 -0.555000 9.520000 0.000000 0.034688
43.628170 -18.499805 6.337397 -0.553841 11.800000 0.000000 0.752566
47.226646 -6.280898 6.409499 -0.513239 12.060000 0.000000 0.621756
39.679707 -9.440237 6.519964 -0.542359 9.940000 0.000000 0.085098
46.006802 -1.862710 6.572311 -0.554593 12.940000 0.000000 0.016929
46.668804 -5.287385 6.591501 -0.513177 11.690000 0.000000 0.640723
46.759235 -4.863226 6.642635 -0.555876 17.170000 0.000000 0.056603
47.174599 -8.840977 6.711045 -0.485152 9.470000 0.000000 0.992136
46.710510 -5.224446 6.723679 -0.555293 14.770000 0.000000 0.058539
43.477425 -18.544022 7.071869 -0.562239 12.190000 0.000000 0.919699
43.229073 -17.998697 7.112421 -0.543000 12.990000 0.000000 0.571750
39.752560 -7.955038 7.134621 -0.486865 13.220000 0.000000 0.886383
38.662254 -13.019216 7.186813 -0.540247 10.850000 0.000000 0.323231
41.161289 -7.935378 7.246010 -0.516947 10.700000 0.000000 0.407205
43.154991 -17.925243 7.258317 -0.451098 12.480000 0.000000 0.948315
43.217762 -17.952263 7.420460 -0.541283 12.550000 0.000000 0.549432
38.993103 -13.504099 7.482558 -0.495580 11.600000 0.000000 0.381102
39.013546 -1.777051 7.498254 -0.533241 12.760000 0.000000 0.289229
38.969193 -2.012955 7.506840 -0.524357 8.080000 0.000000 0.431752
41.173271 -8.181364 7.538315 -0.517050 11.020000 0.000000 0.383415
39.668354 -9.512533 7.607797 -0.503348 11.580000 0.000000 0.514298
39.576561 -11.353949 7.635064 -0.526844 12.080000 0.000000 0.016098
39.532398 -8.134439 7.663384 -0.494172 12.430000 0.000000 0.731158
39.432556 -7.749555 7.708158 -0.543000 12.000000 0.000000 0.062928
39.544575 -10.999749 7.737774 -0.526775 10.770000 0.000000 0.033715
39.225658 -6.389672 7.742347 -0.543000 15.650000 0.000000 0.009298
39.464245 -8.052464 7.774683 -0.526125 15.680000 0.000000 0.199964
39.612358 -1.945819 7.793015 -0.574651 13.790000 0.000000 0.406737
39.607002 -10.921734 7.808723 -0.503022 12.470000 0.000000 0.430252
39.864590 -9.523367 7.812736 -0.467719 11.320000 0.000000 1.099160
40.223827 -12.203010 7.825116 -0.518753 9.930000 0.000000 0.106680
39.642735 -11.240991 7.837285 -0.522126 8.680000 0.000000 0.094508
39.234192 -8.003805 7.865323 -0.526117 12.090000 0.000000 0.194171
39.337833 -8.023860 7.884974 -0.526121 15.290000 0.000000 0.194207
39.673225 -10.703779 7.904299 -0.513847 9.740000 0.000000 0.261477
39.055065 -4.203026 7.969456 -0.515506 12.800000 0.000000 0.508074
39.250164 -6.617955 7.985017 -0.543000 13.890000 0.000000 0.029136
38.701389 -13.721994 7.990982 -0.495672 11.200000 0.000000 0.334053
38.519588 -13.633430 7.997282 -0.515640 9.940000 0.000000 0.003352
39.360394 -8.087346 8.022295 -0.494170 15.020000 0.000000 0.714486
39.289139 -7.848295 8.038794 -0.564774 12.180000 0.000000 0.445302
41.057144 -7.691021 8.038831 -0.567449 12.870000 0.000000 0.451848
39.673676 -3.570768 8.058326 -0.503691 14.380000 0.000000 0.723816
39.213493 -7.699825 8.064092 -0.574135 13.930000 0.000000 0.595954
39.328678 -8.171971 8.069224 -0.564869 14.250000 0.000000 0.462843
39.384609 -7.922956 8.081299 -0.523150 14.050000 0.000000 0.240228
39.302750 -7.755580 8.086392 -0.494101 14.680000 0.000000 0.727220
39.027412 -1.927802 8.095835 -0.523445 17.230000 0.000000 0.420992
39.490479 -11.189191 8.114851 -0.522117 11.410000 0.000000 0.082212
39.658653 -10.924845 8.125339 -0.503023 11.270000 0.000000 0.417988
38.961838 -1.997530 8.125785 -0.524356 8.820000 0.000000 0.402599
39.476650 -10.219472 8.127494 -0.558039 11.970000 0.000000 0.456611
39.603939 -2.268782 8.128273 -0.524440 15.630000 0.000000 0.403498
37.823574 -2.048849 8.131609 -0.552568 15.740000 0.000000 0.078813
39.234818 -7.151801 8.145291 -0.543000 11.020000 0.000000 0.059276
38.715023 -14.137242 8.150039 -0.541474 8.450000 0.000000 0.460421
39.431133 -2.364554 8.163332 -0.575174 14.730000 0.000000 0.441759
39.362640 -8.031648 8.165107 -0.514536 13.860000 0.000000 0.373509
38.814026 -14.173302 8.170819 -0.541474 10.100000 0.000000 0.460412
38.719414 -12.522909 8.179060 -0.469411 11.580000 0.000000 0.844896
38.874298 -13.138806 8.185546 -0.521103 11.070000 0.000000 0.048381
39.291695 -7.943424 8.190341 -0.513047 14.980000 0.000000 0.399813
38.997589 -2.186334 8.201768 -0.533706 15.570000 0.000000 0.241271
38.549923 -11.575083 8.204294 -0.566146 13.090000 0.000000 0.700479
39.406742 -10.109955 8.233814 -0.565507 11.400000 0.000000 0.580410
39.518383 -3.869758 8.243407 -0.533886 15.420000 0.000000 0.205694
38.596382 -13.793036 8.245779 -0.533616 9.490000 0.000000 0.313593
38.957699 -3.230922 8.251389 -0.543000 10.140000 0.000000 0.063225
39.508820 -10.135859 8.254879 -0.565508 11.960000 0.000000 0.580399
39.064121 -2.416856 8.255350 -0.503555 14.710000 0.000000 0.734446
39.406116 -9.949698 8.260125 -0.557903 12.440000 0.000000 0.446730
39.125214 -5.170691 8.264317 -0.503761 12.720000 0.000000 0.659337
39.042133 -1.998153 8.272934 -0.524357 16.980000 0.000000 0.396223
38.456520 -12.948680 8.288904 -0.514247 11.940000 0.000000 0.060239
39.062851 -1.874443 8.294934 -0.514513 13.190000 0.000000 0.560325
39.358974 -2.703674 8.299814 -0.574924 14.500000 0.000000 0.451499
39.234440 -9.348497 8.300098 -0.484196 10.720000 0.000000 0.800675
41.083920 -7.479632 8.301085 -0.522821 9.590000 0.000000 0.285194
38.870014 -2.092199 8.308572 -0.575070 15.110000 0.000000 0.448740
40.216606 -12.021829 8.315386 -0.502796 12.480000 0.000000 0.362008
39.485939 -2.761360 8.321095 -0.533789 14.750000 0.000000 0.228855
39.502079 -9.757514 8.322261 -0.514859 11.260000 0.000000 0.275972
39.375923 -8.350190 8.322684 -0.514596 11.410000 0.000000 0.350262
39.370712 -7.955114 8.337146 -0.513048 13.000000 0.000000 0.393981
39.205418 -7.683954 8.337364 -0.543000 12.640000 0.000000 0.092536
39.285103 -9.035920 8.341841 -0.533594 10.960000 0.000000 0.001539
39.161102 -7.079039 8.355440 -0.533679 14.010000 0.000000 0.087024
39.357498 -8.908719 8.361217 -0.514702 10.960000 0.000000 0.318476
38.507904 -12.386538 8.374220 -0.514151 12.650000 0.000000 0.098150
39.548893 -2.997233 8.374955 -0.503632 14.830000 0.000000 0.721382
39.228355 -8.142399 8.375713 -0.567842 9.780000 0.000000 0.526707
39.336826 -6.555158 8.386880 -0.503719 12.830000 0.000000 0.606424
38.932415 -2.055169 8.387179 -0.533262 13.520000 0.000000 0.240875
39.243923 -7.678702 8.387852 -0.522825 12.450000 0.000000 0.240097
39.096657 -6.230916 8.389068 -0.546320 17.030001 0.000000 0.090210
39.577694 -2.574028 8.390140 -0.484597 14.910000 0.000000 1.044704
38.688889 -0.063925 8.398116 -0.573473 13.490000 0.000000 0.406210
39.126595 -6.951826 8.403522 -0.516674 12.350000 0.000000 0.371102
39.017426 -1.386863 8.405351 -0.544473 7.830000 0.000000 0.065178
38.213520 -7.954363 8.405720 -0.532262 12.590000 0.000000 0.049278
38.736908 -2.166194 8.408745 -0.533705 12.340000 0.000000 0.228236
38.991138 -0.352244 8.410267 -0.574021 12.730000 0.000000 0.414340
38.656731 -1.533181 8.410561 -0.574835 14.690000 0.000000 0.443886
40.391327 -12.146708 8.429756 -0.469052 9.610000 0.000000 0.912973
39.222240 -2.690659 8.436482 -0.574923 12.930000 0.000000 0.459577
38.750504 -1.770344 8.437685 -0.574936 16.540001 0.000000 0.449285
38.799694 -2.429171 8.438082 -0.574842 16.160000 0.000000 0.458370
38.821857 -2.479207 8.438174 -0.533754 16.459999 0.000000 0.221237
39.179737 -5.309801 8.442412 -0.485753 13.200000 0.000000 0.944956
38.705952 -1.671709 8.443063 -0.542766 15.390000 0.000000 0.084019
39.316105 -9.836119 8.458189 -0.565420 11.170000 0.000000 0.575964
38.839035 -2.300873 8.459901 -0.543516 15.270000 0.000000 0.062035
39.324490 -3.059532 8.466112 -0.533824 14.260000 0.000000 0.212946
39.424870 -8.074563 8.466165 -0.457024 12.450000 0.000000 1.310987
39.361244 -11.057332 8.476216 -0.565838 12.280000 0.000000 0.652943
38.832008 -5.310059 8.485450 -0.575652 12.200000 0.000000 0.550978
39.343384 -2.706744 8.489792 -0.583766 12.990000 0.000000 0.607499
38.885574 -2.320681 8.502081 -0.514711 15.600000 0.000000 0.537017
39.255985 -2.714872 8.502910 -0.545029 18.450001 0.000000 0.031987
39.411976 -2.983247 8.512821 -0.503631 13.710000 0.000000 0.713266
39.360889 -2.721788 8.524722 -0.545029 14.800000 0.000000 0.032039
38.847179 -2.146077 8.526731 -0.544803 7.880000 0.000000 0.040148
38.539204 -14.101954 8.536573 -0.533610 12.070000 0.000000 0.350420
38.668972 -2.418217 8.540778 -0.574841 16.650000 0.000000 0.465028
39.484879 -3.516462 8.547385 -0.523591 14.840000 0.000000 0.369838
39.287598 -2.272477 8.567183 -0.543000 12.060000 0.000000 0.071072
38.144375 -2.040325 8.572095 -0.542621 16.190001 0.000000 0.066923
38.885223 -1.429122 8.576324 -0.543000 13.070000 0.000000 0.078783
39.324997 -2.876374 8.582573 -0.543559 12.050000 0.000000 0.049882
38.636299 -0.000340 8.584057 -0.563501 16.170000 0.000000 0.250994
38.784611 -1.672055 8.586213 -0.542766 13.110000 0.000000 0.077584
39.172195 -7.912332 8.594285 -0.574177 14.410000 0.000000 0.632180
38.932316 -2.070354 8.601426 -0.543492 13.810000 0.000000 0.060348
39.404121 -3.196344 8.612419 -0.543571 12.400000 0.000000 0.042241
39.388565 -2.660181 8.620415 -0.514845 12.890000 0.000000 0.528564
38.529373 -0.281729 8.622860 -0.573471 14.500000 0.000000 0.420993
40.839138 -7.817345 8.626381 -0.547368 11.220000 0.000000 0.154071
39.303253 -7.683203 8.627496 -0.522825 11.110000 0.000000 0.229619
38.714520 -1.891850 8.639741 -0.513476 11.770000 0.000000 0.555558
39.428734 -3.753617 8.642575 -0.545370 14.600000 0.000000 0.002113
39.242741 -7.896018 8.643561 -0.533561 14.870000 0.000000 0.040097
38.868301 -4.028548 8.647276 -0.533890 13.470000 0.000000 0.172695
40.248264 -12.097342 8.647726 -0.469043 10.590000 0.000000 0.902974
38.988056 -4.703303 8.661539 -0.522807 13.240000 0.000000 0.337422
39.395031 -2.535640 8.664581 -0.533295 15.110000 0.000000 0.223346
39.097950 -7.042137 8.668427 -0.523313 13.990000 0.000000 0.243951
38.816914 -4.050112 8.669725 -0.555156 11.510000 0.000000 0.181887
39.297455 -8.145496 8.672969 -0.533570 14.590000 0.000000 0.027886
39.178394 -8.756165 8.683428 -0.522850 11.610000 0.000000 0.172348
38.900070 -1.798214 8.694882 -0.563599 13.870000 0.000000 0.273448
38.753094 -1.982841 8.694914 -0.554407 14.430000 0.000000 0.125994
40.971069 -7.502377 8.698298 -0.542238 12.420000 0.000000 0.056702
38.869450 -1.673414 8.699792 -0.542766 13.110000 0.000000 0.072701
39.438667 -3.308605 8.706697 -0.533345 14.360000 0.000000 0.204706
38.692913 -1.758113 8.709653 -0.513033 12.050000 0.000000 0.561031
38.898834 -4.713982 8.714401 -0.543509 14.090000 0.000000 0.009710
38.857914 -1.988017 8.717737 -0.554407 12.500000 0.000000 0.125955
38.779106 -1.854006 8.718371 -0.544578 14.650000 0.000000 0.037896
39.471104 -3.319806 8.719147 -0.513100 12.760000 0.000000 0.539439
39.338776 -3.018094 8.731996 -0.554752 12.800000 0.000000 0.145817
39.401093 -9.094552 8.734230 -0.542043 12.830000 0.000000 0.160211
38.677952 -1.898293 8.734932 -0.583690 13.680000 0.000000 0.612518
39.355179 -2.475321 8.751567 -0.524519 17.139999 0.000000 0.364873
38.930813 -5.267304 8.751825 -0.543443 12.600000 0.000000 0.028090
39.239666 -2.692702 8.756493 -0.565156 12.700000 0.000000 0.313850
38.782700 -1.903307 8.758077 -0.583690 12.740000 0.000000 0.612489
39.240433 -7.718456 8.758121 -0.542180 10.130000 0.000000 0.100014
38.775246 -1.790211 8.762675 -0.563599 14.170000 0.000000 0.278426
38.965889 -2.385441 8.765390 -0.542596 15.390000 0.000000 0.061593
39.226414 -3.210828 8.766637 -0.522828 13.890000 0.000000 0.375235
38.574726 -0.593321 8.767736 -0.554290 13.990000 0.000000 0.112894
38.558342 -2.429128 8.768457 -0.544930 13.260000 0.000000 0.016658
38.306541 -13.008787 8.771725 -0.523034 10.870000 0.000000 0.116180
39.241169 -2.828989 8.773732 -0.533315 13.040000 0.000000 0.209712
39.135609 -7.965870 8.774988 -0.514532 14.030000 0.000000 0.343335
38.825611 -2.202596 8.778834 -0.564952 15.610000 0.000000 0.307775
38.682106 -1.553679 8.789735 -0.573486 14.640000 0.000000 0.441285
39.085018 -6.455033 8.797623 -0.546397 16.950001 0.000000 0.120634
38.584190 -0.067532 8.810057 -0.554135 8.590000 0.000000 0.108844
38.786858 -1.557794 8.813101 -0.573486 13.490000 0.000000 0.441261
39.359570 -3.079120 8.813280 -0.513088 14.430000 0.000000 0.538813
39.311028 -9.028686 8.817083 -0.484117 10.350000 0.000000 0.796282
38.840652 -4.600710 8.821509 -0.555934 14.090000 0.000000 0.218327
39.214565 -3.051796 8.824062 -0.555270 15.180000 0.000000 0.161465
38.826054 -4.154825 8.834455 -0.543551 16.520000 0.000000 0.001065
38.945057 -4.612253 8.843767 -0.555936 14.720000 0.000000 0.218260
39.298622 -3.296099 8.852348 -0.555369 14.720000 0.000000 0.168924
38.937016 -3.776769 8.852547 -0.555673 16.910000 0.000000 0.190819
39.236568 -2.877189 8.857387 -0.544991 11.680000 0.000000 0.011027
38.625290 -0.299943 8.858391 -0.512953 12.760000 0.000000 0.569514
39.111553 -7.689143 8.858741 -0.542180 10.150000 0.000000 0.106208
38.739914 -1.898811 8.859836 -0.522863 12.780000 0.000000 0.388766
39.267803 -2.645728 8.863503 -0.573533 15.050000 0.000000 0.456765
39.275501 -2.540021 8.868541 -0.513063 13.950000 0.000000 0.546310
38.824669 -2.386601 8.877910 -0.544795 15.980000 0.000000 0.017420
38.693951 -2.192260 8.879574 -0.564952 19.219999 0.000000 0.314637
39.416679 -3.020539 8.879827 -0.554752 10.850000 0.000000 0.152400
39.373428 -3.620540 8.882812 -0.555503 12.860000 0.000000 0.179445
38.424896 -12.840729 8.887388 -0.541604 12.340000 0.000000 0.413371
39.315441 -3.192458 8.888187 -0.545125 14.880000 0.000000 0.001431
38.831692 -2.126810 8.889101 -0.522856 11.170000 0.000000 0.384777
39.268551 -3.666228 8.893556 -0.522820 14.210000 0.000000 0.358533
38.946846 -4.780942 8.904563 -0.513200 12.100000 0.000000 0.480971
38.868458 -1.762166 8.907864 -0.513033 10.540000 0.000000 0.552728
38.450665 -1.925904 8.911067 -0.552502 15.080000 0.000000 0.108944
39.532234 -11.203032 8.916478 -0.502926 10.460000 0.000000 0.364537
39.242046 -7.760343 8.936774 -0.513482 10.850000 0.000000 0.364463
39.789890 -2.666420 8.957168 -0.542577 14.510000 0.000000 0.057283
39.307556 -3.453088 8.962761 -0.513729 12.910000 0.000000 0.511243
39.242271 -5.065157 8.971254 -0.543479 14.900000 0.000000 0.028203
39.334816 -9.042337 8.972864 -0.513109 10.050000 0.000000 0.308578
38.718109 -4.262683 8.979456 -0.565900 14.120000 0.000000 0.383434
39.293762 -8.823184 8.985203 -0.542067 10.420000 0.000000 0.161256
39.222893 -8.756564 8.986955 -0.522850 12.520000 0.000000 0.158594
38.951565 -5.848249 8.990396 -0.566670 13.390000 0.000000 0.445173
38.829048 -4.430684 9.003214 -0.555683 14.270000 0.000000 0.218724
38.736382 -1.753158 9.004815 -0.513033 12.890000 0.000000 0.545958
38.609299 -1.775733 9.011072 -0.563599 13.030000 0.000000 0.293624
39.394291 -7.194551 9.013103 -0.542236 11.680000 0.000000 0.087354
39.272507 -9.004863 9.017613 -0.522857 11.970000 0.000000 0.145490
38.864136 -4.312955 9.020856 -0.513166 11.990000 0.000000 0.488293
38.738167 -1.883602 9.030138 -0.513476 13.560000 0.000000 0.535283
38.528004 -0.183389 9.037528 -0.554082 16.900000 0.000000 0.121647
40.743961 -7.690342 9.069313 -0.542214 11.450000 0.000000 0.085402
39.166191 -8.299969 9.072792 -0.517245 11.350000 0.000000 0.268402
39.060425 -2.671855 9.077357 -0.565156 13.220000 0.000000 0.332567
39.165157 -8.790152 9.086270 -0.542067 10.970000 0.000000 0.167489
38.815151 -5.330886 9.102255 -0.564151 13.040000 0.000000 0.393224
38.771641 -3.754097 9.117399 -0.555670 16.840000 0.000000 0.206627
39.390240 -0.540707 9.128728 -0.554326 15.840000 0.000000 0.122204
39.193314 -6.481965 9.185574 -0.523411 9.070000 0.000000 0.241103
38.463566 -1.875616 9.197491 -0.583690 12.030000 0.000000 0.640033
38.912590 -5.796572 9.200496 -0.542367 10.640000 0.000000 0.052556
39.179783 -8.998566 9.201316 -0.513107 11.740000 0.000000 0.295997
39.049587 -2.854016 9.207860 -0.544990 11.370000 0.000000 0.009514
39.063290 -2.850224 9.215283 -0.573546 14.480000 0.000000 0.482439
39.043301 -5.619762 9.226864 -0.566552 14.030000 0.000000 0.445687
39.294102 -3.800761 9.232049 -0.555678 13.430000 0.000000 0.206224
39.381386 -8.790738 9.243186 -0.484060 9.210000 0.000000 0.790029
38.593719 -7.571646 9.253884 -0.542179 11.720000 0.000000 0.131820
39.059692 -8.029488 9.296643 -0.517141 11.020000 0.000000 0.269354
38.781445 -5.773375 9.297633 -0.542367 13.290000 0.000000 0.059246
38.998474 -2.795484 9.367817 -0.533314 10.720000 0.000000 0.175603
39.220657 -3.633026 9.376113 -0.512918 13.540000 0.000000 0.497180
38.669724 -1.854073 9.427611 -0.512920 13.000000 0.000000 0.522139
39.139393 -8.153872 9.530312 -0.523062 12.540000 0.000000 0.155117
38.517529 -4.065805 9.582903 -0.555553 12.150000 0.000000 0.242796
38.621643 -4.075996 9.607153 -0.555554 13.630000 0.000000 0.242697
38.974979 -7.683606 9.656807 -0.513480 12.700000 0.000000 0.325222
38.502670 -14.019863 9.659808 -0.513506 10.120000 0.000000 0.064662
38.576382 -14.890008 9.837355 -0.520010 8.050000 0.000000 0.241114
38.384205 -14.223073 9.840466 -0.543000 12.630000 0.000000 0.580969
38.737602 -13.321305 9.977147 -0.495571 8.370000 0.000000 0.274216
39.713680 -10.120123 10.055789 -0.476647 13.210000 0.000000 0.810549
38.504063 -13.571721 10.091655 -0.495664 10.990000 0.000000 0.241024
38.807484 -8.220119 10.437760 -0.542669 12.810000 0.000000 0.230022
38.434792 -13.366986 10.567540 -0.485460 11.540000 0.000000 0.396866
38.580830 -10.358621 11.604499 -0.526661 13.690000 0.000000 0.150754
38.681133 -10.384161 11.633083 -0.526667 9.200000 0.000000 0.150681
38.216633 -7.730049 12.003329 -0.557460 13.080000 0.000000 0.563661
38.273598 -9.789344 12.478750 -0.574618 9.490000 0.000000 0.978353
38.361317 -9.193598 12.693922 -0.487580 10.880000 0.000000 0.482719
38.424129 -9.203328 12.852915 -0.487583 11.440000 0.000000 0.473846
38.019840 -9.266963 13.207988 -0.526445 11.510000 0.000000 0.210859
