2.0741033554 3.4146399498 -1.0675754547
3.5370476246 1.8572385311 -1.0351567268
3.9839379787 0.0206005480 -1.0154947042
3.7947940826 0.1620575339 -0.9952255487
3.2084302902 0.5534067154 -0.9945967197
3.5116467476 0.3747357726 -0.9937075973
3.0187499523 1.9532043934 -0.9864562154
3.2546062469 0.5906333327 -0.9851056933
3.8686811924 0.9336873293 -0.9751975536
3.7273423672 0.9498537779 -0.9743732810
3.0506396294 0.1724369377 -0.9617153406
2.4626595974 2.4514536858 -0.9169983864
1.9870921373 1.6482368708 -0.9125182629
1.7418737411 1.8797892332 -0.9087688923
2.2083699703 2.9970481396 -0.8946899176
2.3690452576 2.9684731960 -0.8928001523
3.8195531368 0.3535427153 -0.8771340251
2.2861716747 3.3415074348 -0.8569469452
3.0703046322 0.0393514931 -0.8560092449
3.4352974892 0.9118382931 -0.7616825104
6.6558208466 5.8768315315 -3.0009014606
6.4942317009 6.8596644402 -1.9632878304
6.5823135376 6.9378747940 -1.9192980528
6.9617395401 6.4121146202 -1.6412494183
8.0864734650 6.0741429329 -1.6367318630
6.9962968826 6.5489239693 -1.5893014669
9.0626239777 1.2245466709 -1.5819704533
7.0905723572 6.1893033981 -1.5728559494
7.9662442207 6.0763878822 -1.5505222082
6.8287835121 7.2077741623 -1.5382751226
8.2233276367 5.8435235023 -1.5210014582
8.5109272003 3.6655497551 -1.5118358135
6.7997193336 7.1775059700 -1.4963103533
6.3888707161 7.2473435402 -1.4757100344
6.8450989723 6.0988950729 -1.4641174078
6.2970738411 7.7558274269 -1.4543615580
8.7143545151 3.0466198921 -1.4438616037
6.3220567703 7.1706662178 -1.4299405813
6.6793885231 6.5362057686 -1.4103136063
7.0248031616 6.5597734451 -1.4017153978
6.7425055504 7.2643046379 -1.3794209957
8.0330972672 6.0872979164 -1.3757567406
6.7113280296 6.7454214096 -1.3729737997
6.4829764366 7.4017848969 -1.3677159548
6.6126379967 6.6938509941 -1.3608685732
7.1850314140 6.1248474121 -1.3497693539
7.2023348808 6.6981592178 -1.3375167847
6.3023705482 7.2098898888 -1.3299940825
7.1757469177 6.6457653046 -1.3251793385
6.3168106079 7.6238765717 -1.3185505867
8.3278274536 5.8362193108 -1.3167719841
6.4050135612 7.0003280640 -1.3163849115
6.2304940224 7.1314377785 -1.3153829575
8.9848356247 -2.8881270885 -1.3071912527
7.7927088737 6.1496133804 -1.3071105480
6.8072581291 6.4967088699 -1.3062469959
5.1749830246 7.9311656952 -1.3052446842
7.3545150757 5.6656703949 -1.3041937351
6.8700165749 6.6707892418 -1.3038097620
6.5723872185 7.3712830544 -1.2976220846
9.2436876297 -2.4483945370 -1.2954424620
6.9407186508 6.8524007797 -1.2948833704
7.7662882805 5.8461894989 -1.2941287756
8.5213460922 2.2919638157 -1.2635369301
7.1300301552 5.3180480003 -1.2620241642
7.1518950462 5.9291429520 -1.2600358725
7.5861477852 6.7616033554 -1.2549526691
7.9840302467 6.0842485428 -1.2510733604
7.6026582718 5.4620370865 -1.2379974127
7.9891257286 6.1633548737 -1.2293922901
8.6672439575 1.9105104208 -1.2133277655
8.7242946625 1.6028203964 -1.2122651339
6.7739753723 7.4135804176 -1.2100464106
6.4301886559 7.2805142403 -1.2086094618
6.9176754951 5.7898755074 -1.2054685354
6.4810342789 6.5836534500 -1.2036883831
6.7932620049 6.9275078773 -1.2014575005
6.2989454269 7.8010039330 -1.1983482838
6.1872639656 6.5608782768 -1.1979277134
8.8371553421 -2.7363927364 -1.1882412434
6.7110538483 7.2360477448 -1.1833106279
6.0468716621 6.5503540039 -1.1832743883
7.4622178078 5.6056590080 -1.1710901260
8.8989877701 -2.9077599049 -1.1674333811
8.0157670975 4.7491397858 -1.1526077986
6.9263615608 5.6170711517 -1.1382188797
7.1178722382 6.5477871895 -1.1372238398
6.8416843414 5.5523672104 -1.1249033213
7.1387872696 6.6453738213 -1.1220349073
6.7794871330 6.7981157303 -1.1218919754
6.2897510529 7.1298742294 -1.1217871904
6.8652205467 7.4891457558 -1.1120085716
7.2920804024 5.2878718376 -1.1104269028
6.8118276596 5.5853719711 -1.1034746170
7.4660196304 5.7473611832 -1.0915817022
8.6415386200 2.1271576881 -1.0845481157
6.4730577469 7.2634139061 -1.0719642639
6.7493238449 7.5137033463 -1.0671527386
8.6310005188 1.6619510651 -1.0671370029
9.5159368515 -3.0449447632 -1.0567409992
5.6223888397 8.0569715500 -1.0508018732
6.4762940407 7.2461037636 -1.0475894213
6.2897415161 7.2997593880 -1.0467069149
7.2533321381 5.1694383621 -1.0372719765
6.7191805840 5.6457157135 -1.0076140165
9.2048368454 1.2576383352 -1.0030084848
7.6295661926 4.7467970848 -0.9959828854
7.8217997551 6.2944936752 -0.9843912721
6.2231512070 6.5406641960 -0.9646138549
6.2929730415 7.1998443604 -0.9643070102
9.2576770782 -3.6405301094 -0.9404402971
7.0532174110 5.1775212288 -0.9269940853
6.7081823349 5.8478293419 -0.9241065979
6.9682517052 5.7621312141 -0.8809892535
7.1505413055 5.2398238182 -0.8475619555
9.9043493271 -2.1358971596 -0.8302791715
8.5876398087 4.7458715439 -0.8061732054
6.4573564529 7.3620915413 -0.7928987145
6.3822183609 7.2858490944 -0.7843285203
9.3710479736 -3.4802742004 -0.7309118509
7.5845942497 7.6214900017 -1.7977246046
8.1509103775 7.9018564224 -1.7483773232
7.9305071831 7.9909820557 -1.6906329393
7.4485692978 7.2079477310 -1.6575403214
11.2573528290 -2.1085054874 -1.6488529444
8.4061546326 8.1269845963 -1.6390736103
7.7112946510 6.7743782997 -1.5937938690
8.4224987030 7.3860149384 -1.5630992651
7.5653605461 7.3058247566 -1.5261090994
11.3757019043 -2.7185394764 -1.5116496086
11.1015586853 -3.3057596684 -1.4710582495
10.3465023041 -3.1969559193 -1.4580559731
8.6812648773 7.8242335320 -1.4376859665
11.0526580811 -3.6043605804 -1.4341250658
11.4868097305 -1.7522379160 -1.4238632917
7.6707949638 8.6648054123 -1.4177038670
7.9631180763 6.9033932686 -1.4085870981
8.6092290878 5.8891911507 -1.4065840244
7.6385836601 8.1385917664 -1.3978265524
8.1290264130 8.1138763428 -1.3963423967
10.8685560226 -3.2371313572 -1.3886506557
7.5604724884 8.0660438538 -1.3849682808
8.0520982742 8.0400390625 -1.3835093975
9.8020467758 -2.8237915039 -1.3809995651
7.8323292732 7.8433876038 -1.3731560707
11.1319694519 -3.3525433540 -1.3726774454
11.2937870026 -2.2625787258 -1.3684271574
7.7563219070 7.7686562538 -1.3600136042
8.0295076370 7.5531353951 -1.3507934809
7.8335452080 7.9984440804 -1.3495111465
7.8951315880 6.8929491043 -1.3435088396
10.5377473831 -3.0864367485 -1.3424214125
8.1365852356 7.4402451515 -1.3301032782
10.3423242569 -2.5783762932 -1.3175482750
10.5464658737 -2.1773569584 -1.3028049469
10.4580011368 -2.9958519936 -1.2894804478
11.1693572998 -2.7812871933 -1.2875000238
11.1086788177 -3.3551378250 -1.2798889875
10.1955204010 -4.8192071915 -1.2681850195
8.5473680496 7.6374921799 -1.2647846937
8.2888517380 6.9374923706 -1.2445662022
7.9669499397 6.8197612762 -1.2443783283
10.9345102310 -2.9667558670 -1.2383115292
8.2024583817 6.8748192787 -1.2328764200
10.9489965439 -3.2081339359 -1.2245923281
8.1653728485 6.2902779579 -1.2214401960
8.0788869858 6.2278208733 -1.2090871334
7.6455702782 8.2683782578 -1.2013384104
8.2221126556 6.1454553604 -1.1940453053
8.6175947189 7.4510178566 -1.1906199455
8.8571996689 7.6198472977 -1.1818891764
7.5264673233 8.2448854446 -1.1814998388
10.8527812958 -3.1149408817 -1.1793745756
11.3352546692 -2.5097923279 -1.1754803658
8.0455770493 6.9550895691 -1.1724710464
8.0628833771 6.8892421722 -1.1474155188
8.3342332840 7.0077328682 -1.1349161863
8.2021217346 6.2437129021 -1.1336344481
10.5568704605 -3.4794354439 -1.1317207813
7.6539044380 7.5471119881 -1.1260994673
9.9398336411 -2.8529770374 -1.1126886606
10.6632785797 -3.5092408657 -1.1041073799
11.0204753876 -2.9303302765 -1.0881043673
10.7828731537 -3.3647263050 -1.0859786272
10.4418859482 -4.2756347656 -1.0834517479
9.7194814682 -3.5913500786 -1.0791101456
10.6797227859 -3.3366169930 -1.0761842728
8.4860706329 7.0021739006 -1.0734155178
10.9366092682 -3.2366666794 -1.0556172132
11.1360692978 -2.8595881462 -1.0347560644
8.1476163864 7.0305590630 -0.9766129851
11.2703971863 -2.7897121906 -0.9704509377
10.0251703262 -7.0795397758 -1.8327599764
10.0689029694 -7.2060370445 -1.8108912706
9.8949184418 -7.1492843628 -1.8042480946
10.1239604950 -7.1329751015 -1.8037029505
10.4301490784 -6.5764226913 -1.7816959620
9.9941205978 -7.2019562721 -1.7742197514
10.3729743958 -7.0441398621 -1.7608108521
10.1155138016 -7.0871129036 -1.7493740320
9.9940614700 -7.2302470207 -1.7475850582
8.7670001984 7.8600149155 -1.7417336702
10.0556612015 -7.0589928627 -1.7142233849
10.2848482132 -6.9952502251 -1.7025771141
12.2026844025 -1.3941787481 -1.6270092726
10.1326608658 -7.0848436356 -1.5688790083
11.7509174347 -1.8592555523 -1.5573908091
12.0839776993 -1.9210591316 -1.5564299822
9.1885023117 8.0670013428 -1.5547357798
11.9781045914 -1.9084805250 -1.5441800356
11.6305103302 -2.5081701279 -1.5376996994
8.6850709915 8.1612863541 -1.5191913843
9.5494203568 -7.8790106773 -1.5154858828
12.5248212814 -2.4648852348 -1.5119763613
8.6006708145 8.0961742401 -1.5065428019
11.8958930969 -2.6886236668 -1.4909749031
12.7006845474 -2.6948330402 -1.4842339754
13.0350618362 -1.2468094826 -1.4804898500
12.1951322556 -2.5403981209 -1.4717630148
12.9356098175 -1.1609197855 -1.4704706669
12.0655126572 -2.6357910633 -1.4567320347
9.6821012497 8.6705341339 -1.4541479349
12.0846786499 -1.3421432972 -1.4370027781
12.1272554398 -1.8480015993 -1.4358959198
12.6234521866 -2.5645728111 -1.4313894510
12.6085729599 -1.6497987509 -1.4305870533
12.1159114838 -1.7113817930 -1.4298558235
12.0112037659 -1.9016783237 -1.4213997126
9.5920505524 -7.8671503067 -1.4156044722
12.5203189850 -2.2227296829 -1.4140201807
12.8713655472 -1.0996017456 -1.4139636755
11.6085996628 -1.6782357693 -1.4122940302
9.2739944458 8.7586517334 -1.4072463512
9.2666082382 8.6080179214 -1.3975415230
11.4778175354 -2.4544816017 -1.3936363459
13.0110778809 -2.1004080772 -1.3918402195
11.7585887909 -2.6887443066 -1.3835991621
11.2583045959 -3.4547870159 -1.3826160431
12.5711669922 -1.7226585150 -1.3796262741
12.5070981979 -1.6374467611 -1.3757084608
9.6166496277 -7.8194718361 -1.3701241016
11.8956270218 -1.9767044783 -1.3689767122
12.7100238800 -1.9501122236 -1.3612966537
12.7247819901 -2.4961597919 -1.3567199707
11.5200538635 -2.9401781559 -1.3385438919
13.1675777435 -1.1464675665 -1.3344942331
11.5375604630 -2.5427021980 -1.3326035738
8.8790016174 8.7201166153 -1.3277883530
10.1474733353 -7.1053643227 -1.3148370981
12.6086587906 -1.9337898493 -1.3098297119
12.5650405884 -2.1766979694 -1.3075187206
12.0888681412 -2.5446355343 -1.3048584461
10.0343990326 8.5990037918 -1.3031123877
12.8917694092 -2.3792383671 -1.3006867170
12.1511173248 -1.8932890892 -1.2919323444
12.3533926010 -2.1472222805 -1.2871010303
12.5446338654 -2.0798857212 -1.2845276594
12.6741933823 -2.1909284592 -1.2835144997
12.0012845993 -1.7589551210 -1.2605341673
10.0293703079 -7.0236530304 -1.2544909716
11.7701253891 -2.7588057518 -1.2537184954
11.4570398331 -2.5191245079 -1.2480864525
11.8830499649 -2.5052511692 -1.2420916557
11.9781188965 -2.0032610893 -1.2392126322
13.1577444077 -0.7119475007 -1.2353519201
9.3665666580 8.2739896774 -1.2347882986
12.4432287216 -2.0619180202 -1.2347475290
10.4709062576 -6.4024376869 -1.2304946184
10.9454479218 -4.4703063965 -1.2032849789
12.6777830124 -2.0140318871 -1.2004930973
11.6402883530 -2.9649603367 -1.1985219717
12.8495569229 -1.7299587727 -1.1887462139
12.3138504028 -3.4730792046 -1.1842051744
12.0623617172 -1.9004226923 -1.1818368435
12.6682395935 -1.4500072002 -1.1763597727
12.8252449036 -2.5409464836 -1.1750100851
12.7348203659 -2.4446735382 -1.1678689718
12.9409818649 -1.6926386356 -1.1666443348
9.5404157639 8.2477207184 -1.1655148268
12.6483135223 -2.3242993355 -1.1614341736
11.9236326218 -2.6441853046 -1.1592347622
13.1216354370 -1.7010333538 -1.1500743628
11.8834934235 -2.3719460964 -1.1449630260
11.8705778122 -2.2576346397 -1.1413993835
13.0509376526 -1.7049685717 -1.1333173513
9.6608095169 -7.8058514595 -1.1080845594
9.7121210098 -7.9372067451 -1.1075298786
12.2600584030 -2.3300597668 -1.1073306799
13.0357599258 -1.8662251234 -1.1028492451
13.0292644501 -1.6069339514 -1.0999292135
12.4745664597 -2.3660700321 -1.0837097168
12.7821464539 -2.1075348854 -1.0777461529
12.3691349030 -2.3477632999 -1.0748426914
12.8421134949 -1.6781734228 -1.0732569695
10.8700532913 -4.3941287994 -1.0730881691
11.7997932434 -2.2787313461 -1.0586646795
12.8321838379 -1.4920259714 -1.0461525917
12.9046773911 -2.0413661003 -1.0450385809
11.1261320114 -4.6376342773 -1.0389938354
9.3730030060 8.4298877716 -1.0268270969
11.2761020660 -3.5691816807 -1.0255417824
13.0173196793 -1.6471737623 -1.0218988657
12.6330451965 -1.6513848305 -1.0145097971
12.5267810822 -1.6383588314 -1.0061538219
12.8360853195 -1.4753302336 -0.9999938011
10.2697410583 -7.1715273857 -0.9849568009
12.6916580200 -1.6254200935 -0.9831711650
12.6598625183 -2.5846269131 -0.9676749110
10.2022562027 -7.2864689827 -0.9609535336
10.5389318466 -6.5262589455 -0.9581829309
9.2152023315 7.4267191887 -0.9502852559
10.5019931793 -6.3863525391 -0.9145570993
12.7940635681 -1.7152804136 -0.9042310715
13.1152963638 -1.7540991306 -0.8937577009
12.6945238113 -2.3442194462 -0.8859241605
12.9026308060 -1.7278192043 -0.8795379400
11.0401029587 -4.5969433784 -0.8776689768
9.5171842575 -8.1754102707 -0.8756900430
10.1984958649 -7.1244149208 -0.8007044196
13.0173110962 -1.7384274006 -0.7574005127
9.5243730545 8.3012418747 -0.4480034113
14.1865444183 -2.5412831306 -4.9870605469
14.3199605942 -3.6381945610 -4.9775142670
13.5812005997 -1.3057399988 -4.9693140984
13.6484193802 -1.3234722614 -4.8988428116
14.1483011246 -2.3325383663 -4.8690290451
13.9201459885 -1.8821020126 -4.8535819054
13.6934680939 -1.3301476240 -4.8397498131
14.7124757767 -3.8853592873 -4.7886714935
13.9701385498 -2.0886323452 -4.7465367317
13.8281002045 -1.3861156702 -4.6210803986
13.9442148209 -1.3960533142 -4.6096668243
14.9979267120 -4.1052908897 -4.0705952644
14.1622991562 -1.1854295731 -3.9314410686
14.2425289154 -1.7719337940 -3.7874660492
14.4020805359 -2.3717873096 -3.3486199379
14.6866931915 -3.0774779320 -3.2717785835
14.6522102356 -2.2260823250 -2.4913241863
17.2822742462 -6.7995080948 -2.4548249245
15.0944452286 -3.2441492081 -2.4416611195
14.7754058838 -2.6354103088 -2.4088709354
14.6823596954 -2.1094613075 -2.3833196163
14.6652822495 -2.1434891224 -2.3178987503
14.9326667786 -2.5053179264 -2.2588310242
14.8107547760 -2.1194405556 -2.2390112877
14.9030523300 -2.0368351936 -2.2051551342
14.7972011566 -2.0159573555 -2.1966445446
14.7793254852 -2.1536078453 -2.1870214939
16.5908412933 -7.9948868752 -2.1791527271
17.3059120178 -6.7990093231 -2.1502912045
14.8854265213 -2.8726627827 -2.1461720467
14.4327077866 -1.2328073978 -2.1298725605
16.6155567169 -8.0194530487 -2.1244552135
15.0197467804 -2.7476880550 -2.1087837219
14.7757539749 -1.2199448347 -2.1033270359
14.7354850769 -2.4932725430 -2.0904369354
17.7675933838 -5.7619333267 -2.0892207623
14.6286525726 -1.7606569529 -2.0819885731
14.6296968460 -2.4810664654 -2.0772707462
17.2830963135 -6.1210370064 -2.0689759254
14.6050643921 -1.6626400948 -2.0595529079
14.6816377640 -1.7541766167 -2.0580408573
17.4338092804 -6.8365397453 -2.0453283787
16.5067329407 -7.9548702240 -2.0418033600
14.7259836197 -1.9027417898 -2.0252180099
15.2994031906 -3.5359423161 -2.0111684799
16.5310764313 -7.9794588089 -1.9867280722
17.1736049652 -6.1923766136 -1.9846122265
16.0683555603 -9.2595329285 -1.9820388556
16.7267684937 -7.9379048347 -1.9817234278
14.3349485397 -1.3513194323 -1.9591194391
16.1151676178 -8.9313316345 -1.9543890953
15.8430519104 -9.0184764862 -1.9327468872
16.4217700958 -7.9145469666 -1.9056926966
16.1378784180 -9.1226444244 -1.8945742846
15.9863243103 -9.0031194687 -1.8903247118
17.4057826996 -6.1510705948 -1.8891072273
14.7933435440 -2.6683564186 -1.8453623056
16.3296031952 -7.8738408089 -1.8329484463
14.5857744217 -1.9083789587 -1.8114317656
18.0151824951 -4.9271087646 -1.8006376028
15.1510391235 -3.2548921108 -1.7837781906
16.2474098206 -9.1692619324 -1.7767924070
16.0962600708 -9.0488853455 -1.7725797892
15.9076070786 -9.3634223938 -1.7699249983
15.2745456696 -4.1940169334 -1.7671172619
16.8183441162 -8.3247194290 -1.7628540993
14.3789110184 -1.3270049095 -1.7527508736
15.9913682938 -6.2999892235 -1.7309104204
16.6539573669 -7.8972439766 -1.7223123312
16.1994361877 -9.0942373276 -1.7179172039
17.9251613617 -5.5447678566 -1.7165144682
13.8789157867 -1.0516656637 -1.6930910349
15.7321538925 -9.4645204544 -1.6886107922
14.8436279297 -0.8239442110 -1.6859818697
13.6477870941 -1.0848411322 -1.6504902840
13.7767515182 -1.0735379457 -1.6462631226
16.5478172302 -8.1390943527 -1.6440309286
15.5985984802 -2.3547403812 -1.6201012135
14.4987049103 -1.3190188408 -1.6137503386
16.2871665955 -8.2242898941 -1.6074080467
16.5392990112 -7.8879570961 -1.5971388817
16.5514736176 -8.1580133438 -1.5917156935
15.8258438110 -5.1099686623 -1.5872722864
14.2875623703 -1.0008531809 -1.5727655888
16.3879337311 -8.9628086090 -1.5721354485
16.8968582153 -8.1667861938 -1.5711631775
15.5601320267 -9.5636453629 -1.5598238707
13.8939094543 -1.0779428482 -1.5596261024
15.3619518280 -4.1768355370 -1.5537954569
16.8550395966 -7.8012404442 -1.5427548885
16.5850791931 -8.3429517746 -1.5325522423
14.5171384811 -2.7501893044 -1.5256117582
15.4998598099 -4.3796634674 -1.5172030926
15.4478216171 -4.1560249329 -1.5142635107
13.6307439804 -0.7880786061 -1.5045813322
13.5545101166 -0.7542070746 -1.5001519918
14.8820209503 -3.7257807255 -1.4925627708
17.0087909698 -7.9117078781 -1.4908230305
13.9684000015 -1.6449654102 -1.4889634848
16.3442859650 -7.2572298050 -1.4887647629
14.6427268982 -2.2184970379 -1.4873462915
13.6655111313 0.1841026247 -1.4850757122
14.5763816833 -1.4261480570 -1.4725112915
15.9785757065 -9.2067127228 -1.4721932411
15.9686899185 -8.7818880081 -1.4714207649
16.4858608246 -8.1172494888 -1.4711680412
15.9646701813 -9.0124416351 -1.4710028172
15.3979244232 -4.0346627235 -1.4697496891
15.4377956390 -4.2205252647 -1.4575859308
15.4770536423 -4.1979746819 -1.4484308958
15.2447252274 -4.1065030098 -1.4410275221
15.3847246170 -3.5890090466 -1.4360760450
15.3533058167 -3.6344821453 -1.4356906414
15.3520479202 -3.8395590782 -1.4313411713
15.6590785980 -4.4949364662 -1.4308871031
16.0812187195 -9.5098323822 -1.4268115759
14.3338317871 -1.1622002125 -1.4252015352
14.6286344528 -1.5828478336 -1.4191139936
14.9707736969 -2.3419258595 -1.4117491245
16.3400955200 -6.8596458435 -1.4098988771
14.5104398727 -1.6763365269 -1.4068841934
16.7659778595 -7.7623953819 -1.4044909477
15.3537569046 -4.1303534508 -1.3961162567
15.9298076630 -5.6739664078 -1.3922364712
15.8769826889 -5.5027151108 -1.3891090155
15.7523174286 -4.4839963913 -1.3878458738
17.0411663055 -4.6144838333 -1.3864529133
14.3167219162 -1.0396684408 -1.3837691545
14.7210760117 -2.1425786018 -1.3700025082
14.5418281555 -1.6335792542 -1.3658579588
15.9396324158 -5.5297794342 -1.3599361181
14.6989507675 -1.7402179241 -1.3548156023
15.9193391800 -5.6402835846 -1.3521039486
14.9115657806 -2.0074899197 -1.3503160477
15.2966852188 -3.4900865555 -1.3441023827
13.9709672928 -1.0779808760 -1.3363353014
15.1917476654 -3.4692616463 -1.3353130817
15.1370449066 -3.2204868793 -1.3338006735
16.4467773438 -7.9595937729 -1.3275073767
15.2891569138 -4.3641667366 -1.3247867823
15.4400062561 -3.9636421204 -1.3237855434
16.4581851959 -7.2972092628 -1.3217711449
15.1830358505 -2.6310920715 -1.3205801249
15.0844774246 -3.6698184013 -1.3170739412
16.4532089233 -8.0698375702 -1.3170686960
15.0596437454 -3.4603946209 -1.3155223131
16.0991897583 -6.4656476974 -1.3152246475
15.2197599411 -3.6987740993 -1.3112969398
14.5343780518 -0.8165593743 -1.3060315847
15.4136457443 -3.7869665623 -1.3056843281
15.4294042587 -3.7944293022 -1.3020788431
15.4390306473 -4.1862564087 -1.2980778217
15.8422393799 -5.4969663620 -1.2959235907
15.2880878448 -3.5537395477 -1.2884821892
14.0210475922 -0.9371204376 -1.2839103937
15.0020341873 -3.0151586533 -1.2783207893
14.3990917206 -1.1949814558 -1.2774403095
15.0566835403 -3.1030478477 -1.2754070759
16.8246459961 -7.9633688927 -1.2725968361
15.5126266479 -4.1245455742 -1.2705409527
15.9965715408 -5.7383680344 -1.2685326338
14.7220602036 -2.0695679188 -1.2682977915
15.5693740845 -4.4673719406 -1.2541230917
16.6017608643 -8.1626586914 -1.2466492653
14.9420108795 -2.5720689297 -1.2444479465
15.3612079620 -3.6382923126 -1.2437498569
15.4468059540 -3.8282551765 -1.2434642315
14.3081407547 -1.1465996504 -1.2430076599
15.3662729263 -3.7065107822 -1.2386593819
15.7843437195 -4.2049961090 -1.2378906012
14.9060049057 -2.8208177090 -1.2372174263
13.6984167099 -0.7948282957 -1.2364958525
15.7766990662 -5.0826435089 -1.2347328663
14.4908895493 -1.4126806259 -1.2327985764
15.0965662003 -2.5996301174 -1.2277649641
16.9294013977 -7.8712553978 -1.2203878164
14.2944116592 -0.9465839267 -1.2047096491
15.5272712708 -3.8071787357 -1.2035375834
15.8627119064 -5.9806933403 -1.2024984360
15.9054908752 -6.2188296318 -1.1992150545
14.4783630371 -1.0930266380 -1.1980533600
15.7608489990 -5.9476666451 -1.1951130629
15.4985084534 -4.3394269943 -1.1940515041
16.5994453430 -8.1459302902 -1.1919025183
15.9119024277 -5.6391191483 -1.1912713051
15.0161066055 -2.8359017372 -1.1911907196
14.6764421463 -1.2868609428 -1.1888165474
15.2309865952 -4.1825566292 -1.1853634119
15.2605714798 -3.6161525249 -1.1816698313
15.0682182312 -2.5007071495 -1.1799560785
16.2590904236 -6.8177242279 -1.1776707172
15.7194728851 -4.9211010933 -1.1773461103
15.1216421127 -3.0668532848 -1.1699613333
15.6630506516 -4.0045146942 -1.1688054800
15.8761510849 6.4710335732 -1.1676614285
13.7767276764 -0.8624316454 -1.1626143456
15.5510988235 -5.1727881432 -1.1607009172
14.6088228226 -1.7247366905 -1.1598349810
15.3487939835 -4.4455356598 -1.1543624401
16.5586433411 -8.0013809204 -1.1533390284
14.7294416428 -1.8245481253 -1.1490175724
15.5525560379 -4.3087177277 -1.1482948065
14.6709909439 -1.2242259979 -1.1445541382
16.6724700928 -8.0519752502 -1.1415946484
14.3755483627 -1.0870851278 -1.1365112066
14.4014310837 -0.7165949941 -1.1364836693
14.7120866776 -1.8636931181 -1.1358836889
16.5752353668 -8.0068655014 -1.1350165606
14.9714584351 -2.2748904228 -1.1316413879
15.4984874725 -4.6398706436 -1.1281062365
15.4902725220 -3.2737281322 -1.1251393557
16.5604248047 -8.0290575027 -1.1243813038
13.9486942291 -1.4349232912 -1.1209675074
16.3343257904 -9.0212678909 -1.1208004951
14.9661922455 -2.4846911430 -1.1200003624
15.7552690506 -4.5901217461 -1.1167616844
16.7274971008 -7.9040784836 -1.1051164865
14.9618282318 -2.8703255653 -1.1050266027
15.9078865051 -5.7010717392 -1.1016285419
16.8373203278 -7.8318357468 -1.0993027687
14.7081699371 -1.8062450886 -1.0879472494
14.9107046127 -1.2403177023 -1.0869288445
14.3794641495 -0.7140804529 -1.0856919289
15.5602779388 -4.2073802948 -1.0852231979
15.3095445633 -3.5604999065 -1.0835405588
14.7775554657 -1.3121874332 -1.0793160200
15.3150186539 -4.3072209358 -1.0775673389
16.7573909760 -8.1625757217 -1.0753630400
16.5110092163 -8.0989093781 -1.0684157610
15.5845403671 -4.8045673370 -1.0625100136
15.6348161697 -4.8026866913 -1.0585864782
15.6611442566 -4.6014370918 -1.0585408211
15.3265047073 -3.6012978554 -1.0565840006
16.5225219727 -8.1936883926 -1.0555526018
15.7831439972 6.4334878922 -1.0549603701
16.6992931366 -8.0107116699 -1.0530403852
14.6160421371 -2.1599891186 -1.0482531786
14.8256931305 -1.8744288683 -1.0465543270
15.4368972778 -4.3410763741 -1.0453637838
15.6605825424 -5.0075135231 -1.0411293507
15.3529949188 -3.6604282856 -1.0410245657
15.6125392914 -3.4222929478 -1.0399738550
15.2019615173 -3.3299138546 -1.0373442173
15.0564537048 -3.2214429379 -1.0372081995
15.5901594162 -4.9746680260 -1.0358303785
16.5453128815 -8.0386257172 -1.0351382494
14.5436840057 -1.2974320650 -1.0351172686
14.9264068604 -2.1160979271 -1.0316870213
16.6637821198 -8.1154747009 -1.0259375572
15.7671422958 -4.6295804977 -1.0256589651
15.4451360703 -3.8974804878 -1.0193849802
15.0553054810 -2.9822530746 -1.0192070007
16.6215038300 -8.2408628464 -1.0186934471
15.3914604187 -3.2552568913 -1.0169957876
15.0862073898 -2.6927466393 -1.0089168549
14.6529617310 -1.3056143522 -1.0068116188
14.6278076172 -1.2014787197 -1.0028005838
14.9534006119 -2.1598615646 -1.0009572506
15.3886394501 -4.1292700768 -0.9988536835
14.5786724091 -1.0221219063 -0.9967749715
14.5187692642 -1.3895004988 -0.9959034324
15.2314252853 -3.4461288452 -0.9938226938
14.8750753403 -2.2568192482 -0.9934421778
14.3490552902 -1.0753450394 -0.9903519154
15.9163084030 -4.9964494705 -0.9868893027
16.6052513123 -7.9665331841 -0.9866543412
16.6731472015 -8.1555805206 -0.9855862856
16.5072193146 -7.9231271744 -0.9809170365
16.5756092072 -8.1110649109 -0.9798957705
15.3345279694 -3.6289939880 -0.9680570364
14.3995199203 -0.9851079583 -0.9679397941
16.7213573456 -8.2878055573 -0.9669140577
14.8707199097 -2.3864836693 -0.9630567431
14.9208736420 -2.4159512520 -0.9624394774
15.0142326355 -2.4802913666 -0.9562820196
15.5526905060 -3.8867328167 -0.9506855607
14.9439373016 -2.4133398533 -0.9500738978
14.3789501190 -0.9908800125 -0.9489226341
15.6145324707 -4.6678943634 -0.9467423558
14.5109415054 -1.3101912737 -0.9465796351
15.2864370346 -3.5037119389 -0.9298049212
15.3297996521 -4.2209258080 -0.9294263124
15.3902044296 -4.4664440155 -0.9248678088
16.6504516602 -8.0817308426 -0.9218344688
16.6462154388 -8.0257606506 -0.9209576845
15.3718891144 -3.9602038860 -0.9198426008
14.9800481796 -2.4007616043 -0.9190698266
15.5237369537 -4.0475177765 -0.9171630740
14.9294300079 -1.9755716324 -0.9165391922
14.9932460785 -2.6483571529 -0.9123256207
15.0529575348 -2.4289875031 -0.9083706737
15.4459867477 -3.8815410137 -0.9077172279
15.3312244415 -3.6438946724 -0.9058141112
16.5745754242 -8.0673742294 -0.9053236842
15.2549839020 -3.4980630875 -0.9036437869
15.3012752533 -3.5008523464 -0.9018568397
15.6026916504 -4.6568198204 -0.8978180885
14.8289318085 -2.0987894535 -0.8958948255
15.1591596603 -3.3030085564 -0.8940162659
14.8419361115 -2.2368392944 -0.8915444016
14.6219167709 -1.4963234663 -0.8907480240
14.8080320358 -1.3245733976 -0.8855761886
14.4918813705 -1.0242326260 -0.8841487765
14.3972949982 -1.4062175751 -0.8825405240
14.6777811050 -1.0485118628 -0.8794068694
14.8594465256 -1.8428950310 -0.8781188726
15.2362022400 -3.2495322227 -0.8769866228
16.8118705750 -7.9336605072 -0.8725439310
15.0795392990 -2.7894740105 -0.8641771674
16.5522613525 -7.9802117348 -0.8565935493
14.9335260391 -2.3422403336 -0.8563083410
14.5300531387 -1.1902693510 -0.8553829789
15.3548679352 -3.5721406937 -0.8500159383
14.4724063873 -1.1258932352 -0.8494422436
15.6812047958 -4.7779464722 -0.8494228125
15.2504129410 -3.5478403568 -0.8442334533
14.8019218445 -0.8353707790 -0.8410743475
14.3993196487 -2.0512492657 -0.8353117108
15.0154867172 -2.5106654167 -0.8327207565
14.7560052872 -1.9639644623 -0.8204756379
14.9956207275 -2.7041027546 -0.8151061535
15.1480350494 -3.1249763966 -0.8140325546
15.6176605225 -4.2929840088 -0.8097069263
15.0328912735 -2.7370073795 -0.8085913062
15.7106132507 -5.0530796051 -0.7947561145
16.1801452637 -6.5910553932 -0.7935363650
15.1815948486 -2.8133974075 -0.7802358270
15.0754823685 -2.7982981205 -0.7748416066
14.4162044525 -1.1220514774 -0.7716553807
15.1185159683 -2.8771913052 -0.7604289651
14.9708309174 -3.0931754112 -0.7599712610
16.2908134460 -9.2651700974 -0.7573641539
15.5886449814 -4.3942389488 -0.7530437708
15.6920127869 -5.0321931839 -0.7519696355
14.3984174728 -1.1828190088 -0.7512245178
15.5483627319 -4.3641972542 -0.7509617805
15.6597185135 -4.7927117348 -0.7475266457
16.7318992615 -8.2025871277 -0.7405558825
14.5117692947 -1.1105192900 -0.7214497924
14.4545364380 -1.0819998980 -0.7183164954
15.1759414673 -2.8985381126 -0.7140920758
14.8170032501 -1.8772819042 -0.7138152122
14.7801733017 -2.1549108028 -0.7112944722
15.5194606781 -4.2637429237 -0.7008881569
15.3842267990 -4.3371009827 -0.6919840574
16.7613735199 -8.1222963333 -0.6871161461
15.0300807953 6.6062698364 -0.6863809824
14.7120923996 -1.3123800755 -0.6763843298
14.5814476013 -1.0378247499 -0.6754851937
14.6135063171 -1.2103027105 -0.6739041209
14.5639982224 -1.0875434875 -0.6738530993
14.9571142197 -2.3346033096 -0.6655721068
14.8655252457 -2.2252707481 -0.6635681987
14.4561643600 -1.2232614756 -0.6632438302
14.4261903763 -1.2927927971 -0.6593621373
15.0822038651 -2.9501302242 -0.6557478309
15.4181976318 -4.2354884148 -0.6447854638
15.7223596573 -4.9536457062 -0.6445704699
15.3554782867 -4.3094768524 -0.6440606713
15.7911252975 -5.1747717857 -0.6413416862
15.0145511627 -2.1244211197 -0.6341235638
14.8661451340 -2.1433503628 -0.6269800663
14.8569593430 -2.3864912987 -0.6212309599
15.4575290680 -3.6499974728 -0.6207474470
15.1132707596 -3.0280630589 -0.6187802553
15.3045969009 -3.5983040333 -0.6149476767
15.5429058075 -4.3161358833 -0.6100082397
14.6941337585 -1.3827611208 -0.5986973643
14.5956592560 -1.2822955847 -0.5966857076
14.8601922989 -1.8361146450 -0.5957840085
15.1485815048 -3.1788623333 -0.5801574588
15.3545255661 -3.6256058216 -0.5784490705
15.7875957489 -5.1115722656 -0.5629982352
14.6765060425 -1.0914000273 -0.5535704494
14.5149078369 -1.1870325804 -0.5522947907
14.5010223389 -1.1515865326 -0.5466225147
14.8108310699 -3.3493483067 -0.5113022923
15.8171739578 -5.3685140610 -0.5039117932
15.7756242752 -5.1332759857 -0.4572186172
14.7509965897 -1.4147318602 -0.4531624615
34.2199478149 14.5033407211 -4.0141458511
34.4732322693 14.6181573868 -3.7952942848
37.2062606812 5.0516047478 -3.6733140945
29.6653575897 2.9680409431 -3.4015870094
34.8048553467 14.2139616013 -3.3312928677
34.3957824707 14.4680385590 -3.1790435314
36.9016647339 5.1712021828 -3.0887515545
33.5052719116 13.8405723572 -2.8660473824
34.2820549011 14.3727817535 -2.8256371021
34.1881637573 14.5881090164 -2.8235259056
29.4300155640 3.5114696026 -2.7668204308
36.7589111328 5.5448470116 -2.7082319260
34.6766929626 14.2022333145 -2.6048891544
34.3366279602 14.4468441010 -2.5849282742
34.5116386414 14.4657735825 -2.3471128941
34.4120635986 14.4262876511 -2.3404853344
34.3211212158 14.0863800049 -2.3353693485
37.0006332397 5.2769460678 -2.2659072876
36.8947219849 5.5721831322 -2.2413907051
34.2583580017 14.4172077179 -2.2086896896
37.2128295898 5.0769114494 -2.1304659843
34.1651535034 14.3806695938 -2.0796966553
28.1597881317 3.3463747501 -2.0717067719
37.0103683472 5.3715887070 -2.0076086521
28.2460784912 3.4137682915 -2.0064458847
28.1196784973 3.4063720703 -2.0027976036
28.1397762299 3.4011046886 -1.9991039038
28.1669502258 3.4833693504 -1.9864268303
28.0503005981 3.4203393459 -1.9842454195
28.0195922852 3.3959877491 -1.8993575573
28.0396270752 3.3907549381 -1.8963266611
28.1469631195 3.4361355305 -1.8926272392
28.0666446686 3.4728097916 -1.8859655857
28.0406093597 3.4234616756 -1.8856151104
36.9142227173 5.2706198692 -1.8834692240
36.9101829529 5.3592338562 -1.8814879656
36.7955093384 5.5219144821 -1.8801065683
26.6907386780 12.5246858597 -1.8464499712
37.0488204956 5.5892534256 -1.8022736311
37.0466041565 5.5215563774 -1.8006885052
28.0051288605 3.3581192493 -1.7982766628
36.8920745850 5.6081337929 -1.7955812216
27.8987560272 3.3455858231 -1.7915995121
36.7429428101 5.6887412071 -1.7905880213
30.1168994904 4.7614612579 -1.7551943064
28.2799415588 3.4835867882 -1.7227016687
37.1632347107 5.7743768692 -1.7212258577
37.0908203125 5.5366444588 -1.7129781246
36.8210792542 6.0159459114 -1.7095149755
37.0516128540 5.3793296814 -1.7094963789
36.8668785095 5.6900296211 -1.7091826200
28.1740512848 3.4398012161 -1.7082105875
36.9830474854 5.4178462029 -1.7079808712
28.1197357178 3.5175960064 -1.7062071562
36.9444961548 5.5080466270 -1.7054675817
28.2166366577 3.4704804420 -1.7033312321
36.8768844604 5.4023914337 -1.7030782700
27.9308032990 3.5282435417 -1.7003693581
28.0133895874 3.5046122074 -1.6998537779
29.5925045013 3.6479308605 -1.6850473881
29.5004081726 3.4638900757 -1.6667752266
26.7362308502 12.7637634277 -1.6626131535
28.0726013184 3.4598941803 -1.6138445139
36.9896621704 5.5236754417 -1.5886293650
36.9516868591 5.5781064034 -1.5875195265
36.9502944946 5.3665900230 -1.5874732733
36.8501243591 5.7285156250 -1.5873776674
28.3023490906 3.5689423084 -1.5284605026
28.1839962006 3.4750602245 -1.5233637094
28.1504688263 3.4028472900 -1.5062916279
26.8069477081 12.5770692825 -1.4911954403
29.6162605286 3.4805569649 -1.4883966446
26.7148399353 12.5787248611 -1.4870558977
26.6275024414 12.7072734833 -1.4859155416
36.8479614258 5.4976387024 -1.4609937668
26.6877613068 12.9509878159 -1.4219062328
26.7285461426 12.7527446747 -1.4181602001
26.5904731750 12.9058847427 -1.4167556763
26.6498336792 12.7251958847 -1.4144861698
29.7192134857 3.5549221039 -1.3545131683
28.2670478821 3.3043498993 -1.3540197611
36.8095932007 5.6443428993 -1.3536410332
36.8716049194 5.4136033058 -1.3526389599
29.5022182465 3.6425135136 -1.3458479643
36.8544197083 5.5673761368 -1.3440079689
29.5918655396 3.1710720062 -1.3413186073
36.8560981750 5.5935044289 -1.3359272480
36.7538261414 5.8080921173 -1.3235254288
29.9044151306 1.3678675890 -1.3161895275
28.1425304413 3.4106998444 -1.2838585377
28.2564296722 3.4374687672 -1.2833737135
28.1635589600 3.2936794758 -1.2800005674
28.1890048981 3.4259903431 -1.2795662880
28.1500377655 3.4246149063 -1.2785177231
28.0203533173 3.4470181465 -1.2728800774
29.7024211884 3.1844286919 -1.2529201508
29.4633617401 3.3912110329 -1.2477811575
36.9815750122 5.4313993454 -1.2397099733
30.2338237762 4.5664100647 -1.1946637630
28.1815280914 3.4268760681 -1.1921947002
28.0584144592 3.6568470001 -1.1811807156
28.1307964325 3.4621341228 -1.1801917553
29.6201744080 3.5463445187 -1.1618473530
36.8906974792 5.8731722832 -1.1107653379
28.2348308563 3.3826637268 -1.1073395014
29.5512599945 3.7734727859 -1.0621063709
29.5438423157 3.3038458824 -1.0602000952
29.5473880768 3.4602847099 -1.0525676012
28.3635253906 3.2555136681 -1.0180993080
30.1895236969 4.7897319794 -0.9998486042
29.5875148773 3.1801543236 -0.9672676325
29.4609603882 3.7707371712 -0.9665843844
29.6782455444 2.7807195187 -0.9531424642
29.4984512329 3.3311049938 -0.9349465966
29.8065891266 3.2489895821 -0.8757060170
29.6998729706 3.2375411987 -0.8725289106
29.5735378265 3.4012775421 -0.8723045588
29.4668827057 3.3892114162 -0.8691167235
29.4725990295 3.5866179466 -0.8641443253
29.6079654694 3.3450484276 -0.8382120728
28.1165084839 3.5412559509 -0.8380005360
29.5815143585 3.4120519161 -0.8346579075
29.4749298096 3.3998584747 -0.8314704895
30.3385810852 4.5140299797 -0.8302255869
29.7235660553 2.9631528854 -0.7795519233
29.4206600189 3.5304968357 -0.6870756745
28.1717166901 3.4149768353 -0.6536909342
36.9678955078 -4.5169935226 -2.5279541016
33.4141693115 -0.5583096147 -2.2591385841
33.3117370605 -0.2790449560 -2.2583746910
33.5839653015 -0.5383014083 -2.2560517788
33.7303657532 -0.5159016252 -2.1604335308
33.6232719421 -0.5149757862 -2.1536862850
27.5682106018 -6.9878616333 -2.0777072906
27.3018054962 -7.1638460159 -2.0547864437
33.4862518311 -1.6898179054 -2.0024094582
33.6172599792 -0.3515414298 -1.9329472780
29.5627422333 -13.5703754425 -1.7542457581
32.2807006836 -16.4356193542 -1.7532020807
33.5851707458 -0.5172158480 -1.7051221132
27.5479717255 -17.1009941101 -1.6882909536
32.2446594238 -16.5575504303 -1.6342521906
27.4925346375 -7.1863422394 -1.5955612659
36.8591995239 -4.1561632156 -1.5799368620
27.5866127014 -6.9715142250 -1.5495898724
32.2960891724 -16.3333282471 -1.5437326431
33.3872261047 -15.8390474319 -1.4982879162
36.9228324890 -4.3007373810 -1.4881086349
35.6424751282 -6.8907332420 -1.4647986889
36.2725715637 -4.4406714439 -1.4583024979
36.1192436218 -4.4311227798 -1.4495649338
36.1610641479 -4.6020641327 -1.4494577646
36.2415847778 -4.7122712135 -1.4494441748
36.0126457214 -4.4196844101 -1.4452323914
35.9060325623 -4.4082522392 -1.4408990145
32.3992538452 -16.3774566650 -1.4316271544
32.1389007568 -16.6749534607 -1.4114695787
33.6681709290 -1.8656531572 -1.4026888609
33.7071380615 -15.8832550049 -1.3905168772
33.6062927246 -15.6155653000 -1.3900699615
33.5110397339 -15.7962684631 -1.3823702335
36.9222946167 -4.2009997368 -1.3670520782
28.4374065399 -15.4438924789 -1.3508839607
36.1941223145 -4.6481909752 -1.3411090374
36.1708946228 -4.4258847237 -1.3362016678
36.2282104492 -4.6574997902 -1.3325562477
36.1540069580 -4.5597896576 -1.3324991465
36.1217041016 -4.6448392868 -1.3285871744
36.2167015076 -4.6601290703 -1.3284846544
29.5005931854 -13.7298421860 -1.3271826506
36.0594520569 -4.5869121552 -1.3270354271
36.1101455688 -4.6479430199 -1.3245030642
36.0036048889 -4.6357541084 -1.3205223083
32.5021209717 -16.4214153290 -1.3188437223
32.3061904907 -16.5187263489 -1.3072444201
32.3580741882 -16.6389026642 -1.2993947268
32.2626228333 -16.5898227692 -1.2955617905
33.8085861206 -15.6994533539 -1.2785052061
33.7103462219 -15.6562871933 -1.2747485638
35.2171401978 -5.9058623314 -1.2727239132
24.6642932892 -7.9955310822 -1.2720944881
33.5116958618 -15.3476562500 -1.2715135813
27.6932125092 -6.9575009346 -1.2711384296
33.6160736084 -15.8053455353 -1.2672053576
33.6149330139 -15.8373203278 -1.2667018175
33.4792137146 -15.4896631241 -1.2644320726
33.5180397034 -15.7617683411 -1.2634671926
36.9086723328 -4.1702699661 -1.2471333742
36.9853477478 -4.1843109131 -1.2457287312
36.8259086609 -4.2840723991 -1.2408851385
27.2239990234 -7.2289886475 -1.2375092506
27.1198444366 -7.2034378052 -1.2327655554
28.5463123322 -6.7361307144 -1.2198032141
28.5604000092 -6.7578358650 -1.2187187672
36.3392753601 -4.6674575806 -1.2177307606
29.4076557159 -13.6850891113 -1.2176110744
36.1492843628 -4.5135488510 -1.2106634378
36.2798728943 -4.6477856636 -1.2090668678
36.0954246521 -4.3993959427 -1.2079815865
36.1446571350 -4.6944308281 -1.2055720091
36.1732940674 -4.6358036995 -1.2054122686
32.4685592651 -16.4678592682 -1.2004003525
32.3394889832 -16.3409271240 -1.1968338490
32.3712768555 -16.4226722717 -1.1967315674
32.4047279358 -16.5995464325 -1.1933711767
32.2421951294 -16.2957706451 -1.1931637526
32.2812995911 -16.4017810822 -1.1931104660
32.4071960449 -16.4740924835 -1.1929918528
35.9071731567 -4.6701207161 -1.1925944090
32.3080215454 -16.5530509949 -1.1897571087
32.1839752197 -16.3566570282 -1.1894383430
32.1878509521 -16.3628540039 -1.1874825954
32.2152328491 -16.4697761536 -1.1868778467
32.2113304138 -16.5065498352 -1.1861437559
27.8418312073 -6.8286323547 -1.1835904121
32.1770973206 -16.6087741852 -1.1833474636
27.8336887360 -7.0202999115 -1.1785186529
27.4159526825 -7.1105070114 -1.1553562880
28.6997489929 -6.6535968781 -1.1552361250
27.0781059265 -7.2874851227 -1.1371555328
27.9740905762 -6.9206662178 -1.1164793968
32.5193786621 -16.3679523468 -1.1153488159
32.4222793579 -16.3223018646 -1.1119477749
32.3679962158 -16.5964241028 -1.1034744978
27.6840114594 -6.9384112358 -1.1029387712
32.1489753723 -16.2487125397 -1.1011707783
36.3357162476 -4.5894923210 -1.0989748240
33.6180992126 -15.3866052628 -1.0976368189
36.0729904175 -4.4083609581 -1.0972718000
33.7308731079 -15.5902624130 -1.0970357656
32.1226234436 -16.4213180542 -1.0961905718
36.2291603088 -4.5771446228 -1.0956618786
36.2601013184 -4.5227932930 -1.0945153236
33.6324234009 -15.5476255417 -1.0937569141
33.6884269714 -15.8167715073 -1.0933861732
33.5545158386 -15.4425230026 -1.0932782888
33.6372489929 -15.7555093765 -1.0931578875
24.7133216858 -8.0415592194 -1.0930564404
36.1226043701 -4.5647940636 -1.0923489332
32.0843124390 -16.5607910156 -1.0913946629
33.5911026001 -15.7714700699 -1.0902166367
33.5400352478 -15.7099723816 -1.0899984837
31.9874286652 -16.5147018433 -1.0880130529
36.0469055176 -4.4987978935 -1.0878701210
33.4937820435 -15.7261714935 -1.0870474577
27.4797782898 -7.3004794121 -1.0857384205
36.0423469543 -4.6792511940 -1.0824584961
28.6602859497 -6.7369613647 -1.0790332556
28.6380462646 -6.7526764870 -1.0774308443
36.0180130005 -4.6793017387 -1.0751184225
28.4828624725 -6.6344156265 -1.0724900961
27.1854515076 -7.3116784096 -1.0721489191
35.0047912598 -4.9997467995 -1.0633095503
27.7526283264 -6.9124469757 -1.0347820520
27.7356147766 -6.9928364754 -1.0337442160
27.7180500031 -6.9844193459 -1.0318852663
27.6775321960 -6.9862294197 -1.0317546129
27.5464286804 -7.2495732307 -1.0230282545
32.3290824890 -16.2746582031 -1.0207170248
32.2820396423 -16.3735866547 -1.0154168606
27.4431858063 -7.2750806808 -1.0147949457
32.3448410034 -16.5272693634 -1.0141451359
32.1802291870 -16.5348091125 -1.0122536421
32.0946960449 -16.3076381683 -1.0086190701
24.6901588440 -8.0379924774 -1.0069448948
37.1004180908 -4.1891651154 -1.0025025606
36.1376075745 -4.6566138268 -0.9959900975
26.9922485352 -7.2913174629 -0.9949923754
28.7691555023 -6.7574152946 -0.9861586094
36.2270164490 -4.4659848213 -0.9852682948
28.6020336151 -6.6273117065 -0.9831812978
36.1204185486 -4.4536418915 -0.9822858572
33.7214393616 -15.4266424179 -0.9821318388
28.6166114807 -6.7737035751 -0.9812134504
33.8254661560 -15.5674409866 -0.9761939049
28.4661140442 -6.7295432091 -0.9753588438
33.6938514709 -15.7418718338 -0.9733854532
35.9441452026 -4.4840178490 -0.9657294154
36.2041664124 -4.4902734756 -0.9615839720
36.1285057068 -4.6884250641 -0.9569671154
34.9713287354 -4.9623231888 -0.9569454193
34.9495925903 -4.8827104568 -0.9561264515
27.9833145142 -7.1194982529 -0.9559756517
35.2198371887 -5.4830794334 -0.9520517588
27.9223289490 -7.0599374771 -0.9452049732
35.2232093811 -5.7274255753 -0.9421064258
27.8178291321 -7.0356683731 -0.9415815473
35.0707931519 -5.7370223999 -0.9413046837
24.4877109528 -7.9746289253 -0.9353009462
35.4772224426 -6.7627997398 -0.9245957136
27.2965393066 -7.3336954117 -0.9137393236
32.3856925964 -16.4754390717 -0.9008983374
32.2524986267 -16.4793338776 -0.8918641806
36.2474212646 -4.6674795151 -0.8850911260
24.7862243652 -8.1225709915 -0.8849774003
24.7708663940 -8.0038108826 -0.8831443191
28.5631599426 -6.7098593712 -0.8825806975
28.5155258179 -6.7482972145 -0.8823218346
24.6842212677 -8.0891447067 -0.8813354969
36.8136825562 -4.1508979797 -0.8800245523
24.5932216644 -8.0042104721 -0.8758299947
31.9408340454 -16.5836639404 -0.8754461408
28.4558086395 -6.7062115669 -0.8750500083
36.1159973145 -4.4791917801 -0.8717889190
25.2443981171 -9.5776729584 -0.8671011925
33.6489105225 -15.7043905258 -0.8637518287
27.8827171326 -7.0909290314 -0.8634944558
36.9175682068 -4.4616208076 -0.8626217842
27.9212303162 -7.1091823578 -0.8620964289
33.6545295715 -15.9452400208 -0.8578096032
36.8478012085 -4.5549449921 -0.8554996252
27.8938732147 -7.0310864449 -0.8525084853
27.9173088074 -7.0180029869 -0.8501996398
27.7894229889 -7.0065040588 -0.8492268324
36.2386589050 -4.6974883080 -0.8381421566
35.1596145630 -5.6737227440 -0.8328260779
35.1204643250 -5.7076334953 -0.8283951879
27.2316951752 -7.1003060341 -0.8227982521
35.5342483521 -6.6543579102 -0.8187421560
27.0615768433 -7.2465610504 -0.8164508343
35.4286918640 -6.6346802711 -0.8163004518
35.3750152588 -6.7400741577 -0.8096429706
28.7093887329 -6.8873190880 -0.8075823188
32.6040344238 -16.3859386444 -0.8069196343
27.8755550385 -17.2472724915 -0.8059558272
32.7852935791 -16.6328678131 -0.7969175577
28.7808208466 -6.8413324356 -0.7968635559
32.4085922241 -16.5657520294 -0.7877131104
36.9358367920 -4.1430792809 -0.7778339386
27.9687728882 -7.0665321350 -0.7763100266
31.9027729034 -16.5793838501 -0.7754567266
25.1466445923 -9.5408220291 -0.7742637992
32.2166519165 -16.2855377197 -0.7741818428
27.7818298340 -7.0623083115 -0.7716686130
36.1487655640 -4.4649424553 -0.7710070610
32.1597747803 -16.4312572479 -0.7702364326
27.8203144073 -7.0807905197 -0.7692666054
27.8834991455 -6.8885607719 -0.7601343393
25.6692428589 -11.4167432785 -0.7597237229
33.8231277466 -15.5367307663 -0.7474569678
33.5556907654 -15.6561384201 -0.7464318275
27.4940223694 -7.1942071915 -0.7457502484
33.7336120605 -15.5638093948 -0.7452988625
33.6355514526 -15.5201196671 -0.7430584431
33.6011199951 -15.4596958160 -0.7403284311
27.2677211761 -7.1421723366 -0.7378787994
27.1635437012 -7.1163806915 -0.7349684834
27.3393859863 -7.1228232384 -0.7328221798
24.6832103729 -8.0525436401 -0.7202119827
33.4880256653 -15.6762990952 -0.7179789543
28.8413639069 -6.6701903343 -0.7094997764
26.4077472687 -7.8771834373 -0.7014766335
28.6792068481 -6.8154020309 -0.6989631653
28.5745048523 -6.7918353081 -0.6963127851
25.2021293640 -9.8423299789 -0.6962528229
27.8675556183 -7.0381278992 -0.6841351390
25.7833080292 -7.8393139839 -0.6839740276
25.7462596893 -11.3340787888 -0.6790587306
27.7191104889 -7.0523490906 -0.6770930886
32.4029006958 -16.5010910034 -0.6718943119
32.3164901733 -16.5152759552 -0.6701599956
25.7072105408 -7.5307388306 -0.6698317528
32.3064384460 -16.4540100098 -0.6698007584
32.2099647522 -16.4069328308 -0.6677066684
27.5306339264 -7.2779097557 -0.6636011004
27.0651035309 -7.2670655251 -0.6553705931
27.1054496765 -7.3805804253 -0.6483913660
24.8903560638 -8.1167621613 -0.6448879838
36.2282752991 -4.4862041473 -0.6420587897
32.1443748474 -16.6681289673 -0.6415442824
29.4978828430 -13.5810823441 -0.6366574764
24.7250461578 -8.2754621506 -0.6351597309
29.3988437653 -13.5397624969 -0.6343207359
36.2371368408 -4.5804295540 -0.6326622963
24.6045761108 -8.1451692581 -0.6325556040
35.1927642822 -6.6656813622 -0.6322577000
26.5510158539 -7.3232607841 -0.6308308840
36.1305580139 -4.5676856041 -0.6306870580
33.4621391296 -15.6077537537 -0.6297688484
33.7662620544 -15.6285676956 -0.6288831830
36.9472312927 -4.4638209343 -0.6287546754
33.7288475037 -15.4901857376 -0.6270624399
33.8016014099 -15.5428581238 -0.6260462999
33.7033309937 -15.4996690750 -0.6241179109
27.1229209900 -7.2451863289 -0.6237184405
28.6106357574 -6.8576636314 -0.6227689981
28.5896358490 -6.8058400154 -0.6210414171
28.7552185059 -6.8946375847 -0.6208642125
28.6507453918 -6.8698620796 -0.6185832620
25.2155704498 -9.7162790298 -0.6133267879
28.8653831482 -6.4859814644 -0.6099625230
28.6995296478 -6.9200739861 -0.6043959260
25.3366641998 -10.2761688232 -0.6015486121
25.6833019257 -7.8059453964 -0.5982813835
33.6713638306 -15.7502698898 -0.5966363549
36.1070632935 -4.4702563286 -0.5930999517
36.0003623962 -4.4590077400 -0.5910864472
27.7473907471 -7.0038652420 -0.5861620903
30.1320056915 -6.3108768463 -0.5811997652
35.8636817932 -4.5258455276 -0.5808466077
28.0609474182 -7.0918555260 -0.5793257952
32.5139999390 -16.2495250702 -0.5711275935
36.2206764221 -4.5577516556 -0.5670035481
27.3955326080 -7.1636385918 -0.5609689355
27.2913684845 -7.1377272606 -0.5587270260
27.1872043610 -7.1118059158 -0.5564852357
36.2952919006 -4.3858318329 -0.5543707609
24.7092952728 -8.1764059067 -0.5538961291
36.1886405945 -4.3735651970 -0.5526312590
27.4733200073 -7.1237707138 -0.5519844890
24.8774719238 -8.1163787842 -0.5486200452
27.2913093567 -7.0380396843 -0.5398761630
32.3486022949 -16.2707901001 -0.5394672155
32.4520263672 -16.4924030304 -0.5392956138
32.3545341492 -16.4475860596 -0.5374383330
32.3791618347 -16.3653736115 -0.5371984839
28.8166179657 -6.8525261879 -0.5343765020
28.6965503693 -6.8281598091 -0.5317121148
35.6330909729 -6.6140708923 -0.5297470689
27.0213088989 -7.2179570198 -0.5275135636
28.5486984253 -6.8426704407 -0.5246906281
28.7418365479 -6.6422133446 -0.5176407695
33.5748214722 -15.5711545944 -0.5152187943
28.6384391785 -6.7215666771 -0.5134573579
33.6719245911 -15.5811882019 -0.5098399520
33.6342163086 -15.4435091019 -0.5073255301
25.7174854279 -11.3116455078 -0.4992475510
30.3027725220 -6.0956382751 -0.4953265786
35.9722213745 -4.5348815918 -0.4912290871
27.9141006470 -6.8733367920 -0.4907577336
28.0013561249 -6.8951878548 -0.4897448719
36.0158309937 -4.6024427414 -0.4888978302
35.9091567993 -4.5910696983 -0.4871376157
33.7433509827 -15.5135040283 -0.4820548892
32.6141395569 -16.2930335999 -0.4577439427
32.4517974854 -16.5129508972 -0.4551216066
36.2350654602 -4.6818661690 -0.4533974230
38.0544242859 5.5035233498 -2.8607337475
46.8605346680 4.1298718452 -2.7837991714
47.0612335205 3.8201127052 -2.7698917389
46.9869346619 3.8240218163 -2.7641146183
45.7756881714 8.0874147415 -2.6715941429
45.6701011658 8.0691919327 -2.6654930115
45.6361236572 8.0100107193 -2.6626546383
48.5809822083 1.9584965706 -2.6625275612
45.8734550476 7.8264751434 -2.6483538151
35.1300811768 14.4700708389 -2.6466646194
47.0838317871 3.9416730404 -2.6381468773
46.9770355225 3.9327859879 -2.6321954727
46.2327919006 5.9368057251 -2.6250295639
48.9256439209 1.4863718748 -2.5263218880
45.7087707520 7.9133663177 -2.5112614632
45.5724258423 8.0544681549 -2.5081746578
45.7752571106 7.8117604256 -2.4986610413
46.8041992188 3.9414036274 -2.4778847694
46.6734580994 4.2181282043 -2.4774444103
47.8660125732 1.0960201025 -2.4554703236
47.8277053833 0.9796265960 -2.4494347572
49.7696075439 3.0617785454 -2.4396657944
45.5536918640 10.0109281540 -2.3998272419
45.9480171204 7.9499316216 -2.3725023270
45.7878303528 8.2147245407 -2.3680543900
45.6822319031 8.1961822510 -2.3626108170
45.7100448608 7.8203887939 -2.3583734035
45.5568046570 8.0829954147 -2.3569359779
45.5458526611 7.9988441467 -2.3540949821
47.0402679443 3.9409239292 -2.3323490620
47.0168952942 3.8657391071 -2.3313863277
46.8162689209 4.1850996017 -2.3285465240
46.4599151611 3.7857007980 -2.3043789864
47.7660980225 1.0968364477 -2.3013818264
47.9474182129 0.7076876163 -2.3008182049
47.9938621521 0.1708416045 -2.2918977737
45.8158760071 8.0038156509 -2.2527041435
45.7304496765 8.0553827286 -2.2499620914
45.8808174133 7.7126173973 -2.2492616177
45.7101821899 7.9857726097 -2.2475163937
45.5818176270 8.1801004410 -2.2459588051
45.6248016357 8.0371885300 -2.2447733879
45.6045150757 7.9677333832 -2.2423300743
45.6157760620 7.9014291763 -2.2413866520
45.4454765320 7.9832606316 -2.2354602814
46.1201095581 6.2288761139 -2.2275686264
46.0846748352 6.2472724915 -2.2263655663
46.9824905396 4.0686640739 -2.2192881107
47.8043441772 1.1182911396 -2.1918399334
47.9175605774 0.8427939415 -2.1909303665
48.0634460449 0.4336727262 -2.1885716915
48.1063499451 0.1736982763 -2.1848149300
45.5635223389 9.9802703857 -2.1711187363
47.2096748352 1.3513358831 -2.1699905396
45.8065910339 7.9786558151 -2.1429779530
45.8342590332 8.0210380554 -2.1406719685
45.7341804504 7.9627676010 -2.1398453712
46.0170516968 7.3726601601 -2.1389794350
45.8527336121 7.9370541573 -2.1381709576
45.7008781433 7.9603385925 -2.1380329132
45.7285842896 8.0029649734 -2.1357340813
45.5150756836 7.8860254288 -2.1232399940
46.2426376343 6.0293431282 -2.1165020466
46.2045173645 6.1457276344 -2.1150813103
46.9333877563 4.1996188164 -2.1054434776
46.4763298035 3.7433924675 -2.0757133961
47.6879463196 1.1381087303 -2.0722577572
48.0374374390 0.1969087273 -2.0702035427
45.8690719604 8.1233320236 -1.9969960451
45.7633934021 8.1049880981 -1.9923846722
45.7750396729 8.1407365799 -1.9902046919
45.8771934509 8.1674489975 -1.9901837111
45.6693840027 8.1223907471 -1.9855940342
45.5637321472 8.1040449142 -1.9809838533
45.7534027100 7.9223933220 -1.9809427261
46.3141021729 5.8114089966 -1.9740327597
38.4346427917 0.6558351517 -1.9670075178
45.6399650574 7.9504480362 -1.8475440741
38.1057434082 5.3516888618 -1.8449810743
45.6634330750 8.0897169113 -1.8397730589
45.6349067688 7.9911947250 -1.8308314085
49.2252349854 1.2184152603 -1.8254154921
46.1609802246 6.3986778259 -1.8179252148
48.3748626709 1.7456349134 -1.8061838150
46.0620346069 6.1725239754 -1.8048208952
48.5034523010 1.1256289482 -1.7979965210
47.0727272034 2.9504482746 -1.7863773108
38.1321754456 5.5915060043 -1.7608946562
45.9160270691 7.8548569679 -1.7002451420
45.8359222412 7.8278279305 -1.6935265064
46.2713394165 6.3117532730 -1.6762745380
45.8306427002 7.8732175827 -1.6755754948
45.7249031067 7.8554277420 -1.6716384888
38.1975021362 5.5468201637 -1.6351667643
48.1894187927 0.0802433044 -1.6203274727
48.1547622681 0.0137843108 -1.6123100519
49.2654113770 3.5015473366 -1.5623915195
45.9756431580 7.6564860344 -1.5604231358
38.6679496765 0.9991765022 -1.5544269085
45.7518959045 8.2011919022 -1.5543272495
45.8831214905 8.2130298615 -1.5542174578
45.6462249756 8.1825580597 -1.5507074594
45.6717681885 8.1759243011 -1.5469808578
46.2639503479 6.3283557892 -1.5333071947
45.7176361084 8.1695489883 -1.5204861164
38.4326171875 5.4385833740 -1.5169088840
45.5451431274 8.1951189041 -1.5163857937
37.8013534546 5.4395294189 -1.4954836369
48.6739997864 0.8876195550 -1.4909263849
47.8541946411 1.2956235409 -1.4855467081
38.3614578247 2.5282213688 -1.4635705948
48.0874977112 0.1861331016 -1.4607322216
45.8130531311 7.9983062744 -1.4168102741
45.9032669067 7.9458212852 -1.4159247875
45.7072868347 7.9799766541 -1.4135254622
45.7974700928 7.9276838303 -1.4126425982
45.6916694641 7.9095449448 -1.4093604088
49.4416770935 3.2561311722 -1.4075504541
38.1868591309 5.6717405319 -1.4054588079
45.8400039673 8.0372686386 -1.4035890102
45.7342529297 8.0190582275 -1.4003072977
38.3558464050 5.2588634491 -1.3853577375
46.1895751953 6.5057477951 -1.3839353323
38.1004829407 5.5368781090 -1.3823721409
37.5642166138 4.9381198883 -1.3711172342
45.6552696228 8.2166252136 -1.3666393757
45.8757820129 7.9070539474 -1.3660225868
48.6519813538 1.7087625265 -1.3540323973
37.5678215027 5.1244683266 -1.3404476643
46.9176445007 3.7981162071 -1.3365247250
48.1195259094 0.1792443544 -1.3212054968
38.6943130493 1.5483446121 -1.3168282509
38.4444351196 6.3432617188 -1.3086545467
46.3187103271 6.1526036263 -1.2494552135
48.6130218506 2.9916818142 -1.2302725315
48.7375831604 1.7005506754 -1.2188260555
48.6191673279 1.8669118881 -1.1991480589
48.4046745300 1.8585551977 -1.1937297583
46.2252388000 6.3103933334 -1.1903147697
46.2092742920 5.9784116745 -1.1845546961
46.1028785706 5.9647307396 -1.1816756725
48.1282272339 0.1144244596 -1.1631463766
48.0606842041 0.0236238502 -1.1536030769
47.6633949280 1.3919211626 -1.1498879194
45.7718582153 7.9402651787 -1.1101729870
48.5154495239 1.8659818172 -1.0420595407
38.0934562683 5.8444037437 -1.0381422043
46.2944374084 6.1718826294 -0.9905183315
37.5520133972 5.6731715202 -0.9873918295
48.6252288818 1.9857714176 -0.9563263059
48.1530532837 0.1455924958 -0.8973864317
48.4743690491 3.2874033451 -0.8166276217
48.6422920227 1.7420159578 -0.7903469205
48.5443649292 1.4535497427 -0.7827393413
48.5656929016 1.3870337009 -0.7790885568
48.0483398438 0.1484987140 -0.7442643642
48.6628799438 1.7744619846 -0.6355869770
48.3959197998 -1.0441263914 -3.1881043911
48.4260215759 -1.1740555763 -3.1843745708
46.9267349243 -1.5693472624 -3.1324238777
47.1078338623 -1.9683169127 -3.1193871498
46.2488708496 -1.9362230301 -3.0631337166
48.2500419617 -2.0352306366 -3.0482916832
48.4766120911 -1.1613695621 -3.0423853397
48.3694534302 -1.1588329077 -3.0356702805
47.9913558960 -1.6120303869 -3.0304994583
48.6813812256 -4.3766546249 -3.0164945126
45.3899345398 -1.9041235447 -3.0068817139
47.3910903931 -2.0049514771 -2.9946675301
46.9506645203 -1.5945800543 -2.9751751423
45.4704093933 -1.8822678328 -2.9749805927
46.8296051025 -1.5632438660 -2.9722864628
46.8436203003 -1.5916143656 -2.9684748650
46.7073326111 -1.9421454668 -2.9565203190
46.6002693176 -1.9385083914 -2.9498341084
48.4439125061 -0.8927541971 -2.8986499310
46.7459335327 -1.5853847265 -2.8096368313
46.8554763794 -1.7138869762 -2.8070456982
46.8722419739 -1.8046312332 -2.8010766506
46.6132965088 -1.5952272415 -2.7970888615
46.5414772034 -1.9714254141 -2.7894251347
47.0328865051 -1.7694392204 -2.7870159149
46.0273094177 -1.8037630320 -2.7697913647
49.6013107300 -3.3293330669 -2.7562561035
45.8830986023 -1.8509916067 -2.7495403290
45.6939277649 -1.6621232033 -2.7451062202
48.5609130859 -1.1669406891 -2.7409768105
48.5219001770 -1.4122474194 -2.7350749969
47.7548484802 -1.8522312641 -2.7149474621
45.1512222290 -2.1500418186 -2.7098000050
45.2308311462 -1.7563273907 -2.7093672752
48.7426414490 -3.2720119953 -2.7085750103
47.9617424011 -1.6361756325 -2.6990406513
45.0238494873 -1.8214668036 -2.6985545158
48.4139633179 -3.5695283413 -2.6828672886
48.4376945496 -3.6938674450 -2.6799688339
47.3018493652 -1.7654850483 -2.6762952805
47.1208915710 -1.8300857544 -2.6748645306
47.0137863159 -1.8267188072 -2.6688354015
46.8955192566 -1.8263642788 -2.6665468216
46.9897346497 -1.9570302963 -2.6611454487
46.9038238525 -1.6172171831 -2.6584675312
46.7906570435 -1.5702724457 -2.6581079960
46.8710136414 -1.7397762537 -2.6580336094
46.9881362915 -1.8051325083 -2.6569213867
46.8826637268 -1.9532198906 -2.6551275253
46.7967147827 -1.6139566898 -2.6524360180
46.7572059631 -1.7072173357 -2.6498465538
46.7512397766 -1.8772518635 -2.6488809586
46.7739143372 -1.7976776361 -2.6448786259
47.0919303894 -1.8808007240 -2.6442320347
46.9784698486 -1.6667059660 -2.6433064938
46.9342460632 -1.7622931004 -2.6354637146
46.8270912170 -1.7582696676 -2.6294465065
46.4422607422 -1.7366127968 -2.6279489994
46.0989189148 -1.7821204662 -2.6113846302
48.4899635315 -0.8849538565 -2.5960376263
46.2320594788 -1.8466902971 -2.5959875584
48.2080612183 -1.5044826269 -2.5856590271
48.2886657715 -1.1465458870 -2.5784304142
45.1666831970 -1.9274766445 -2.5559232235
47.8264617920 -1.8366729021 -2.5537331104
47.6067695618 -2.1524913311 -2.5368463993
47.3377532959 -1.7722269297 -2.5329899788
48.4644546509 -3.9800829887 -2.5269978046
48.5234718323 -4.0733466148 -2.5257987976
46.9741020203 -1.8621600866 -2.5141117573
46.9865493774 -1.7398717403 -2.5118706226
46.9151802063 -1.8200457096 -2.5096201897
47.2343330383 -1.6669877768 -2.5085902214
46.9668235779 -1.8077867031 -2.5080535412
46.7376251221 -1.5918189287 -2.5010883808
46.7723274231 -1.7331067324 -2.5004775524
46.7600784302 -1.8349884748 -2.4980835915
46.6584548950 -1.7005434036 -2.4932851791
46.8793907166 -1.6597921848 -2.4913916588
46.6872863770 -1.8885710239 -2.4895539284
46.6750869751 -1.7907192707 -2.4893178940
46.7279472351 -1.7511280775 -2.4788639545
46.4615440369 -2.1246480942 -2.4781961441
46.6895790100 -1.8984816074 -2.4748072624
46.3642463684 -1.9054843187 -2.4565725327
48.5178642273 -0.9085248113 -2.4553086758
45.9005317688 -1.8064484596 -2.4524004459
45.5907897949 -1.7045783997 -2.4332523346
48.1909446716 -1.4025052786 -2.4249820709
48.1441497803 -1.6936619282 -2.4211456776
48.1109619141 -1.4152417183 -2.4117350578
48.5085449219 -3.9463815689 -2.3775012493
47.2683944702 -2.0550761223 -2.3688440323
47.0540466309 -1.7843488455 -2.3578128815
46.8526687622 -1.5916386843 -2.3552377224
46.8750610352 -1.8554722071 -2.3545403481
47.0186958313 -1.9083324671 -2.3459248543
46.9115180969 -1.9040025473 -2.3405785561
46.7798271179 -1.6528770924 -2.3401157856
46.8043365479 -1.8996728659 -2.3352322578
46.5830841064 -2.0248680115 -2.3290948868
46.4088478088 -2.0243945122 -2.3258767128
49.0724906921 -0.8333540559 -2.3246328831
48.9880981445 -1.0587359667 -2.3118600845
46.0420875549 -1.9528764486 -2.3061466217
48.2747573853 -0.1899825782 -2.3002109528
48.3693122864 -0.8776572943 -2.2874202728
45.6099739075 -2.0884785652 -2.2835817337
48.3924102783 -1.1587980986 -2.2820520401
47.4502639771 -2.0558767319 -2.2202694416
48.4700851440 -4.3930253983 -2.2192494869
49.5787506104 -1.5911022425 -2.2128632069
46.9542770386 -1.7773504257 -2.2025363445
46.8236198425 -1.8100289106 -2.1981408596
46.8471221924 -1.7736270428 -2.1975104809
46.9092216492 -1.9813017845 -2.1973757744
48.2747726440 -0.1142360941 -2.1861355305
48.1881294250 -0.1791510582 -2.1807837486
47.6126403809 -4.3215770721 -2.1799407005
45.7305946350 -1.9873650074 -2.1398036480
49.8233680725 -0.4700371623 -2.1284360886
47.0915145874 -1.7674057484 -2.0962321758
46.7456092834 -1.7146575451 -2.0817067623
46.6848411560 -1.6435751915 -2.0805106163
46.7808647156 -1.8462556601 -2.0804188251
46.6858139038 -1.7206588984 -2.0788640976
46.6006011963 -1.8757133484 -2.0716001987
48.7312011719 -1.2775161266 -2.0672156811
45.5775184631 -1.6158170700 -2.0309164524
47.8495407104 -1.9057688713 -2.0154664516
48.6210327148 -3.5459716320 -2.0124685764
47.6107788086 -1.7412141562 -2.0062489510
48.2508850098 -3.6381659508 -1.9927753210
47.1003456116 -1.3903183937 -1.9921585321
46.9891052246 -1.8718940020 -1.9792014360
46.7500991821 -1.7649960518 -1.9685606956
46.6721458435 -1.7374665737 -1.9676257372
46.5767936707 -1.6856491566 -1.9616955519
46.1286659241 -1.8380191326 -1.9429363012
49.4032859802 -0.9081435800 -1.9396436214
45.8794021606 -1.9570324421 -1.9270234108
48.2310180664 -0.2270395309 -1.9133706093
48.2465553284 -0.6575367451 -1.9057972431
48.3422088623 -1.6965755224 -1.8835866451
47.8696708679 -2.3002593517 -1.8535935879
47.6517753601 -1.8881822824 -1.8480819464
47.0761871338 -1.6861199141 -1.8359971046
46.9952392578 -1.7577879429 -1.8348293304
46.9689712524 -1.6824824810 -1.8317978382
46.9868049622 -1.7572574615 -1.8292204142
46.8617668152 -1.6788452864 -1.8275992870
46.8795967102 -1.7535408735 -1.8250232935
48.3488502502 -4.3640532494 -1.8207129240
46.7239227295 -1.5490758419 -1.8183759451
46.9454689026 -1.9445742369 -1.8145079613
46.8383255005 -1.9411197901 -1.8103080988
46.8187217712 -1.9102790356 -1.8089315891
46.6851539612 -1.8370269537 -1.8073927164
45.9866371155 -1.7681900263 -1.7939040661
39.0316658020 -3.5991234779 -1.7864303589
49.4448471069 -1.6059727669 -1.7807663679
45.2740745544 -1.8010282516 -1.7655489445
48.1847343445 -0.1049165726 -1.7624645233
45.1260604858 -1.7357078791 -1.7602710724
48.3120689392 -1.1272908449 -1.7476435900
47.7803993225 -1.6907256842 -1.7107858658
47.0758323669 -1.8537094593 -1.6875537634
46.8936195374 -1.7505894899 -1.6842981577
47.0406188965 -1.8441865444 -1.6825077534
46.8528366089 -1.7974225283 -1.6810719967
47.0226669312 -1.8024810553 -1.6807793379
47.0317192078 -1.8860033751 -1.6798994541
46.9154434204 -1.7986247540 -1.6769173145
46.7602157593 -1.6719292402 -1.6754021645
46.8082275391 -1.7947682142 -1.6730556488
46.7781143188 -1.7465193272 -1.6718339920
39.8116378784 -6.0932927132 -1.6713063717
46.8454055786 -1.7905437946 -1.6588668823
46.7370376587 -1.9342674017 -1.6521351337
46.8036689758 -2.0783538818 -1.6506624222
46.7174606323 -1.9035764933 -1.6500916481
45.9852600098 -1.7659039497 -1.6277505159
45.9436836243 -2.0486075878 -1.6196651459
39.1471862793 -3.6038920879 -1.5997481346
48.5893592834 -1.5751506090 -1.5978715420
45.0836982727 -2.0188620090 -1.5886679888
40.0022087097 -6.2610635757 -1.5779895782
47.5943336487 -1.9359918833 -1.5548543930
47.7033691406 -2.1980972290 -1.5540491343
47.1953086853 -1.7743878365 -1.5403081179
48.3755187988 -3.6356265545 -1.5372898579
46.9737777710 -1.8462922573 -1.5366790295
48.2427864075 -3.5045452118 -1.5366413593
46.7915153503 -1.7433899641 -1.5344139338
46.8665428162 -1.8421627283 -1.5331548452
47.7110748291 -1.8116906881 -1.5328477621
48.4523391724 -4.0254726410 -1.5309753418
46.9386100769 -1.8368623257 -1.5303028822
46.7336883545 -1.9017801285 -1.5265940428
46.9104843140 -2.0307216644 -1.5217728615
37.9630661011 -0.0232709404 -1.5047008991
46.1764945984 -1.8501334190 -1.5024652481
39.4422607422 -2.9437103271 -1.5001453161
46.0501060486 -1.9957499504 -1.4935413599
46.6157264709 -1.8968660831 -1.4918994904
45.3160133362 -1.8175891638 -1.4741756916
39.0902481079 -3.5042657852 -1.4724738598
39.9276618958 -6.1030516624 -1.4452941418
39.8716697693 -6.5642991066 -1.4355493784
49.4225769043 -1.4506862164 -1.4355484247
39.7656593323 -6.5478448868 -1.4316861629
43.4926605225 -2.7857420444 -1.4043949842
43.3855323792 -2.7788805962 -1.4009357691
43.2784080505 -2.7720191479 -1.3974766731
46.7388458252 -1.5494986773 -1.3820579052
48.5642623901 -4.0305113792 -1.3803883791
46.8361473083 -1.8295344114 -1.3787477016
46.7110176086 -1.7842822075 -1.3724874258
47.6742553711 -2.1010825634 -1.3673743010
46.3393783569 -1.7402654886 -1.3654774427
40.2105560303 -4.3283939362 -1.3576946259
45.8776702881 -1.8643399477 -1.3545010090
39.1726493835 -3.6493923664 -1.3465663195
39.3113098145 -3.5965182781 -1.3448666334
45.4786682129 -1.7094820738 -1.3398076296
39.1520271301 -3.7209298611 -1.3394896984
40.0561027527 -6.2877311707 -1.3122922182
39.7080955505 -6.7857756615 -1.2929079533
42.7647056580 -0.8704431057 -1.2731982470
43.2365150452 -2.4327368736 -1.2655087709
47.0198364258 -1.7326312065 -1.2428023815
39.2982368469 -8.1888256073 -1.2417248487
46.9125747681 -1.7287943363 -1.2399358749
46.8052940369 -1.7249573469 -1.2370684147
46.7682533264 -1.8314495087 -1.2368779182
48.3592300415 -3.5050435066 -1.2340577841
46.6852416992 -1.7328284979 -1.2218918800
48.3128051758 -3.8506767750 -1.2205481529
48.5029869080 -4.1547474861 -1.2186769247
48.3960342407 -4.1459579468 -1.2159330845
48.5558280945 -4.4067873955 -1.2117203474
46.6447563171 -1.9205164909 -1.1872564554
45.1985282898 -1.9542965889 -1.1776307821
40.0483398438 -6.3280653954 -1.1755363941
39.7956123352 -6.5441813469 -1.1618329287
39.8279991150 -6.8666524887 -1.1587229967
39.7220344543 -6.8499345779 -1.1555325985
43.4400405884 -2.6943564415 -1.1301643848
43.2608146667 -2.6548027992 -1.1286429167
43.3328857422 -2.6877694130 -1.1273628473
48.0535507202 -2.1731977463 -1.1041264534
39.1468544006 -3.3780963421 -1.1004333496
39.3219261169 -3.3518221378 -1.0947295427
48.6074523926 -3.9789905548 -1.0883606672
39.2354888916 -3.7973005772 -1.0873591900
48.4487266541 -3.7949411869 -1.0762220621
45.4324874878 -1.7798172235 -1.0659803152
39.9060440063 -6.5566730499 -1.0319656134
40.8260765076 -4.0051779747 -1.0264911652
39.2269325256 -3.7233664989 -0.9949868321
44.4013633728 -3.0057668686 -0.9923440218
39.2668457031 -3.7412066460 -0.9906684756
39.2574958801 -3.3837950230 -0.9770488143
43.5418090820 -2.9501950741 -0.9726076126
39.3688087463 -3.5648994446 -0.9685623050
43.3309631348 -2.8623805046 -0.9679087400
39.8705062866 -6.9925494194 -0.9333414435
39.9829635620 -6.2834124565 -0.9272216558
39.7100448608 -7.2802104950 -0.9216697812
39.6241798401 -6.8268504143 -0.8894755244
39.3132629395 -3.6338706017 -0.8743403554
44.3812370300 -2.8690681458 -0.8736911416
43.3745765686 -2.6550977230 -0.8618866205
43.5212936401 -2.8140633106 -0.8565930128
43.3096885681 -2.3959450722 -0.8440105319
42.6387901306 -3.0902650356 -0.8312078118
43.1451187134 -2.7206790447 -0.8209035993
48.5062141418 -3.9640023708 -0.8204380274
48.5757446289 -4.0752511024 -0.8154972792
41.7129974365 -3.8392622471 -0.7934904099
39.8008689880 -6.2165274620 -0.7747056484
38.5390396118 -3.8602316380 -0.7296243310
39.3706626892 -3.3864407539 -0.7261744142
38.5641517639 -3.9517745972 -0.6413150430
39.6482582092 -6.5809674263 -0.6197286248
39.5713272095 -6.6829161644 -0.6114276052
38.5130348206 -3.8658211231 -0.6097899675
39.2775840759 -3.5229735374 -0.5314594507
39.8105659485 -6.2640495300 -0.5312196016
39.1699905396 -3.7200267315 -0.5285776854
39.3482284546 -3.6192781925 -0.5262320042
39.7856292725 -6.7118587494 -0.5146144629
39.5019226074 -6.8088264465 -0.5109316111
42.4537124634 -3.5994424820 -0.4448096752
57.9840164185 -2.7851424217 -0.5783587694
58.9162483215 1.0050446987 -0.8678075671
77.8667831421 0.8397017121 0.5891414285
78.7277374268 0.8526410460 0.5938439369
79.5898818970 0.8547047377 0.0868729353
83.2616653442 32.2170066833 8.9474191666
93.1883392334 34.4927368164 11.7594909668
93.9929580688 34.7836189270 11.8561401367
94.7623367310 35.0635757446 12.2758779526
95.5666885376 35.3543853760 12.3751754761
108.2795410156 25.1324710846 0.3942701221
50.3187484741 2.3722996712 -0.1000381708
55.4845390320 -1.9770575762 0.6570979357
56.3251762390 -2.4588477612 0.6755711436
58.1032142639 0.7491002679 -0.8506850600
58.9639968872 0.7646946907 -0.8647009134
69.5967483521 12.6059370041 0.1246131063
69.7931060791 16.0110874176 0.0823813826
77.0492401123 1.1288731098 0.5758452415
77.9151535034 0.6715632677 0.3400575817
78.7719345093 1.1555049419 0.3319531977
79.6326217651 1.1606481075 -0.1777581275
82.9539337158 31.7937450409 8.5636463165
83.3579788208 32.0359039307 9.2322025299
83.9135208130 32.8202400208 9.8920354843
93.9174575806 35.1465263367 11.8516035080
94.7210769653 35.4402503967 11.9482345581
95.5593109131 35.7448501587 11.7190084457
107.5982818604 24.4995574951 0.3950183988
108.4383773804 24.6881237030 0.3968143165
109.2785186768 24.8767070770 0.3986083269
69.2630157471 15.8552074432 -0.3901256621
70.1974029541 15.6264724731 0.0724874288
77.0160598755 1.2835849524 0.7598651648
77.8781356812 1.2972081900 0.5785925388
78.7389602661 1.3147230148 0.5832008719
79.5917587280 1.8100243807 0.5776934028
83.0290222168 31.2695617676 9.4193515778
83.6465682983 32.0637359619 9.5035572052
84.4489822388 32.3638229370 9.5902166367
94.0940246582 35.3450622559 12.4763193130
94.8965454102 35.6400184631 12.5782375336
95.9760131836 35.1779594421 12.6842050552
107.9110946655 24.5320053101 0.3801247776
108.7522811890 24.7165088654 0.0274184551
69.2700805664 11.8745603561 -1.6429126263
70.1298904419 12.0288534164 -1.0336308479
70.9788436890 12.1724290848 -1.0472494364
77.1407241821 1.5319576263 -0.1809892505
78.0015335083 1.5518988371 -0.1844324023
78.8610763550 1.5665283203 -0.4410512447
87.6569061279 33.2710494995 11.9527101517
88.4583358765 33.5683250427 12.0572586060
89.2597808838 33.8656005859 12.1618070602
90.0250930786 34.1510963440 12.5732221603
93.4946823120 35.4253005981 10.5387983322
94.5051879883 35.1638565063 10.6283407211
95.3101882935 35.4571075439 10.7150335312
96.1151580811 35.7503662109 10.8017272949
107.9025802612 25.0834865570 -1.3914535046
108.9318008423 24.4094753265 -1.7474168539
105.2297973633 38.3655815125 11.4033002853
106.0698852539 38.6640625000 11.1291742325
106.6145629883 39.5733070374 11.5679950714
69.5241851807 15.3997297287 -1.9405412674
70.3744506836 15.5891590118 -1.5589890480
77.1941299438 1.6929916143 -0.9310770631
78.0576782227 1.7197412252 -0.6920546293
78.9156723022 1.7359533310 -0.9540297389
79.7764816284 1.7574335337 -0.9655082226
88.2754135132 33.0204925537 10.7402629852
88.5781250000 33.8084373474 10.8461303711
89.3802261353 34.1076774597 10.9400749207
90.3496704102 33.8615531921 11.3440017700
94.4582901001 35.3628921509 10.9453105927
95.2047882080 35.6395568848 11.6005172729
95.7966079712 36.5015754700 11.6916532516
106.9306259155 25.7703685760 -0.6943862438
108.1137084961 24.4755592346 -0.6836048365
108.9487380981 24.6536884308 -1.3987699747
105.3488082886 38.4074974060 10.6891593933
106.0568847656 38.6670570374 11.8424816132
110.1602859497 40.1311035156 11.5332584381
53.4647407532 -2.9207756519 -1.0155018568
57.8077354431 -2.3097171783 -0.9823111296
68.9706039429 14.7601747513 -1.0689958334
69.7237548828 15.3558130264 -1.0881857872
77.3588790894 1.7756892443 -1.1884577274
78.2152633667 1.7924394608 -1.4530874491
79.0759811401 1.8144356012 -1.4699089527
79.9436111450 1.1947647333 -1.6650770903
88.0535202026 33.6483345032 9.3204832077
88.8288269043 33.9396972656 9.7043066025
89.6027526855 34.2305717468 10.0933446884
90.4053573608 34.5306282043 10.1799974442
94.0947036743 34.4360313416 10.5332918167
94.6964645386 35.2856178284 10.6169977188
95.5013046265 35.5795173645 10.7036848068
96.2741775513 35.8635215759 11.1165218353
97.0787963867 36.1573371887 11.2058572769
107.4677658081 24.1848526001 -0.6839645505
108.2870712280 24.3459453583 -2.4491226673
109.1275711060 24.5324459076 -2.4686350822
105.6016921997 38.5486679077 9.2571001053
106.3530044556 38.8221282959 10.0425004959
58.6277008057 -0.5341053009 -1.0357453823
69.2696151733 15.5376167297 -1.7232306004
69.8383331299 15.6963291168 -1.7318130732
76.7051773071 1.5244482756 -1.1786621809
77.5660552979 1.5436710119 -1.1927617788
78.4268951416 1.5628968477 -1.2068598270
79.2877273560 1.5821186304 -1.2209570408
82.6013107300 31.9887866974 7.3323521614
83.6542663574 31.6329326630 7.4035391808
84.1383514404 32.5750808716 8.3290777206
88.2528533936 33.3480949402 10.4362478256
89.0787200928 33.6526031494 10.3009014130
89.8591003418 33.9426536560 10.6188583374
90.6622314453 34.2399368286 10.7101640701
94.1657562256 34.9009552002 10.2031545639
94.9713134766 35.1938476562 10.2871904373
95.5678482056 36.0510673523 10.3683261871
96.3716278076 36.3485717773 10.4523420334
107.6837463379 24.0457248688 -2.0883660316
108.5246124268 24.2311306000 -2.1052031517
109.2202911377 25.0628089905 -2.1296319962
105.5970306396 39.0473251343 9.6009721756
106.4037399292 39.3405570984 9.6717338562
107.1199874878 39.6068954468 10.8259515762
57.9876518250 -1.0351299047 -2.7464148998
69.7892379761 16.0894680023 -1.1072452068
70.7615661621 15.7335634232 0.2764794827
76.7319564819 1.4854991436 -1.1790221930
77.8529357910 1.5284043550 -1.2054334879
78.7174377441 1.5523793697 -0.9690358639
79.5783920288 1.5710892677 -0.9804598093
82.7823486328 31.8062572479 6.2050409317
83.8301010132 32.1273345947 6.5346088409
84.6667633057 32.4392166138 6.0920295715
94.3223266602 35.4477233887 9.5501890182
106.9401321411 23.6290454865 0.9622303843
107.5924377441 24.6606178284 0.9587151408
108.4313049316 24.8226184845 -1.4097030163
105.8850555420 38.1418952942 10.3165245056
106.6937179565 38.4282875061 10.3926372528
55.3212852478 -3.6991894245 -1.7564077377
56.2895126343 -1.4940587282 -1.8386596441
57.1500816345 -1.5131298304 -1.8672485352
58.0340347290 -1.5124133825 -1.0100575686
58.9033432007 1.2952268124 -1.2304430008
59.7702789307 0.9576166272 -1.2416599989
69.9176788330 12.4105539322 -0.6069589257
70.0966033936 15.9286460876 0.2583287656
77.0028686523 1.2977100611 -0.6963503957
77.8639221191 1.3139421940 -0.7050570846
78.7249832153 1.3301769495 -0.7137643695
79.5860824585 1.3464133739 -0.7224728465
83.1478271484 31.5948982239 5.9823374748
83.9533233643 31.8948307037 6.0377774239
108.7501754761 24.5201015472 -2.1217670441
105.5292205811 39.9409332275 9.9388980865
52.9710922241 -2.4784870148 -0.5539494157
53.8315734863 -2.5144619942 -0.5641527772
57.2943801880 -1.5370759964 -1.6891207695
63.4946975708 23.5901317596 0.3314304650
69.2065429688 12.2128963470 -1.2759330273
70.0583343506 12.3641109467 -1.0657591820
70.2753601074 15.7417573929 -0.4335341156
71.9724121094 15.6282835007 -3.6057894230
73.6467361450 15.9834213257 -3.8696446419
77.1482009888 1.1106584072 -0.2081091553
78.0080947876 1.1193500757 -0.4592798352
78.8692169189 1.1332604885 -0.4652715623
79.7254791260 1.1363599300 -0.9775935411
83.1727142334 31.5039424896 7.8779678345
83.9772033691 31.8028106689 7.9513521194
107.2604675293 23.8546371460 -2.6973164082
108.1014328003 24.0394687653 -2.7188146114
108.9423751831 24.2243022919 -2.7403118610
57.3710746765 -1.3180387020 -1.5132652521
58.2392539978 -0.9861027598 -1.5445603132
69.2587432861 12.3438777924 -0.3849622905
69.5326004028 15.3983163834 -0.4283480644
70.3749847412 15.5842704773 -0.2052783817
72.0935134888 15.3165731430 -3.7805969715
76.5668029785 0.9289516807 -0.6991795301
77.2064743042 1.3816492558 -0.7074222565
78.0675964355 1.3984055519 -0.7161433697
78.9287261963 1.4151616096 -0.7248653769
79.7964096069 0.9589684606 -0.7235109806
107.3989562988 23.6569652557 1.2872023582
54.8939628601 -3.2959513664 -1.0513875484
56.8362655640 -1.8313760757 -2.6727471352
57.5252304077 -1.5178071260 -2.2524616718
58.3614273071 -1.8936426640 -2.6044094563
59.1887474060 -2.7436804771 -2.6232743263
69.6277313232 15.7043647766 -1.7431238890
70.4720230103 15.8935709000 -1.5927729607
72.1558303833 15.6311922073 -4.7297692299
76.5167388916 1.2473254204 -1.6142789125
77.3777847290 1.2625439167 -1.6329672337
78.2425689697 1.2817567587 -1.4658089876
79.1036758423 1.2970228195 -1.4825003147
79.9647369385 1.3122839928 -1.4991892576
83.2132186890 32.1994972229 7.2999882698
84.0159072876 32.5045890808 7.3680257797
107.4596328735 24.0911617279 -2.7115337849
108.3003082275 24.2775325775 -2.7330522537
109.0206069946 25.1302509308 -1.0911027193
57.7031631470 -1.2798871994 -1.8974392414
58.5639419556 -1.2967044115 -1.9260871410
68.7910995483 16.1947078705 -1.7366304398
69.8521728516 15.4281063080 -1.5771455765
72.3121566772 15.9387025833 -3.6280004978
76.6848754883 1.4073284864 -0.9577623606
77.5425720215 1.4188762903 -1.2143119574
78.4037094116 1.4355936050 -1.2283682823
79.2648315430 1.4523053169 -1.2424240112
93.8522491455 35.1407470703 11.5756721497
94.7457809448 35.4657821655 10.7977609634
95.5811004639 35.7722511292 10.5662183762
96.1737442017 36.6320571899 10.6501131058
97.8096923828 37.2446289062 10.4944734573
108.4441070557 24.5040874481 -0.7352306247
49.8522148132 -4.8380126953 -2.0339441299
56.8980178833 -3.5301454067 -1.2771898508
57.8582382202 -0.4973217547 -1.7374886274
58.7150039673 0.3065236211 -1.9680984020
69.8785552979 15.9508790970 -1.3630307913
71.0023117065 14.7294788361 -2.2223460674
71.6656112671 15.7499074936 -2.2594525814
72.4843215942 15.9186630249 -2.9894773960
73.3605194092 16.1226329803 -1.8388006687
76.8245925903 1.5322867632 -0.4813882411
77.6838073730 1.5450665951 -0.7326472402
78.5450668335 1.5629754066 -0.7413997650
79.4034271240 1.5755679607 -1.0006452799
79.4164810181 -16.4842948914 -2.0219600201
80.2682495117 -16.6484107971 -1.7854415178
94.1635513306 35.1408348083 10.0710115433
94.9681625366 35.4370079041 10.1550188065
95.7727584839 35.7331924438 10.2390260696
95.7014617920 38.0599555969 11.2033386230
50.1392326355 3.2608249187 -1.7441772223
57.1491394043 -1.2226595879 -0.2960819006
58.0068550110 -1.2476748228 -0.6691536307
58.8621520996 -1.2728841305 -1.0528553724
63.3827362061 23.1752014160 -2.3676974773
64.1860198975 23.4622325897 -2.6139039993
71.8040542603 15.7846088409 -2.0343308449
72.6511383057 15.9710674286 -1.8239977360
73.4133148193 16.6034126282 -0.7239839435
76.9660415649 1.4181851149 -0.2426163852
77.8273468018 1.4347249269 -0.2460072637
78.6886672974 1.4512634277 -0.2493990511
79.5499801636 1.4678019285 -0.2527899146
78.7101898193 -16.4157466888 -1.2436003685
79.5542755127 -16.5875873566 -1.2574170828
80.3923034668 -16.7662487030 -1.5296372175
94.2095947266 35.1496162415 10.9320964813
95.0374374390 35.4532966614 10.7848119736
95.8729095459 35.7593574524 10.5532712936
96.1798095703 37.3680839539 10.6336956024
55.5638771057 -1.5950154066 -0.9869915247
56.4143028259 -1.9516044855 -0.9950426817
57.3102416992 0.6201115847 -0.8879604340
58.1677017212 1.0922566652 -0.7277660966
59.0311241150 1.1130925417 -0.5526269674
70.0377883911 15.9242696762 1.5191857815
70.9966354370 15.5116834641 -2.0097534657
71.7350234985 16.2778015137 -0.7074619532
72.5772018433 16.4689025879 -0.4817992747
73.4186935425 16.6627178192 -0.0135770040
76.2500000000 1.4955999851 1.3713060617
77.1204833984 1.4978998899 0.6583939195
77.9818344116 1.5151484013 0.6649826169
78.8431930542 1.5323975086 0.6715713739
79.7045440674 1.5496455431 0.6781600714
78.9061431885 -16.3117637634 0.2023683637
79.7490539551 -16.4903278351 -0.0519260429
80.5935058594 -16.6613273621 -0.0531066805
94.3135910034 35.2097015381 11.2397308350
95.1170806885 35.5061912537 11.3336725235
95.9205551147 35.8027076721 11.4276161194
54.7931747437 -2.5719773769 -0.2597378194
55.6538581848 -2.6106197834 -0.2645572722
56.5783729553 0.0335911810 0.3834556937
57.4343299866 -0.7543645501 0.4059499204
58.2963981628 -0.7769812942 -0.1405042112
62.9759674072 22.6527137756 -1.1384351254
63.7770500183 22.9329128265 -1.7398233414
70.1922225952 12.1232776642 0.6411917210
69.5490493774 15.4036998749 0.5984040499
70.3881378174 15.5899543762 0.8314433694
71.1355361938 16.1678371429 -1.1700016260
71.9823837280 16.3661270142 -0.4885985553
72.8237075806 16.5578498840 -0.2602743506
73.6643295288 16.7466945648 -0.2638402581
76.3853302002 1.1141986847 0.6541207433
77.2391662598 1.5798336267 0.6512159705
78.1005172729 1.5978531837 0.6577877998
78.9631423950 1.6119958162 0.4784781933
79.8232116699 1.6338900328 0.6709322929
78.9839935303 -17.1387062073 0.4702922702
79.8265838623 -17.3104381561 0.7304935455
94.0956268311 36.0267944336 11.5452051163
94.8618392944 36.3185539246 11.9595623016
96.1832046509 35.3318405151 11.7448167801
57.5868225098 -0.9722616076 0.0412493758
58.4483795166 -0.9858656526 0.0411748216
59.3095283508 -1.0036902428 -0.1454434842
69.4658508301 15.9605436325 0.8137814999
70.4239883423 16.1478996277 -0.0319288410
71.2643127441 16.3384342194 -0.0328518078
72.1039199829 16.5315132141 0.1981199682
72.9442596436 16.7220764160 0.1998611391
73.7845687866 16.9126377106 0.2016038001
76.5306701660 1.7277261019 0.6340754628
77.3920669556 1.7474461794 0.6406078339
78.2534866333 1.7671650648 0.6471391916
79.1148834229 1.7868857384 0.6536720395
79.9762802124 1.8066037893 0.6602044702
79.1490249634 -16.4951648712 0.9552221298
79.8947296143 -17.1440029144 0.7237536907
93.9027481079 36.7492065430 12.1646499634
94.7005615234 37.0584335327 12.2664690018
55.0143737793 -3.3578059673 1.2633470297
55.8937301636 -3.0813670158 1.2740919590
56.7540092468 -3.1274831295 1.2927763462
57.6960830688 -1.2681891918 0.9036904573
58.5471000671 -1.2734354734 1.4679136276
70.6047821045 15.7776861191 1.9492511749
71.4458999634 15.9637565613 1.9716984034
72.2930679321 16.1484050751 1.7623264790
73.1280288696 16.3358802795 2.0165989399
73.9564361572 16.5240879059 2.4540176392
76.6426010132 1.3318920135 1.8364790678
77.4978866577 1.3521323204 2.0988743305
78.3591537476 1.3674008846 2.1214933395
79.2266311646 1.3775365353 1.8963400126
80.0879669189 1.3927512169 1.9162938595
79.4109420776 -16.3089523315 0.9392633438
80.1564712524 -16.9416732788 1.1552656889
107.6124496460 23.8887405396 -3.4231550694
49.9867401123 -3.4172766209 -0.0660700724
70.7508087158 15.8471584320 1.2621990442
71.5919418335 16.0339279175 1.2766433954
72.4371032715 16.2188358307 1.0592213869
73.2782897949 16.4055843353 1.0710005760
74.1255264282 16.5880451202 0.6083604097
76.7848358154 1.4112712145 1.8282895088
77.6515274048 1.4222389460 1.6057643890
78.5129165649 1.4381735325 1.6230373383
79.3743515015 1.4541095495 1.6403081417
80.2357482910 1.4700444937 1.6575812101
79.2512512207 -17.3181838989 0.7153936028
70.8627166748 16.0356674194 0.1772288829
71.7007064819 16.2286338806 0.5801277757
72.5414962769 16.4175739288 0.5865482688
73.3823013306 16.6065177917 0.5929676294
74.2230987549 16.7954597473 0.5993876457
76.9397201538 1.6058338881 0.8580509424
77.8012695312 1.6238995790 0.8672778606
78.6628112793 1.6419649124 0.8765056729
79.5212326050 1.6651682854 1.1335610151
56.3407058716 -2.5442502499 0.0548473187
57.2508544922 -1.0275630951 0.0190068278
69.2681579590 15.8151702881 0.3322380185
70.1067733765 16.0080757141 0.5598629117
71.0740280151 15.6391849518 -0.2768628001
71.9142837524 15.8305492401 0.3499878645
72.7561950684 16.0147914886 0.3537955880
77.0645217896 1.6200366020 0.4323219061
77.9261627197 1.6381937265 0.4368785322
78.7877960205 1.6563504934 0.4414356351
79.6494445801 1.6745080948 0.4459921718
53.8891258240 -2.4376473427 -1.4229235649
54.7714424133 -2.1499934196 -1.1123318672
57.3878402710 -1.4611833096 -0.6924456358
58.2514228821 -1.4787331820 -0.5218069553
69.4462356567 15.7031526566 -0.5031601787
70.2870330811 15.8924570084 -0.5094106793
71.2199630737 15.6687469482 -0.5107794404
71.9693222046 16.2765941620 -0.0634588078
72.8101425171 16.4659595490 -0.0643786937
73.6509552002 16.6553268433 -0.0652986467
77.2163009644 1.6446214914 -0.0549651049
78.0779724121 1.6629922390 -0.0557461567
78.9396514893 1.6813633442 -0.0565278009
79.8013305664 1.6997345686 -0.0573095530
57.5227584839 -1.1330322027 -1.1973246336
58.3809776306 -0.8193551302 -1.5853346586
59.2033996582 -1.1836100817 -1.9675672054
62.6073455811 23.7742691040 -2.7873716354
63.7407226562 23.2220630646 -2.6084649563
71.2868194580 15.9374666214 -1.4265834093
72.1313629150 16.1285018921 -1.2142868042
72.9724807739 16.3161010742 -1.2285153866
73.8100509644 16.5001354218 -1.4772645235
76.4257812500 1.8781765699 -2.3778429031
77.3414840698 1.4710783958 -1.4971603155
78.2072982788 1.4926630259 -1.2714190483
79.0689315796 1.5091177225 -1.2854918242
79.9147491455 1.5356087685 -0.8028970957
83.2750778198 31.6529922485 7.9122128487
84.0778427124 31.9573993683 7.9881982803
111.4608535767 39.6673202515 10.1416263580
57.6536865234 -0.8770030141 -1.2088758945
58.5093231201 -1.2286226749 -1.2192735672
63.7612495422 23.6441440582 -1.6173007488
64.5483932495 23.9316272736 -2.4371352196
68.7899627686 15.8092508316 -1.6053992510
69.7553100586 15.4679813385 -1.3975555897
70.6000366211 15.6577720642 -1.1905754805
71.4441375732 15.8474931717 -0.9782530665
72.2855453491 16.0339546204 -0.9898024797
73.1269531250 16.2204170227 -1.0013519526
73.9683532715 16.4068775177 -1.0129011869
76.6126098633 1.3557573557 -1.2468211651
77.4683227539 1.8241034746 -1.0304423571
78.3299026489 1.8443899155 -1.0419291258
79.2010726929 1.4067538977 -1.0438078642
1.4539092779 1.2602894306 -0.8681463599
1.7808182240 0.5417276621 -0.8521229625
1.8842607737 0.5610346794 -0.8730592132
1.8859423399 1.6085526943 -0.9093517065
2.0480234623 0.2530324757 -1.0167838335
2.1817486286 0.2714891732 -0.8950612545
1.9057620764 1.6581065655 -0.9455643892
3.7662317753 -0.3996374011 -1.0718727112
2.9282331467 -1.2478337288 -1.0341863632
3.7809848785 -0.6018519402 -0.9768837094
3.9625556469 -0.0884043872 -1.0097589493
2.9113917351 3.7149829865 -2.5046267509
2.7420923710 3.8101427555 -2.3767106533
3.6181559563 3.9316918850 -2.3022947311
2.7558195591 3.7163572311 -2.2242534161
2.3881895542 3.5012316704 -1.9451142550
3.4157793522 3.8353931904 -1.8314412832
2.8491666317 3.6684827805 -1.3313469887
3.8622868061 3.9997582436 -1.2189425230
3.7866079807 3.9218235016 -1.2128068209
3.1897137165 3.5756723881 -1.2032672167
2.5265960693 3.4886915684 -1.1946876049
3.8854260445 3.8352327347 -1.1816112995
3.8737437725 3.6905925274 -1.1775878668
3.4425368309 3.8153779507 -1.1417487860
3.0499184132 3.7403001785 -1.1409659386
2.2817034721 3.5102598667 -1.1233236790
3.4081218243 3.7044558525 -1.1197158098
2.6643831730 3.5921323299 -1.1193780899
2.4656271935 3.6358342171 -1.1165790558
2.3785667419 3.5699265003 -1.1157727242
2.9657301903 3.7534446716 -1.1115021706
2.4275028706 3.5124516487 -1.1080901623
2.6954922676 3.6204049587 -1.1080440283
3.0773112774 3.7352192402 -1.1053924561
2.9720330238 3.6751017570 -1.1014355421
3.3134748936 3.7754805088 -1.0934854746
2.6529428959 3.5313911438 -1.0843024254
2.9275777340 3.5734157562 -1.0813668966
2.7493951321 3.5711350441 -1.0728043318
2.4144496918 3.5346558094 -1.0718530416
3.4673449993 3.8061754704 -1.0714763403
3.5685446262 3.8690340519 -1.0703910589
3.0475935936 3.6272852421 -1.0678963661
3.2307975292 3.7225275040 -1.0645256042
2.4981994629 3.5169267654 -1.0638685226
2.7694656849 3.6708834171 -1.0619243383
2.5210776329 3.6081874371 -1.0578274727
2.5331654549 3.5378215313 -1.0568321943
2.6998653412 3.6398582458 -1.0566772223
3.5268652439 3.8789305687 -1.0559779406
2.4362959862 3.5397465229 -1.0557521582
3.4040367603 3.8482413292 -1.0556820631
3.2350153923 3.7589769363 -1.0531405210
2.2030982971 3.4451286793 -1.0507342815
3.1720931530 3.7949967384 -1.0429972410
2.6864576340 3.6057248116 -1.0422259569
3.0905287266 3.7228937149 -1.0406662226
2.4487581253 3.5231850147 -1.0404598713
2.4460840225 3.5149657726 -1.0395460129
3.1861867905 3.7570269108 -1.0391886234
3.0090272427 3.6508309841 -1.0376726389
2.5481138229 3.5633046627 -1.0317151546
2.5457084179 3.4946403503 -1.0284140110
2.3841040134 3.4894218445 -1.0251312256
2.3232216835 3.5093924999 -1.0236450434
2.6420512199 3.5331749916 -1.0213048458
2.3673772812 3.4562828541 -1.0198091269
2.2981421947 3.4427020550 -1.0104961395
3.7870407104 3.9642269611 -1.0102206469
2.8852915764 3.6057486534 -1.0080025196
3.0351490974 3.7582898140 -0.9997342825
2.5062191486 3.5180206299 -0.9983336329
2.9531440735 3.6866741180 -0.9980681539
2.7982540131 3.5454692841 -0.9904557467
2.6227285862 3.5659158230 -0.9882663488
3.9626395702 3.9090723991 -0.9856787324
3.3983411789 3.8676521778 -0.9845821261
2.7090494633 3.5732500553 -0.9764810801
3.3579199314 3.7864141464 -0.9743393660
2.9546577930 3.5861642361 -0.9718134403
3.0348429680 3.6638698578 -0.9597215056
2.8996574879 3.5623514652 -0.9526676536
3.5987088680 3.8288600445 -0.9520712495
3.1551752090 3.7443304062 -0.9482697845
3.2144889832 3.7211248875 -0.9473740458
3.1682975292 3.6165201664 -0.9459559321
3.8152096272 3.8256793022 -0.9444785118
2.6705760956 3.4731750488 -0.9409325719
3.3512899876 3.8247218132 -0.9347212315
3.8468062878 3.8879430294 -0.9279956818
3.9413368702 3.9666271210 -0.9120950103
2.9508652687 3.6726152897 -0.9066649079
4.1319580078 0.2531527579 -0.9056062102
2.5121114254 3.5621364117 -0.9039047956
3.3995783329 3.7346396446 -0.8982375860
3.6938416958 3.8796386719 -0.8846227527
2.2566733360 3.4387414455 -0.8789197803
3.7583544254 3.8714208603 -0.8626587391
3.8938896656 3.8386719227 -0.8474968672
3.9779036045 3.9081346989 -0.8439196944
3.2501211166 3.7220115662 -0.6866462231
3.3036379814 3.7676355839 -0.6483048201
3.3049182892 3.8241374493 -0.5957297087
3.4410552979 3.7867732048 -0.5105543137
3.6278119087 3.8834784031 -0.5073333383
3.7611408234 3.9222614765 -0.4600589871
3.8315551281 3.9515299797 -0.4309789836
3.8808352947 3.9322357178 -0.4305452704
2.7677969933 3.6390345097 -0.3853624463
3.6600272655 3.8412437439 -0.3736438453
3.5030031204 3.8462898731 -0.3464348018
3.6775088310 3.9251637459 -0.3426102698
3.7035479546 3.8419897556 -0.3282479942
3.8904254436 3.9363610744 -0.2999631464
3.6540639400 3.7157843113 -0.2890655100
3.9173028469 3.9321260452 -0.2481257468
3.7195687294 3.9058866501 -0.2363406420
3.7944808006 3.9092507362 -0.2216853052
3.7305831909 3.9574639797 -0.2192637771
3.8467559814 3.8995780945 -0.1931633502
2.6248266697 3.5594179630 -0.1840979606
2.7441987991 3.5977625847 -0.1548486650
3.9081871510 3.9957263470 -0.1479242742
3.4610965252 3.9261155128 -0.1277074218
3.3982996941 3.8547093868 -0.0971069559
3.6253845692 3.8166375160 -0.0869608745
3.9712321758 3.8862113953 -0.0767386928
2.6502506733 3.6160500050 -0.0760021359
3.1051113605 3.9197227955 -0.0721109882
2.7721135616 3.6493008137 -0.0474278778
2.8763844967 3.6337089539 -0.0458322428
3.2589576244 3.7171816826 -0.0457332395
3.7423510551 3.8129389286 -0.0371714570
3.9125101566 3.9682135582 -0.0369626954
3.1531004906 3.7312102318 -0.0352437980
3.3494300842 3.7478079796 -0.0277100764
3.5581030846 3.9203033447 -0.0273330919
2.8632693291 3.7725615501 -0.0137130274
2.8392422199 3.7095603943 -0.0079033207
2.5390102863 3.6146619320 0.0014715809
3.2394959927 3.7960433960 0.0031296236
2.4520721436 3.5517561436 0.0036337362
2.8948848248 3.6809549332 0.0059820539
3.0303356647 3.7047481537 0.0069669583
2.8087074757 3.7329189777 0.0087639829
3.8234188557 3.9098939896 0.0123977736
2.8765709400 3.7062668800 0.0253764801
2.6639513969 3.6184329987 0.0292947274
3.8535745144 3.8537900448 0.0314817466
2.8311383724 3.6605091095 0.0372207500
2.8394155502 3.7088279724 0.0423002467
2.9793527126 3.7478549480 0.0430594273
3.9335987568 3.9690153599 0.0532968044
3.8439459801 3.9099991322 0.0541672409
2.9926350117 3.6507472992 0.0542169772
3.8580894470 3.9128005505 0.0574401431
3.5966987610 3.9355916977 0.0581785142
3.5666940212 3.9169354439 0.0609189272
3.2860326767 3.8023211956 0.0613482185
3.3259356022 3.8606381416 0.0634273961
2.9421117306 3.7091643810 0.0680389851
3.5280728340 3.8694868088 0.0695137084
3.1138589382 3.6815698147 0.0718024448
3.2725913525 3.8693392277 0.0719855428
2.9378538132 3.8398225307 0.0776804984
3.5776512623 3.8428781033 0.0803697705
3.8875813484 3.8576993942 0.0823866427
3.4442765713 3.8607447147 0.0869845152
3.3090581894 3.6357402802 0.0883767903
3.4429826736 3.8040161133 0.0895847380
2.5391421318 3.5923175812 0.0905209109
3.0470402241 3.7344908714 0.0953347981
3.0963275433 3.7470922470 0.0956106409
3.4396703243 3.8968396187 0.0960432813
3.3504641056 3.8371579647 0.0965758115
3.6863002777 3.8795549870 0.0981903672
3.6604607105 3.9110431671 0.1001152098
3.1432785988 3.8414275646 0.1030336395
3.4804759026 3.8530890942 0.1032641456
2.9462718964 3.6389212608 0.1047547162
3.6875557899 3.9934546947 0.1067897975
2.9944517612 3.7385461330 0.1068844348
3.2642099857 3.7751073837 0.1092941687
3.5331485271 3.9210665226 0.1093763858
3.3506553173 3.8387515545 0.1094642952
3.1525683403 3.6747508049 0.1110715568
3.1847293377 3.8080854416 0.1173446625
3.4930648804 3.9131612778 0.1173684821
3.7753717899 3.9394712448 0.1209109202
3.8643472195 3.9995181561 0.1210452244
3.2483921051 3.9694688320 0.1224055067
3.3837778568 3.7438933849 0.1227856502
3.4764437675 3.9537625313 0.1231796369
2.9699525833 3.7147517204 0.1239586994
3.0566718578 3.7780120373 0.1241248250
3.8174877167 3.9602060318 0.1242657378
3.1393754482 3.7511346340 0.1251891851
3.5799341202 4.0281691551 0.1333113313
3.4293363094 3.8476886749 0.1385969073
3.0028460026 3.7462627888 0.1437169909
3.0815699100 3.8011817932 0.1439150870
2.8740458488 3.7283251286 0.1444646567
3.0496630669 3.8517713547 0.1447655708
3.5154540539 3.8176732063 0.1451353282
2.8494460583 3.7798156738 0.1486244947
2.8930761814 3.6733708382 0.1495297849
3.6961216927 4.0229563713 0.1500987411
2.9589772224 3.7361369133 0.1514131427
2.7522497177 3.6474294662 0.1517607868
2.6245789528 3.6287202835 0.1524741799
2.7862834930 3.6664726734 0.1602570266
3.4663629532 3.8565542698 0.1647073179
3.5547544956 3.9174475670 0.1654306948
3.6028287411 3.8797192574 0.1674608737
3.7295565605 3.8981163502 0.1677102745
3.7997183800 3.9655861855 0.1686009467
3.6668772697 3.9627733231 0.1692001075
2.9805076122 3.7354376316 0.1711919010
3.0266890526 3.8404026031 0.1728624105
3.1832909584 3.7285981178 0.1803473681
3.2497472763 3.7778213024 0.1857034415
3.7904019356 3.8970980644 0.1863246709
3.0198817253 3.8163673878 0.1865187287
3.7546949387 3.8502070904 0.1868164390
3.0476033688 3.7963945866 0.1910784692
3.5190598965 3.8266236782 0.2044150829
3.5757756233 3.9057638645 0.2132647336
3.3768599033 3.7621645927 0.2135526538
3.6471707821 3.9139599800 0.2158865333
3.7699398994 3.8494555950 0.2252675593
3.2646169662 3.7192170620 0.2320757210
3.5839192867 3.9697809219 0.2367250025
3.5683469772 3.9331114292 0.2533769906
3.7161765099 3.9738547802 0.2625986934
2.9901120663 3.6326363087 0.2645240426
2.8003897667 3.6719875336 0.3026926816
2.7206146717 3.6712148190 0.3214918077
2.5904994011 3.6549849510 0.3811209500
2.6694262028 3.6568307877 0.3861398995
2.6574883461 3.6047823429 0.4695514441
2.4972450733 3.5900723934 0.5311444998
3.3453090191 3.7888729572 0.5879005790
3.3767580986 3.7744102478 0.7376114130
2.6349549294 3.5999541283 0.9522902369
3.2302341461 3.7895617485 0.9685432911
2.7336928844 3.6651248932 1.1633168459
3.7035007477 3.9432902336 1.2153661251
2.8648221493 3.7150096893 1.2160996199
3.6232328415 3.9233705997 1.2230538130
3.2387375832 3.7998516560 1.2283641100
3.3224830627 3.8643746376 1.2470626831
2.6329517365 3.6484034061 1.2937428951
3.0558259487 3.7912468910 1.3777493238
3.6058754921 4.0447287560 1.4056024551
3.4698028564 3.9170095921 1.5865247250
3.3753726482 3.8524847031 1.6116195917
2.5707683563 3.7334289551 1.6492202282
3.0633049011 3.7741296291 1.6840467453
3.1492381096 3.8342392445 1.7068575621
3.2364244461 3.8711097240 1.8521796465
2.6173934937 3.7860598564 1.9448206425
2.8927121162 3.7194080353 1.9951293468
3.0745799541 3.7164685726 2.0193748474
3.1621069908 3.9668939114 2.1272003651
5.4588222504 -0.7002271414 -0.9649575353
4.3993401527 4.0900053978 -3.0084419250
4.4833059311 4.0658321381 -2.3342347145
5.2236270905 4.2596936226 -2.1217672825
5.0360364914 4.2184863091 -1.8736052513
4.1295256615 3.9747037888 -1.7441534996
5.3279933929 4.3673167229 -1.7207906246
4.2080659866 3.9101648331 -1.3767527342
4.7944569588 4.0597152710 -1.3078234196
5.4352898598 4.1893367767 -1.2811920643
4.5734162331 4.0353436470 -1.2660198212
5.1283569336 4.2301344872 -1.2599160671
5.2543425560 4.2486720085 -1.2597838640
5.0530982018 4.1511807442 -1.2547723055
4.5264282227 4.0544543266 -1.2435195446
4.8125877380 4.1043934822 -1.2332602739
5.1480417252 4.2259516716 -1.1911554337
4.8871412277 4.0308566093 -1.1803348064
4.7374448776 4.0414214134 -1.1737797260
4.9537725449 4.2508754730 -1.1445621252
4.9953761101 4.2141351700 -1.1170110703
4.8721084595 4.1876816750 -1.1108422279
4.0166006088 3.9077501297 -1.1027522087
4.6100268364 4.1575798988 -1.0982999802
4.7882051468 4.1229743958 -1.0933405161
4.6340942383 4.1397347450 -1.0744426250
4.0638480186 3.9568011761 -1.0741304159
5.5290107727 4.2583241463 -1.0543626547
5.1611895561 4.2005476952 -1.0492227077
4.6306715012 4.1186003685 -1.0452853441
4.7228746414 4.1837892532 -1.0161800385
4.5795650482 4.1212038994 -0.9774276018
4.9843511581 4.2181401253 -0.9611866474
4.9169898033 4.1720123291 -0.9209126830
5.2279987335 4.3126296997 -0.9189755917
4.9752736092 4.2859873772 -0.8449215889
4.7267732620 4.0981726646 -0.6416359544
5.0218610764 4.2547607422 -0.6142772436
5.6143217087 4.3271346092 -0.5990065336
5.2355327606 4.2668337822 -0.5712067485
5.0362210274 4.3462033272 -0.4881021976
4.4512596130 4.0867357254 -0.4405931532
5.1797337532 4.2470421791 -0.3956610858
5.0522775650 4.2391138077 -0.3645164073
5.3023781776 4.2984390259 -0.3526288569
5.4727711678 3.7533202171 -0.3304389715
5.4772968292 4.4440751076 -0.3258392811
5.4904413223 4.4182381630 -0.3253696859
5.0406398773 4.3045406342 -0.3229369521
3.9296517372 4.0117750168 -0.3109617233
4.3259272575 4.0876898766 -0.3049843013
4.1567292213 4.0169415474 -0.2955122292
4.0400590897 3.9531261921 -0.2858299315
4.5639395714 4.6490979195 -0.2669768631
4.3825306892 3.7902631760 -0.2503922284
3.9839768410 4.0075325966 -0.2500586212
3.6531538963 4.3362317085 -0.2445140928
5.4774537086 4.2638006210 -0.2420757264
3.9414782524 4.0468969345 -0.2232204974
3.9744400978 4.0748076439 -0.2229989916
5.5399565697 4.3620491028 -0.2188805044
4.2387552261 4.0327625275 -0.2111127824
4.9316334724 4.2086496353 -0.2037334144
4.0281372070 4.0140271187 -0.2020676285
4.0672211647 4.0167326927 -0.2011551708
4.8141145706 4.1838364601 -0.1994409263
3.9230968952 4.0445919037 -0.1943174303
4.1182394028 4.0152854919 -0.1812380254
5.5616707802 4.3417806625 -0.1721231937
4.6881003380 4.1697559357 -0.1720537096
4.1280059814 4.0299992561 -0.1684544533
4.6629991531 4.1073465347 -0.1618979871
4.6331119537 4.3136754036 -0.1612438112
4.1675558090 4.1092739105 -0.1558548957
5.4410758018 4.3223047256 -0.1520989984
4.1765632629 3.9859533310 -0.1376003921
4.2142033577 3.9813656807 -0.1366322637
5.5492591858 4.2315621376 -0.1358984113
4.0912961960 3.9207701683 -0.1345497817
4.1384272575 3.9899380207 -0.1314693391
5.4239039421 4.3485784531 -0.1179775447
4.0824255943 3.9244563580 -0.1156951189
4.1324195862 4.0340337753 -0.1097166017
4.9945797920 4.2371520996 -0.1028995737
5.6091661453 4.3280568123 -0.0996631235
4.9899811745 4.1978545189 -0.0983377248
4.5295109749 4.1171150208 -0.0966393203
4.6173076630 4.1661663055 -0.0915410221
4.3977937698 3.9416174889 -0.0903100371
4.3338680267 4.0708913803 -0.0821671709
4.4792165756 4.0120539665 -0.0731088370
4.7127861977 4.1914019585 -0.0723363087
4.0606036186 4.0467638969 -0.0666717291
4.0019245148 4.0265707970 -0.0634062365
4.1786909103 4.0278201103 -0.0629740953
4.6028885841 4.1089515686 -0.0613808557
4.4770364761 4.0922551155 -0.0588003471
4.4894766808 4.0017728806 -0.0585607514
5.1092877388 4.2230463028 -0.0582646132
4.1632924080 4.0746021271 -0.0548160486
4.2980322838 3.9949913025 -0.0520430431
4.0538692474 3.9267880917 -0.0499519445
4.5482702255 4.0536866188 -0.0498962402
4.4330763817 4.0215063095 -0.0481241047
4.5236744881 4.1153907776 -0.0474563017
5.5464196205 4.2820219994 -0.0471128225
4.1527495384 4.0369839668 -0.0462037101
4.5756673813 4.0499997139 -0.0448878780
4.6157698631 4.0977234840 -0.0429401472
4.3010387421 4.0103459358 -0.0420501642
4.4908499718 4.0796351433 -0.0407037809
4.1605319977 4.0511684418 -0.0365668535
4.5608954430 4.0823650360 -0.0359798297
5.6707119942 4.2511520386 -0.0273390673
4.6429829597 4.1384644508 -0.0259481687
5.4016156197 4.3303260803 -0.0239963345
4.1146292686 4.0770993233 -0.0200828593
5.3575549126 4.2577466965 -0.0181068294
5.2376418114 4.2358865738 -0.0170116667
4.5287804604 4.1079888344 -0.0162782837
4.3483567238 4.1340103149 -0.0154759800
4.5711078644 4.1445393562 -0.0072059706
4.4826321602 4.0837450027 -0.0060175895
4.4322419167 3.9769001007 -0.0055458834
4.2872147560 4.0891027451 -0.0047361143
4.1414008141 3.9899737835 -0.0009591319
4.4352793694 4.0556769371 0.0009010562
4.4485101700 4.1552839279 0.0016190764
4.3073706627 4.0426473618 0.0028296369
4.5596117973 4.1505184174 0.0043342779
4.2668113708 4.0410270691 0.0047149984
4.4475007057 4.0405006409 0.0048360573
4.0916604996 3.9668111801 0.0059601893
4.3578238487 3.9815061092 0.0060394066
4.8069581985 4.2212443352 0.0081691975
4.5620107651 4.1809344292 0.0111814328
5.3225998878 4.3478832245 0.0198658314
4.2292075157 4.0520958900 0.0201184824
4.1138014793 4.0343804359 0.0242554452
4.2750234604 4.0574960709 0.0247515403
4.3580126762 4.0982103348 0.0284085106
3.9264292717 3.9938008785 0.0306356288
4.1544742584 4.1028161049 0.0313960165
5.3868474960 4.3196167946 0.0322367996
5.5280060768 4.4751763344 0.0327488333
4.4097046852 4.0864167213 0.0336251259
4.5035257339 4.0846810341 0.0340497196
4.4155039787 4.0232191086 0.0345675945
4.8279337883 4.1682400703 0.0367924944
4.7385287285 4.1088171005 0.0373283625
4.5111351013 4.0963158607 0.0405816063
4.4248251915 4.0324516296 0.0407423563
4.3350191116 4.1014409065 0.0456586778
4.3657445908 4.1153006554 0.0484502129
4.3437476158 3.9600696564 0.0488011353
4.3818540573 4.2640848160 0.0489451997
4.0243129730 3.9755327702 0.0490411222
5.4965271950 4.3749632835 0.0498394445
4.6933565140 4.1508755684 0.0552595630
4.4171528816 4.0341019630 0.0553179756
3.9460313320 3.9743599892 0.0569237582
4.2395687103 4.0897803307 0.0589005388
4.4724435806 4.1496281624 0.0608139597
4.2582120895 4.0776419640 0.0631284192
5.3050432205 4.3329930305 0.0663862899
4.6480445862 4.2228741646 0.0678538159
4.3969106674 4.1689701080 0.0683027282
4.4265260696 4.0283055305 0.0688785017
4.7447438240 4.1544909477 0.0698829442
4.8635067940 4.1810388565 0.0699826553
4.2450194359 4.0432524681 0.0707822144
5.6226649284 4.3157591820 0.0727222338
4.3337154388 3.9663102627 0.0744459927
4.5006966591 4.1013913155 0.0760455802
5.4926004410 4.3882818222 0.0770946071
4.7334923744 4.2136330605 0.0789946020
4.7855129242 4.2062273026 0.0812696517
4.0233330727 4.0491099358 0.0843445137
4.9176049232 4.2274394035 0.0847501978
5.2950510979 4.1431522369 0.0876467079
5.5452575684 4.1670641899 0.0879113227
4.5434155464 4.0582633018 0.0889096037
5.4362101555 4.4201283455 0.0894464850
4.9916362762 4.1953206062 0.0911760330
4.7732415199 4.1475520134 0.0930473432
4.8631877899 4.2061548233 0.0931693092
4.9531354904 4.2647585869 0.0932911932
4.5976505280 4.1596302986 0.1007044017
4.8284988403 4.1876678467 0.1014847979
5.0369381905 4.2487616539 0.1027905196
4.1519713402 4.0629978180 0.1066128984
3.9351959229 3.9878463745 0.1071187854
4.8776063919 4.2615332603 0.1079443395
4.8200931549 4.1949076653 0.1088748723
4.6609334946 4.0866618156 0.1096067056
4.6985936165 4.2051248550 0.1121444404
4.6066193581 4.1498088837 0.1123745143
5.5462627411 4.3965091705 0.1158931106
4.6283478737 4.1184549332 0.1171170473
5.2323999405 4.2324891090 0.1208816767
5.5926713943 4.4065403938 0.1270090193
4.7054605484 4.1735467911 0.1284612864
5.5815525055 4.3761806488 0.1336641312
4.9696297646 4.3167958260 0.1352835596
5.3469519615 4.2506246567 0.1354814470
4.9136447906 4.2476949692 0.1375320405
5.0430946350 4.3230323792 0.1375889778
5.3714427948 4.3684144020 0.1378750801
4.7906446457 4.2603440285 0.1391511410
4.3745794296 4.0862865448 0.1397467554
4.7219462395 4.1805748940 0.1415039450
4.8776130676 4.1857371330 0.1420363188
5.0585589409 4.3012824059 0.1434312314
4.8466100693 4.1964073181 0.1458939910
4.9719023705 4.2126946449 0.1465867162
4.9205331802 4.2428369522 0.1483378708
4.5721755028 4.1717143059 0.1484884620
5.4013242722 4.3613915443 0.1507779807
5.5289416313 4.3714580536 0.1515017450
4.4222226143 4.0879354477 0.1541505158
5.1357645988 4.2687973976 0.1552133262
5.1426510811 4.3217196465 0.1594746858
5.0366172791 4.2418794632 0.1639279425
5.1284756660 4.2973947525 0.1646121144
5.3715267181 4.3480396271 0.1658824533
5.5008702278 4.3548202515 0.1665999889
4.7591743469 4.1335525513 0.1667432487
4.5622463226 4.1258263588 0.1671478897
4.6544933319 4.1806650162 0.1674971730
4.8445601463 4.1955657005 0.1675846726
5.5909810066 4.4131684303 0.1679652035
5.4206795692 4.3915977478 0.1682741642
5.0975050926 4.2270307541 0.1705407649
4.2057433128 4.0788860321 0.1718465090
5.0124349594 4.2980270386 0.1759255230
5.2394452095 4.3498558998 0.1766295135
5.5078802109 4.3517179489 0.1845119596
5.4458522797 4.3848500252 0.1847031564
4.2896022797 4.1007251740 0.1857935786
5.2352991104 4.3756260872 0.1883849800
3.8912584782 4.0215024948 0.1883880794
4.3991131783 4.0475912094 0.1907837838
4.9678382874 4.2429981232 0.1932186484
4.9360942841 4.2512092590 0.1948423386
5.1896710396 4.3045754433 0.1952715367
4.7466931343 4.2353377342 0.1954147816
5.2805805206 4.3616447449 0.1966286153
5.3272156715 4.3385734558 0.1971631348
5.4150261879 4.2760648727 0.2015206665
5.2857952118 4.3509135246 0.2033578604
5.3745589256 4.3444037437 0.2049114853
5.4673414230 4.3983416557 0.2059203684
5.3790860176 4.3431186676 0.2080326974
4.4836411476 4.1129488945 0.2141399086
4.4672842026 4.1400194168 0.2162393183
4.9031429291 4.2410006523 0.2163865566
4.5599746704 4.1940851212 0.2169175744
5.0696177483 4.2502050400 0.2220978588
5.1616864204 4.3053550720 0.2234444767
5.2855215073 4.3168039322 0.2243093699
5.4702930450 4.4260416031 0.2269971967
5.0623235703 4.2918591499 0.2272117883
5.1942567825 4.2941603661 0.2282420695
5.1714782715 4.2603154182 0.2283594906
4.6066756248 4.1969041824 0.2301633954
5.5907254219 4.3985137939 0.2302021384
4.6411132812 4.0946907997 0.2366812378
5.3207149506 4.3764004707 0.2415976971
4.8822693825 4.3148989677 0.2426334620
4.6300792694 4.1232237816 0.2434448153
5.3776311874 4.3711247444 0.2535514832
5.2890963554 4.2826490402 0.2544758618
4.7409610748 4.1923184395 0.2584588230
5.3765230179 4.4066753387 0.2585133612
4.8336896896 4.2463212013 0.2598006725
5.2331523895 4.2831830978 0.2644294798
5.3738455772 4.4047718048 0.2654879689
5.5019440651 4.3361234665 0.2687363625
5.0109987259 4.1805534363 0.2760135829
4.7627944946 4.3919668198 0.2809693217
5.3211274147 4.3437519073 0.2854045033
5.4484133720 4.3552560806 0.2880191505
4.5565042496 4.1633629799 0.2892702818
4.5053586960 4.1649341583 0.2976200879
5.3505249023 4.2554116249 0.3094270527
5.1862649918 4.2986741066 0.3212661743
5.0439143181 4.3248367310 0.3640665412
5.0537672043 4.1583194733 0.3671269715
4.5966901779 4.2179265022 0.3839769959
5.3173670769 4.4072093964 0.4340623021
4.3142280579 4.0200257301 0.4706241786
4.1530370712 4.0588588715 0.9165903926
5.4676408768 4.4039874077 0.9739267230
5.4093437195 4.2830295563 1.0559796095
3.9310772419 4.0339155197 1.1264976263
5.3908586502 4.4091324806 1.1733601093
4.7737631798 4.1123962402 1.2500596046
3.9718596935 4.0237522125 1.3490194082
4.7115378380 4.2159137726 1.4371162653
4.0928101540 3.9876778126 1.4805403948
5.5382785797 4.4235916138 1.4860001802
4.0373306274 3.9928731918 1.5679057837
5.2084908485 4.3394865990 1.5857940912
4.9858050346 4.2807102203 1.6070873737
5.0190110207 4.2961196899 1.6128371954
4.5929102898 4.1231174469 1.6561496258
4.6139202118 4.1900959015 1.7090616226
4.9832692146 4.3613276482 1.9039858580
5.5029368401 4.4538540840 1.9348419905
5.3312087059 4.3089499474 2.0970048904
5.0524067879 4.3228468895 2.1752378941
4.9713516235 4.3756580353 2.1824815273
3.9590306282 3.9651391506 2.3126349449
4.6480078697 4.2472372055 2.4107928276
4.4562401772 4.2038373947 2.4609909058
4.8939781189 4.2488451004 2.4910960197
3.9969217777 4.0676455498 2.5846917629
4.9245595932 4.2886080742 2.6379320621
6.4345250130 5.3707418442 -3.3477492332
6.3847193718 5.6733684540 -2.8060114384
6.5206732750 4.7011919022 -2.1303114891
6.0191631317 4.4631605148 -1.7974805832
7.0163817406 4.6733088493 -1.3670914173
5.3369488716 6.1709861755 -1.3543632030
6.2839064598 5.6971859932 -1.3152436018
6.3050608635 5.8416256905 -1.3068306446
6.6398887634 5.0701279640 -1.2996757030
6.5786967278 4.6276865005 -1.2943075895
6.7883629799 4.6830720901 -1.2869620323
6.6079573631 4.5637731552 -1.2800563574
5.8871817589 4.4968032837 -1.2783539295
6.9115209579 4.6738066673 -1.2576982975
5.6338605881 4.4820122719 -1.2279748917
5.8080220222 4.4371485710 -1.2201383114
5.7685627937 5.6449055672 -1.2179981470
6.7682118416 4.7108407021 -1.1819683313
6.5940709114 4.7622723579 -1.1818817854
5.6967244148 6.1407566071 -1.1703519821
6.7873005867 4.8809633255 -1.1641145945
5.6944794655 4.4231424332 -1.1567931175
5.9091014862 6.0628895760 -1.1475049257
6.6129918098 4.6680102348 -1.1320462227
5.8766512871 4.4765043259 -1.1255291700
5.7448377609 4.5968723297 -1.1085053682
8.3827009201 1.6763850451 -1.0936442614
6.7707896233 4.7186594009 -1.0826050043
7.2099971771 3.7899441719 -1.0787750483
6.7277579308 4.5984258652 -1.0787305832
6.3883628845 5.5922012329 -1.0629569292
6.3478045464 5.4311604500 -1.0575861931
6.5786056519 4.7620248795 -1.0362141132
6.9532308578 5.1136465073 -1.0263935328
6.2104463577 5.5928254128 -1.0248699188
6.4294190407 5.7183318138 -1.0159075260
7.9861092567 2.0100209713 -1.0050703287
6.8517503738 4.6330246925 -0.9775998592
7.0563645363 4.4447956085 -0.9573056102
6.1969232559 4.4468345642 -0.9552165866
5.7668180466 4.4842300415 -0.9365369678
5.9020690918 4.4567508698 -0.8708014488
5.6634306908 4.4700794220 -0.8410794735
6.3485012054 5.6689262390 -0.8267433643
6.0041046143 4.5557227135 -0.8136658072
5.9539394379 4.4439802170 -0.8032064438
5.9176430702 4.3914833069 -0.7831829190
6.9390420914 4.7206821442 -0.7775745988
5.9473223686 4.4717497826 -0.7447461486
6.4087810516 4.6551065445 -0.6555270553
6.6298007965 4.6303944588 -0.6340836883
6.7471323013 4.8332304955 -0.6229061484
6.6541800499 4.7800841331 -0.6152815819
6.5612292290 4.7269430161 -0.6076572537
6.0551567078 4.5254979134 -0.5954213142
6.2415475845 4.6350836754 -0.5821700692
5.9338350296 4.5201644897 -0.5588770509
5.8460283279 4.4588413239 -0.5509739518
5.6880331039 4.3738741875 -0.5431907177
6.5884270668 4.6536145210 -0.5350393057
6.1507482529 4.5787920952 -0.5182942748
5.8615841866 4.4542632103 -0.4117469192
5.7667469978 4.3925189972 -0.3577861488
6.3443837166 5.5589785576 -0.3525206447
6.2604584694 4.5176811218 -0.2565390766
6.4913215637 4.5809893608 -0.2040538490
5.9294362068 4.3660984039 -0.2039551437
6.3313660622 5.7536306381 -0.1842724383
6.4045982361 4.5193614960 -0.1588758081
5.6467676163 4.4057898521 -0.1547757238
6.1606707573 4.4910249710 -0.1535134465
7.3317084312 4.5040273666 -0.1437091529
6.2423448563 4.4959602356 -0.1415293217
6.3173427582 4.4575500488 -0.1327890307
6.4905314445 4.5564551353 -0.1323357075
6.4020171165 4.4956564903 -0.1304807365
6.6129364967 4.5388503075 -0.1270246804
5.7388720512 4.4612860680 -0.1262494326
5.6652603149 4.3756084442 -0.1210329756
6.1810612679 4.4076752663 -0.1185335889
6.5810012817 4.6433386803 -0.1134139150
5.9959197044 4.5211796761 -0.1109508425
6.6063613892 4.6992783546 -0.1058048606
6.0405054092 4.4745664597 -0.1043270901
6.3017482758 4.4261469841 -0.0998137072
6.1416606903 4.4658818245 -0.0972511172
6.4288430214 4.5883240700 -0.0813573077
6.5152168274 4.6434159279 -0.0760183930
5.7584366798 4.4311199188 -0.0684639588
6.3330965042 4.5555853844 -0.0670112744
6.4806590080 4.5459861755 -0.0523914136
5.8206224442 4.4508872032 -0.0517764241
6.3553323746 4.5373878479 -0.0510094091
5.6488318443 4.4057760239 -0.0429985411
5.6822080612 4.4802675247 -0.0416455977
7.2455282211 2.0131731033 -0.0360064134
5.6323995590 4.4194536209 -0.0349058099
5.7295880318 4.3946657181 -0.0236519538
6.4231076241 4.6149148941 -0.0164000764
5.8900294304 4.4248852730 -0.0108076530
6.6068801880 4.5527982712 -0.0026091519
6.0998301506 4.5646762848 0.0003724957
5.9597516060 4.4717731476 0.0016278209
5.6630964279 4.4694914818 0.0026587241
6.3745427132 4.6919450760 0.0048725535
6.5232453346 4.6418147087 0.0064153499
5.8214921951 4.4500627518 0.0083722519
6.3940944672 4.6311964989 0.0086621372
5.9041996002 4.4697918892 0.0125022242
5.7251167297 4.4747829437 0.0193325151
5.5896444321 4.4277143478 0.0193737354
6.3412427902 4.6151332855 0.0242290478
6.5857133865 4.5540432930 0.0305915494
5.7024898529 4.3844890594 0.0309660416
5.8665342331 4.4191789627 0.0320946239
6.3029608727 4.5746197701 0.0364561118
6.3974914551 4.6307954788 0.0422624275
5.6745119095 4.4291229248 0.0450707972
6.7197842598 4.5468740463 0.0454051755
6.1901836395 4.5206165314 0.0479065478
5.7728714943 4.4210376740 0.0484441705
5.9847178459 4.4967398643 0.0486478694
6.6670832634 4.6515755653 0.0487210974
5.8705754280 4.4868988991 0.0528687648
6.5893368721 4.5647153854 0.0541509576
5.7780947685 4.4055933952 0.0542803779
6.2338967323 4.5602569580 0.0553613268
5.7914390564 4.2685317993 0.0563256852
5.7885203362 4.4776244164 0.0587684773
6.4922742844 4.5014247894 0.0603965744
6.5184583664 4.6521201134 0.0610573441
6.4254589081 4.5984969139 0.0612967685
6.3010416031 4.5912394524 0.0619436391
6.2083511353 4.5370798111 0.0621808246
5.7415490150 4.4130249023 0.0623148419
5.8085827827 4.3758082390 0.0653283224
6.0385313034 4.5369639397 0.0655382276
5.6476058960 4.5235829353 0.0670996308
5.6855463982 4.4600567818 0.0686431229
6.5121955872 4.5988674164 0.0701318532
6.4908361435 4.6840181351 0.0719160885
5.7681331635 4.4820003510 0.0740591586
6.3262553215 4.6150221825 0.0836927295
6.3823223114 4.6081018448 0.0855219141
6.4737386703 4.6644129753 0.0858765990
6.4059481621 4.5606088638 0.0887895226
5.9313092232 4.3903908730 0.0890841931
6.4962854385 4.6186671257 0.0894868821
6.4200181961 4.5437397957 0.0909587964
6.0741500854 4.5429682732 0.0912175998
5.9665665627 4.5146541595 0.0912309512
6.6043963432 4.6537866592 0.0916545913
5.8968157768 4.4344735146 0.0960795581
6.3611059189 4.5263066292 0.0986093432
5.6183152199 4.4318146706 0.1030579135
6.4185490608 4.6697750092 0.1054639593
6.2117376328 4.5177011490 0.1106682569
6.1695413589 4.5377788544 0.1121409461
6.6795029640 4.6064624786 0.1122244522
6.2908706665 4.5516028404 0.1124033704
6.0189294815 4.4520120621 0.1140596941
5.7768592834 4.4353117943 0.1148934811
5.6399507523 4.4488430023 0.1156507432
5.9814538956 4.8979501724 0.1160830408
6.1555376053 4.5488071442 0.1186003014
5.6061329842 4.4207129478 0.1206026971
6.4413437843 4.7583417892 0.1218743622
5.5828218460 4.4461512566 0.1225517243
5.9765453339 4.4517412186 0.1227778569
6.0680794716 4.5078353882 0.1234640107
5.6533169746 4.3912539482 0.1252377331
6.0864729881 4.4464139938 0.1300435662
6.2772564888 4.5559854507 0.1404494941
6.6168727875 4.6946492195 0.1490832120
5.9520831108 4.5241703987 0.1526301056
6.3044438362 4.5771851540 0.1536913663
6.0804529190 4.5165309906 0.1636979729
5.7562727928 4.4355740547 0.1664109528
5.7211456299 4.4175963402 0.1686971784
6.3398909569 4.5301971436 0.1711254418
5.9857468605 4.4810209274 0.1742056161
5.5976252556 4.4106321335 0.1862132847
6.5858306885 4.6754374504 0.1977922171
6.4300994873 4.5875749588 0.1993855685
6.7726135254 4.6584677696 0.2032380402
6.2241597176 4.4428586960 0.2152593583
5.9026985168 4.4020090103 0.2152778059
6.0229454041 4.5476651192 0.2261141837
5.8575077057 4.4477782249 0.2383341044
6.7522583008 4.6813173294 0.2409244031
5.7306871414 4.4467372894 0.2685803771
5.8798751831 4.3775143623 0.2739559412
5.7277793884 4.4494910240 0.2886915207
5.5931582451 4.4608049393 0.2983110547
5.9307169914 4.4891753197 0.3037878573
6.8017554283 4.7994747162 0.3048643768
6.2161130905 4.5731992722 0.4064533412
5.6404814720 4.4037857056 0.8097392917
6.0755028725 4.4460439682 0.8138499260
6.7848334312 4.7513608932 1.0439032316
6.4456930161 4.8955116272 1.1168795824
6.5537919998 4.7449541092 1.1459600925
6.5745110512 4.7413821220 1.1870117188
6.4564142227 4.6868329048 1.1920002699
6.4784083366 4.6876921654 1.2066936493
6.1220684052 4.5058722496 1.3454042673
6.3738465309 4.6863989830 1.4439178705
5.6314859390 4.4900641441 1.4575467110
7.0200281143 4.6232585907 1.5777146816
7.0802640915 4.5521383286 1.6935372353
6.1281013489 5.4855613708 1.7365639210
6.1123991013 4.5932641029 1.7868908644
6.6882767677 4.7604899406 1.7991614342
6.0756835938 4.5480403900 1.8227741718
6.3614487648 4.7597517967 1.8478776217
6.2980961800 4.6555957794 1.8599387407
5.8164405823 4.6045770645 1.8773918152
6.9576478004 4.7766857147 1.8812100887
5.9674310684 4.5255246162 1.8821343184
5.5749077797 4.4598264694 1.8916866779
5.7350740433 4.4387683868 1.9104884863
5.9175701141 4.5441441536 1.9514453411
6.3259263039 4.8843069077 2.0048775673
5.7644600868 4.5856819153 2.0947999954
5.7764739990 4.5035734177 2.1896173954
6.5987429619 4.6751437187 2.3466143608
5.6465625763 4.7593808174 2.3705639839
5.7840142250 4.5781602859 2.5262062550
6.6939401627 6.0897541046 -0.4370467961
6.3618731499 7.7068920135 -0.4340125918
7.0027880669 5.6175184250 -0.3159773648
7.3079018593 6.2307820320 -0.2412555814
5.8300356865 6.4862236977 -0.2210889310
6.0678329468 6.5443000793 -0.2008895427
6.6972179413 5.7736401558 -0.1905785948
6.4086308479 7.6782159805 -0.1875967830
6.7505755424 5.6103491783 -0.1577464491
6.3914704323 6.0441675186 -0.1509802938
7.3423461914 5.6482577324 -0.1180880219
6.3063073158 5.9799661636 -0.1169549674
7.5474948883 6.0612354279 -0.0945487916
6.9859623909 6.0608386993 -0.0655903295
7.4679651260 6.7345957756 -0.0541859083
7.4425787926 6.5977687836 -0.0166346803
7.3278727531 7.0095710754 -0.0146668516
8.3910655975 5.7137980461 -0.0092031294
6.1091570854 7.8343710899 0.0000724934
7.0460090637 6.7626147270 0.0125054000
6.9467835426 6.6874408722 0.0276297759
6.8605613708 6.6238784790 0.0643292814
6.8963909149 6.6961584091 0.0969995782
7.3274626732 6.7665891647 0.1745526046
6.5846381187 5.6595392227 0.1851773560
7.4831662178 5.7028679848 0.3575214744
7.1732749939 5.3465585709 0.8956811428
7.2836971283 5.0979886055 1.0257109404
7.4124708176 5.9256181717 1.3219769001
5.7543883324 6.4748468399 1.5388634205
6.7304153442 6.0775737762 1.5636410713
6.8057341576 5.4573130608 1.8117722273
6.5680837631 6.0194978714 1.9577739239
7.0037798882 5.6246471405 2.0120620728
7.3608489037 6.6293778419 2.0681817532
7.3819766045 4.5884051323 2.1008157730
8.3744525909 5.5832328796 2.1789224148
7.6544208527 6.1564526558 2.2239058018
7.0500497818 5.5338931084 2.5167148113
7.2662839890 6.2801151276 2.7626161575
7.1403002739 5.7982902527 2.8000152111
6.7821784019 6.0820374489 2.8650059700
7.0516085625 7.3698773384 -0.3453997672
7.3445949554 7.9421572685 -0.3112909198
7.7250146866 7.4403748512 -0.2935084999
7.6345806122 7.2194910049 -0.2903006673
7.9121298790 6.9788117409 -0.2880441546
7.9706993103 6.9157767296 -0.2269739807
7.8840460777 6.8524560928 -0.2242338508
8.2120714188 7.2086482048 -0.1997023821
7.8971376419 7.5733504295 -0.1934229583
7.7374696732 6.8614807129 -0.1931838840
7.8125438690 7.5073037148 -0.1909657270
7.3177070618 7.7236032486 -0.1378700286
7.8886656761 6.8775658607 -0.1279205382
8.0949306488 6.6724677086 -0.1188078225
7.9834642410 7.6396994591 -0.1175105944
8.1215610504 6.9807004929 -0.1163010299
7.9755215645 6.9416065216 -0.0932088643
7.9627642632 6.6691761017 -0.0417845361
8.0966968536 6.2526164055 -0.0284328405
8.1862297058 6.3122820854 0.0062404806
7.8587589264 6.7339992523 0.0422325432
8.6029767990 6.5888319016 0.0907673985
7.7644619942 6.8083925247 1.1813524961
7.8142509460 7.0094089508 2.0881881714
7.3259277344 7.4655799866 2.1466832161
8.0615100861 6.4735822678 2.6108307838
15.0556297302 -11.4392662048 -1.9605712891
9.8383054733 -9.5916690826 -1.7769829035
9.7620391846 -9.5173139572 -1.7632079124
15.0626535416 -11.2589626312 -1.7447100878
14.9935121536 -11.3796854019 -1.7315335274
9.9594621658 -9.5582876205 -1.7081724405
9.8779487610 -9.4895811081 -1.6953586340
9.7964363098 -9.4208679199 -1.6825450659
9.8462686539 -9.5107316971 -1.6378169060
14.2826108932 -12.0838346481 -1.6254580021
14.8324766159 -11.5731229782 -1.6137081385
14.6077470779 -11.6895799637 -1.5948990583
9.8909978867 -9.4701023102 -1.5857431889
13.3985481262 -1.1457200050 -1.5139745474
13.5563840866 -1.0744670630 -1.5091317892
13.1976871490 -1.7465115786 -1.4558126926
13.4482917786 -1.1451963186 -1.4528032541
13.1556015015 -2.2620902061 -1.4296029806
13.7596006393 -1.9004404545 -1.4139285088
13.2097625732 -2.3936464787 -1.4017504454
13.6428203583 -1.9649832249 -1.4008200169
13.4322767258 -0.9080840349 -1.3929339647
13.3746480942 -1.1965018511 -1.3927197456
13.8028316498 -1.9164727926 -1.3905732632
13.6969232559 -1.9021159410 -1.3800202608
13.2612571716 -1.2648637295 -1.3796812296
13.2139701843 -2.2114417553 -1.3695734739
13.1997575760 -1.8078614473 -1.3649837971
13.1085147858 -2.1942195892 -1.3587718010
11.5007047653 -8.7287359238 -1.3281649351
13.3025321960 -2.5407648087 -1.3238672018
14.7368602753 -9.9951009750 -1.3166527748
13.7822895050 -1.8489485979 -1.3057190180
13.6761388779 -1.8361272812 -1.2960346937
11.4568939209 -8.4443893433 -1.2899248600
13.3248500824 -1.0313181877 -1.2772119045
13.5755548477 -0.8962045908 -1.2708650827
10.1209011078 8.6685142517 -1.2708549500
13.6691532135 -0.8559113741 -1.2662167549
13.4688243866 -0.8894487023 -1.2610214949
13.6622123718 -0.8578416705 -1.2417558432
13.6862926483 -0.9021269679 -1.2370555401
15.8106594086 -10.2154226303 -1.2367233038
13.8188877106 -1.7705366611 -1.2336622477
13.5964126587 -0.7029573321 -1.2293977737
13.5160932541 -1.9474940300 -1.2256950140
13.7631521225 -1.7689684629 -1.2167074680
13.3660106659 -0.8818787336 -1.2085165977
13.5456752777 -1.1319969893 -1.2042220831
13.5096006393 -1.0716714859 -1.1949325800
11.5109882355 -8.5554332733 -1.1916167736
13.5540781021 -0.9323864579 -1.1865383387
13.8731575012 -1.7817240953 -1.1823765039
13.7416601181 -0.8990799785 -1.1768455505
13.6186475754 -2.4096310139 -1.1615548134
13.2721920013 -0.7157966495 -1.1605546474
13.6371364594 -1.8059332371 -1.1605297327
13.5308513641 -1.7935185432 -1.1518270969
13.4885911942 -1.6706906557 -1.1449340582
13.3998832703 -1.1461054087 -1.1393076181
15.1628580093 -11.5465173721 -1.1290012598
13.1418962479 -1.8798509836 -1.1115185022
13.8211040497 -1.6188802719 -1.1073244810
13.8122777939 -1.1831566095 -1.1057081223
14.7315053940 -11.8853921890 -1.1055041552
11.3521404266 -8.6377010345 -1.0986390114
13.4860630035 -1.2175693512 -1.0971124172
11.5376434326 -8.3679447174 -1.0910248756
13.0949058533 -2.1699829102 -1.0864000320
11.4496068954 -8.3069858551 -1.0828853846
13.7621555328 -1.7296792269 -1.0782983303
14.1023893356 -12.5559225082 -1.0522757769
10.5846433640 -9.5360307693 -1.0333886147
11.5276298523 -8.2848711014 -1.0110125542
13.2205123901 -2.1046948433 -1.0106022358
13.4760637283 -2.5346336365 -0.9786887169
15.0841913223 -8.6772556305 -0.9712571502
13.3894624710 -1.2061587572 -0.9565240741
13.5739469528 -2.1694164276 -0.9494147301
13.2082681656 -1.8491569757 -0.9313801527
11.5369777679 -8.4648923874 -0.9192679524
13.8442592621 -0.9571327567 -0.9141976833
14.1135034561 -1.5826722383 -0.8728668094
11.4691963196 -8.4299240112 -0.8627850413
11.6326417923 -8.5248899460 -0.8327174187
11.4739389420 -8.6088933945 -0.8166969419
11.3843164444 -8.3688964844 -0.8109144568
13.6556911469 -1.8171492815 -0.7940945029
10.1069469452 -10.2137002945 -0.7657260299
15.7086191177 6.4053263664 -0.4060652554
15.3389329910 6.9909582138 -0.4049755633
15.8384237289 -5.2903347015 -0.4024965167
14.9312639236 -2.0087058544 -0.3832935691
15.4012660980 -3.9134519100 -0.3786235750
15.2904205322 -3.6749107838 -0.3693517447
15.1379680634 6.6543817520 -0.3457649350
14.6967287064 -1.9713400602 -0.3324127495
15.6221828461 -4.4625349045 -0.3082590699
15.8099517822 6.4470090866 -0.3030325174
14.7201795578 -2.0509064198 -0.2992229164
14.5075759888 -1.3404598236 -0.2546325028
15.4567756653 -3.9722700119 -0.2544853985
15.9101171494 6.4880385399 -0.2518002391
15.4078359604 -3.5148365498 -0.2353622168
14.9780941010 -2.3899090290 -0.1401542425
15.5407314301 -3.4229044914 -0.0829846710
10.0539169312 -9.5289516449 -0.0797063857
15.1291713715 -2.4468483925 -0.0337546840
10.4961643219 8.6449146271 -0.0236114208
10.4087505341 8.5831441879 0.0243999120
15.3457422256 -10.7157163620 0.0509029143
14.6109571457 -1.1880452633 0.1056703478
10.2083902359 8.5756816864 0.2165841907
14.6751661301 -3.8599500656 0.7481667399
14.9567213058 -2.7012825012 1.7231744528
15.0557689667 -2.9917466640 1.8862977028
14.9536314011 -2.7875449657 1.9871200323
15.1516304016 -3.4250473976 1.9886418581
15.4517898560 -4.7257151604 2.0060932636
14.9224929810 -3.2753932476 2.2010328770
15.4105644226 -4.0977969170 2.2251107693
15.1163377762 -3.9275288582 2.5161461830
15.7025852203 -5.1632390022 2.5299718380
15.4180259705 -4.2103471756 2.6339576244
15.3876495361 -4.6363310814 2.7992522717
15.2846899033 -4.1701169014 2.8293075562
15.4241962433 -4.4517168999 2.9560205936
15.4914798737 -5.0206246376 3.0972130299
15.3726634979 -4.9824614525 3.1884715557
21.9896278381 0.5588482022 -4.6945700645
21.8601398468 1.1227375269 -4.0627212524
22.0930480957 0.8088339567 -3.7169382572
21.2118549347 0.8052368164 -1.9802854061
21.2632179260 0.6718979478 -1.9662240744
21.1047573090 0.9858292937 -1.9011293650
21.0045471191 0.7974195480 -1.8882975578
21.1415672302 0.8881314993 -1.7924588919
21.1339073181 0.7974440455 -1.7297986746
21.0269908905 0.7930521369 -1.7213636637
21.0598087311 0.7964707613 -1.7194349766
22.0862255096 1.1917880774 -1.7161382437
20.9956550598 0.9728624225 -1.6776887178
20.8888187408 0.9671746492 -1.6695612669
18.5970973969 13.3889923096 -1.6687967777
20.9817161560 0.6401780844 -1.6634420156
21.0996990204 0.8540782332 -1.5717447996
21.0466613770 1.0184671879 -1.5512585640
21.2384624481 0.7261078954 -1.5469633341
22.1139526367 1.2595906258 -1.5285435915
21.0920219421 0.6672646403 -1.5277271271
22.0565319061 1.2156860828 -1.5204879045
21.1349124908 0.7235952616 -1.4895157814
21.1677303314 0.7315495014 -1.4886008501
21.1585540771 1.0261111259 -1.4845973253
22.1682052612 1.2233256102 -1.4544768333
22.1875152588 1.0920394659 -1.4505606890
22.0710792542 1.2676879168 -1.4472218752
21.2833957672 0.6127036214 -1.4273163080
21.2702884674 1.0337625742 -1.4172592163
21.0651035309 0.7293488383 -1.4154883623
21.2246093750 0.8390011787 -1.4128289223
22.2004642487 0.5467172861 -1.3897252083
21.1233482361 0.9085643291 -1.3791680336
21.0365810394 0.7229331136 -1.3501284122
21.1173629761 0.9752441049 -1.3342220783
21.0104331970 0.9694370627 -1.3276671171
22.0297813416 1.0757743120 -1.2979809046
21.1639537811 0.9536824226 -1.1889548302
21.0569877625 0.9477889538 -1.1830613613
20.9986972809 0.9828329086 -1.1802726984
20.8917407990 0.9768459797 -1.1743777990
22.6928615570 -0.4104684591 -1.1583459377
21.9140338898 0.8544397950 -1.1455404758
21.1160259247 0.8024842143 -1.1070574522
20.9539470673 0.9435698986 -1.1022216082
21.2482948303 0.7314519882 -1.0969460011
21.1363277435 0.8524436951 -1.0939413309
22.3173656464 1.1067991257 -1.0360805988
22.1960659027 1.0664989948 -1.0296974182
21.9554004669 1.0322870016 -1.0180358887
22.5410461426 1.8022309542 -1.0023581982
21.9272842407 0.9853135943 -0.9601070881
21.9421977997 1.0792698860 -0.8904253244
22.1102027893 0.8934025168 -0.8858175278
21.8232345581 0.9818199277 -0.8817305565
22.0489845276 1.1158519983 -0.8174159527
21.8565826416 1.0314198732 -0.8114140630
21.8404331207 1.0769830942 -0.7406792045
18.5525360107 13.3535966873 -0.6827083826
21.9900569916 1.2282011509 -0.6779506803
22.9771022797 -0.2159482688 -0.6610127091
21.8220195770 0.7658420801 -0.6122255325
21.9083728790 1.0452622175 -0.5878487229
21.9821777344 1.1969919205 -0.5734879971
21.9261493683 0.8994155526 -0.5491327047
21.8937072754 1.0900708437 -0.5271512270
21.9510612488 1.1164070368 -0.5146157742
21.8705348969 1.0513404608 -0.5095379353
21.8863754272 0.8837990761 -0.4858921766
21.7439212799 0.9416639209 -0.4807027578
21.8080425262 0.9525172114 -0.4683844745
21.9891376495 1.0162777901 -0.4397615194
22.0215206146 1.2071216106 -0.4369354844
21.8514728546 0.9732317924 -0.4347262979
21.9863414764 0.8715134263 -0.4334555268
21.7801113129 0.8805235028 -0.4329605997
21.8895854950 1.0330703259 -0.4248805046
21.8789348602 1.1935249567 -0.4150305390
21.8364219666 1.0065662861 -0.4090026617
22.4864082336 0.8818427324 -0.3943460584
22.0050430298 1.2366397381 -0.3661708236
21.9606990814 0.9534135461 -0.3657820225
22.8771743774 -0.2097064257 -0.3626826406
21.9159584045 0.9653081298 -0.3292649090
18.6178264618 13.4056081772 -0.3141086996
22.0890026093 1.0667638779 -0.3077448905
21.8543949127 0.9501706362 -0.2959041893
21.9496593475 0.8992101550 -0.2606993914
18.4785480499 13.3102245331 -0.2425544411
21.8083362579 1.0470957756 -0.2330953777
22.0637664795 1.0891436338 -0.2326575965
22.6583137512 0.8151310682 -0.2246457785
21.9832477570 1.1697013378 -0.1495087147
21.9095821381 1.0426250696 -0.1290505528
22.0078582764 1.2113124132 -0.0862403885
16.7040176392 16.0523872375 -0.0680430010
22.0836830139 1.3087509871 -0.0127296913
21.9152240753 0.9062159061 -0.0107261362
22.1026477814 1.1461650133 0.0140802804
22.0016937256 1.0074428320 0.0168790612
22.1992931366 1.0799242258 0.0690009072
21.9143199921 1.0989043713 0.0696499944
22.1462135315 0.6697190404 0.0788555443
22.4604282379 0.8607780933 0.1067967042
22.0143966675 1.2368425131 0.1376609802
15.9933443069 16.5421810150 0.1436671317
21.8940887451 1.0053161383 0.1591635942
22.8605899811 0.4379774630 0.1597636044
22.0528144836 0.8868920207 0.1659280807
17.9408779144 15.5009193420 0.1685682982
21.9518814087 1.1969079971 0.2056476772
21.8512687683 1.0592497587 0.2074940801
21.7497882843 0.9227917194 0.2093535364
18.4818668365 13.7103834152 0.2376095951
22.0855369568 0.4495563507 0.2931104898
21.9351787567 1.0735728741 0.3384303749
22.1516246796 1.0868939161 0.3731975257
17.5917739868 15.7436466217 0.3927533627
22.1919059753 1.0720521212 0.4036049545
22.0413112640 1.0801315308 0.4105803668
22.3110694885 0.9033277035 0.4338946939
22.2648010254 0.9024865627 0.4552060366
22.8539733887 -0.0083401790 0.4753652215
21.7879009247 0.8669705987 0.4840045869
22.1282939911 1.0777460337 0.4941835105
22.1854190826 0.6346307993 0.5056980848
22.4937629700 0.9943131804 0.5185343623
22.0230617523 1.0722143650 0.5394577980
22.6905879974 0.5548518300 0.5414314270
22.0821590424 1.0694605112 0.5502783656
22.1456508636 1.0880187750 0.5544437170
22.2517585754 0.8056654930 0.5959184766
22.4307155609 1.1111226082 0.6041843295
22.5034160614 1.6008751392 0.6395825148
18.9704341888 13.2943029404 0.6639245152
22.5377006531 -0.4335144758 0.6826470494
22.0420398712 1.1626738310 0.7057578564
22.2528171539 0.9642780423 0.7736276388
22.1532707214 1.0307220221 0.7859632969
22.0141277313 1.0777239799 0.7912408113
22.3125000000 1.2467573881 0.8801081181
22.6044120789 1.6130646467 0.8816575408
22.2506980896 1.4524177313 0.8855797648
18.3137264252 13.9357128143 0.9544003606
22.7381515503 0.5163469315 1.0479096174
22.3997898102 0.9206269979 1.1034011841
22.4318637848 0.6874415874 1.1605850458
22.2491531372 0.9040696025 1.2231128216
22.8965225220 -0.0352300033 1.2550964355
22.3472404480 1.0502759218 1.3005821705
21.9709854126 1.0720089674 1.3480465412
18.6398239136 13.8042764664 1.4234560728
22.4076347351 0.6519042850 1.5605200529
22.2987461090 0.5129911900 1.6302738190
22.3573093414 0.6442590356 1.8778505325
22.0951347351 1.2609742880 1.8806416988
22.2289390564 0.7833580375 2.0905160904
22.9132995605 0.7274250984 2.6601569653
34.4120521545 14.6535663605 -1.2907255888
26.5276832581 13.1015186310 -1.2147474289
34.5153312683 14.6955423355 -1.1700481176
26.9060173035 12.4993438721 -1.1323102713
34.6213150024 14.7390718460 -0.9238507152
37.1282882690 5.2367410660 -0.8883780241
36.8414916992 5.5775079727 -0.6964259744
30.2384071350 4.8462219238 -0.6653807163
30.3176574707 4.4588732719 -0.6582493186
29.7195167542 3.3609261513 -0.6402065754
29.5228805542 3.4015038013 -0.6321815848
29.3733196259 3.3915886879 -0.6277607083
29.7311248779 3.2083854675 -0.6098846793
29.6243705750 3.1970546246 -0.6076228619
29.6309986115 3.4151639938 -0.5590015650
29.8356475830 2.9787254333 -0.5239827633
30.1359004974 4.8329195976 -0.4803316593
29.6917724609 3.2187325954 -0.3413620591
27.1556797028 11.9296083450 -0.3341768384
29.5830535889 3.4250705242 -0.2500550151
37.0017433167 5.3577136993 -0.2240148485
29.4756660461 3.3568062782 -0.1531804949
29.6904869080 3.4391775131 -0.1497121602
29.5871486664 3.2107667923 -0.1358612031
29.4615821838 3.3896896839 -0.0365618318
29.6434230804 3.2409329414 0.0697720945
30.1765193939 1.3480319977 0.1173009723
29.5171508789 3.4202399254 0.1687355936
26.7902545929 12.4924802780 0.3373886645
29.7735290527 3.0031175613 0.3561780155
37.3404235840 5.1568870544 0.4398175180
26.6898689270 12.4496536255 0.5360067487
37.1786918640 5.2622361183 0.7943235040
37.3120117188 5.0627560616 0.9168264866
29.4867649078 5.1395869255 0.9193333983
26.8395404816 12.6383361816 0.9232310057
29.9373741150 3.3275909424 1.0780829191
29.8237247467 3.3185629845 1.2726086378
29.7523899078 3.5231919289 1.2989121675
29.9812335968 3.1977930069 1.3793791533
37.2992630005 5.2420101166 1.5049978495
29.8819675446 2.9485740662 1.5396003723
29.6470623016 3.5731384754 1.5465151072
29.9088821411 2.9366965294 1.6060950756
29.8293018341 3.2591402531 1.6643959284
29.8680763245 3.3588161469 1.7823302746
29.9802513123 2.7952547073 2.2246479988
29.8679275513 3.0875971317 2.3100070953
29.4619960785 3.5290200710 2.3197357655
29.7784976959 3.0374722481 3.1704454422
29.8206539154 3.2327790260 3.3610541821
29.3122882843 3.5770866871 4.1451015472
28.6908168793 8.6977005005 4.5403280258
29.4081134796 6.2241263390 4.8110404015
28.9944229126 3.5755200386 4.9586825371
29.6889247894 4.6071486473 5.4268879890
30.0732784271 5.2872648239 5.4739608765
29.7721920013 4.8629779816 5.4746303558
30.1398429871 3.5113487244 5.4876065254
29.3195438385 3.1453948021 5.5118765831
37.2826576233 5.0107078552 5.5123972893
36.2715034485 10.1229553223 5.6151690483
28.7226276398 8.3913564682 5.6301164627
37.1663970947 3.8870072365 5.6311559677
36.0935325623 10.9625320435 5.6454844475
28.9741439819 7.3583970070 5.7710876465
28.8034992218 8.4149293900 5.7740926743
29.4736309052 3.3166949749 5.8319411278
28.8365364075 8.1614208221 5.8324265480
29.1862411499 7.1183776855 5.8654069901
36.2588615417 10.4326477051 5.8701524734
29.5331039429 4.8004474640 5.8743085861
29.7851104736 4.7492456436 5.8881602287
28.4417972565 8.9927024841 5.9055233002
29.0968036652 3.7570419312 5.9097471237
29.2171535492 2.5924143791 5.9298338890
28.7567157745 8.2467737198 5.9489312172
29.3823318481 4.9630637169 5.9512615204
28.7862243652 8.3386039734 6.0021643639
29.3078613281 2.9143943787 6.0127263069
29.6619949341 4.7830252647 6.0137686729
29.1609573364 3.9442558289 6.0222473145
28.6403541565 8.3309974670 6.0308828354
29.7663478851 4.7993407249 6.0328335762
29.7505741119 4.8268733025 6.0348691940
29.5885581970 4.5819220543 6.0475869179
29.9376068115 4.8275823593 6.0486035347
28.6620121002 8.3056869507 6.1074514389
28.6744003296 8.3447999954 6.1374630928
34.7122955322 14.6014881134 6.1759538651
29.8034744263 4.5821938515 6.1827101707
34.6519622803 14.4019174576 6.1830663681
29.6424617767 4.7368388176 6.1910381317
28.5536193848 8.3679761887 6.2028517723
29.8941326141 4.7052607536 6.2052030563
29.7466945648 4.7530016899 6.2108402252
28.7726459503 8.1300878525 6.2179341316
29.8509254456 4.7691659927 6.2306427956
36.7511634827 8.4063749313 6.2470021248
29.6068096161 4.7278780937 6.2647757530
28.5366897583 8.1971950531 6.2648797035
28.9383926392 8.2561321259 6.2704997063
36.5191879272 5.4334707260 6.3067831993
37.0496292114 5.1542320251 6.3327808380
36.4563331604 9.6710186005 6.3484587669
35.9820938110 11.2466773987 6.3573627472
35.9800453186 11.0005502701 6.3705368042
28.6996059418 8.4864845276 6.4016070366
29.6669025421 4.6802101135 6.4134860039
29.7370147705 4.6855716705 6.4607572556
36.5897293091 4.9343948364 6.4644541740
29.1022338867 2.9034135342 6.4878172874
36.9355583191 4.9710631371 6.5195040703
34.5891990662 14.7446460724 6.5692601204
28.9400691986 7.9816489220 6.5737791061
36.6419448853 5.3510994911 6.5877113342
29.6804828644 4.8651828766 6.5882353783
28.6215801239 8.2091178894 6.6102457047
29.6821174622 4.6245517731 6.6362681389
29.4241867065 4.7058010101 6.6378374100
28.6674709320 8.2560405731 6.6594848633
36.5142135620 9.2487297058 6.6773977280
36.6305084229 5.1568164825 6.6799359322
28.5758094788 8.4986057281 6.6866040230
29.5215396881 4.6564822197 6.6867156029
29.5816574097 4.6112589836 6.7416138649
29.7050628662 4.6910071373 6.7467007637
28.5825309753 8.2209796906 6.7912349701
28.2634124756 9.6074666977 6.8033189774
28.4173431396 8.4311265945 6.8058066368
28.5179233551 8.4604606628 6.8293509483
36.0568847656 10.8235130310 6.8333878517
28.5025997162 8.1411218643 6.8370494843
36.1029586792 10.8742389679 6.8527979851
28.4559440613 8.1869716644 6.8876328468
36.0061073303 10.7444839478 6.8996911049
35.1408004761 12.9230155945 6.9319090843
29.5111064911 4.6038250923 6.9372153282
29.5010223389 4.6089587212 6.9471521378
28.5056972504 8.1617469788 6.9581012726
35.5404815674 12.6228361130 6.9727253914
28.6065177917 8.1899795532 6.9819779396
29.5301914215 4.7382845879 6.9998459816
36.1868019104 10.6191806793 7.0740971565
35.4746475220 12.7364368439 7.1445765495
36.7842941284 5.3737068176 7.1471543312
36.6498336792 8.2891969681 7.1639528275
29.5196895599 5.0655283928 7.2287898064
28.3962860107 8.5103368759 7.2300901413
28.7669658661 7.3518476486 7.2722525597
28.4262752533 8.2070398331 7.2750511169
28.3233566284 8.3084058762 7.3014111519
36.0324707031 10.4862747192 7.3069505692
29.0385627747 6.0424795151 7.3227906227
28.7956542969 3.3605937958 7.3699946404
35.4115028381 12.6848373413 7.4303197861
28.6463966370 3.3469395638 7.5399451256
28.4769496918 3.5101537704 7.7053127289
28.3439426422 7.9595313072 7.7092061043
28.4449882507 7.9862751961 7.7334256172
28.7958469391 3.4918916225 7.7866120338
28.6685237885 3.4784677029 7.8569636345
28.3921203613 3.3855061531 7.9335007668
36.3511772156 5.4320831299 7.9923901558
29.3616809845 4.7178163528 8.0482454300
29.2343254089 4.6992683411 8.1150846481
28.0871982574 3.3675072193 9.1986436844
32.2275772095 -16.4613094330 -0.4384398460
27.1092433929 -7.2512359619 -0.4370005429
32.1876411438 -16.4160003662 -0.4337984025
34.9983634949 -5.0102629662 -0.4248758554
28.6392154694 -6.6166048050 -0.4213657677
32.4500885010 -16.3114662170 -0.4212186337
32.5531883240 -16.5337905884 -0.4210168421
28.5358943939 -6.6955766678 -0.4175267220
30.1565151215 -6.3653831482 -0.4163689315
27.9943675995 -6.9685797691 -0.4153375030
24.9734611511 -9.8291025162 -0.4118216038
26.0549983978 -8.6468687057 -0.4102238119
27.7290973663 -15.8004903793 -0.4098533392
27.6344909668 -16.3429069519 -0.4047255516
33.7733116150 -15.6570978165 -0.4021273553
33.6756668091 -15.6123924255 -0.4009256959
28.0207805634 -6.8953328133 -0.4001007378
24.7383174896 -7.9369206429 -0.3818133175
24.6356163025 -7.9056491852 -0.3800877631
27.1913604736 -7.2040534019 -0.3737669885
35.1437606812 -5.4530200958 -0.3712123632
27.4891376495 -17.4011421204 -0.3591290116
28.5161018372 -6.7880783081 -0.3581659496
32.9182548523 -16.0179462433 -0.3532025814
33.5795745850 -15.7015628815 -0.3497184217
27.7875347137 -7.0026369095 -0.3486950099
28.7054100037 -15.3699941635 -0.3466712236
27.8914852142 -6.9411149025 -0.3462772965
32.4953994751 -16.4316501617 -0.3429158926
32.4241065979 -16.1958808899 -0.3403651118
28.0031986237 -7.0763921738 -0.3398953974
25.2615318298 -9.8516521454 -0.3343580365
32.5159339905 -16.2450656891 -0.3322258890
36.1994552612 -4.7593832016 -0.3287473917
27.9182014465 -6.9686985016 -0.3270974457
36.2904968262 -4.5862913132 -0.3261966705
27.8137683868 -6.9438338280 -0.3257346451
36.1839256287 -4.5732650757 -0.3251423240
25.8211479187 -11.3491687775 -0.3246406615
30.0531539917 -6.3405761719 -0.3199726641
36.0857620239 -4.3554201126 -0.3184868991
24.6753921509 -8.0330524445 -0.3111037910
27.1897411346 -7.3544850349 -0.3110493124
26.0524063110 -11.7851657867 -0.3098495305
27.4129772186 -15.6677627563 -0.3044920266
32.5512657166 -16.3519763947 -0.3023011684
24.7973556519 -7.9821124077 -0.3022870719
24.8462104797 -7.8773126602 -0.3016459942
24.6947498322 -7.9504823685 -0.3009062409
32.4839439392 -16.4025211334 -0.2981404364
24.8250617981 -7.8856878281 -0.2979263067
24.8626804352 -8.1185417175 -0.2919474542
33.7023735046 -15.5229835510 -0.2854791582
33.6045532227 -15.4786815643 -0.2845932245
35.5056877136 -6.5696711540 -0.2785388827
35.4000434875 -6.5503821373 -0.2776636779
33.5801315308 -15.5300340652 -0.2746280432
35.4599609375 -6.6594719887 -0.2710046172
33.5421409607 -15.3930644989 -0.2707551420
25.0498466492 -7.9937868118 -0.2650229335
27.1809120178 -7.0803370476 -0.2601296902
24.7789745331 -8.0639848709 -0.2512027323
27.7340717316 -7.1296792030 -0.2480699569
27.9006080627 -7.0480384827 -0.2479336262
24.8363914490 -8.0082359314 -0.2465488017
28.1512737274 -6.9846315384 -0.2417344600
35.2410545349 -5.5591926575 -0.2363312095
24.7235412598 -7.8531107903 -0.2335283160
35.3583831787 -5.8919878006 -0.2308601290
27.3068218231 -7.0436844826 -0.2274266481
32.5331611633 -16.5094604492 -0.2237208635
27.1455841064 -7.2344970703 -0.2190907001
27.4396839142 -15.6902608871 -0.2085307837
32.2903404236 -16.4557399750 -0.2035813332
34.9897537231 -4.8837747574 -0.2020551562
25.3422527313 -9.7978754044 -0.2019661516
33.8021583557 -15.5644683838 -0.1989921927
35.0674705505 -5.2927632332 -0.1966086030
33.8121681213 -15.5914001465 -0.1960287243
33.7143249512 -15.5471773148 -0.1953893155
33.6164627075 -15.5029459000 -0.1947491616
32.2820854187 -16.6913242340 -0.1928856373
25.3997688293 -10.5974950790 -0.1757297963
27.1976871490 -16.5238285065 -0.1747876853
24.8026294708 -7.9502630234 -0.1698275506
28.8046665192 -6.8052830696 -0.1650884002
28.6999664307 -6.7814702988 -0.1643553078
28.5952701569 -6.7576522827 -0.1636225581
25.7451782227 -11.4904718399 -0.1604982167
25.7851657867 -7.5414185524 -0.1569998264
27.7977409363 -7.0196366310 -0.1566336900
24.7462806702 -7.8420968056 -0.1538499594
27.9761676788 -7.0290441513 -0.1470593512
27.8717994690 -7.0038189888 -0.1463722736
25.6098232269 -8.7714138031 -0.1441869438
32.3638343811 -16.4547920227 -0.1425217092
27.4406852722 -17.4642009735 -0.1404877305
32.3351058960 -16.3795089722 -0.1400438249
36.7630233765 -4.2950282097 -0.1385845840
32.4389572144 -16.4588394165 -0.1373590678
27.3707466125 -15.7344264984 -0.1329549551
26.4969005585 -7.5904502869 -0.1270356178
27.0917186737 -7.1706399918 -0.1248042583
25.8351345062 -7.6354827881 -0.1239770651
29.5830249786 -13.8749914169 -0.1210809872
35.3020439148 -5.5818004608 -0.1206032559
35.1361885071 -5.5410709381 -0.1178008318
27.4754524231 -16.0156803131 -0.1109154969
27.2181949615 -15.8606462479 -0.0949206650
28.8248329163 -6.7447776794 -0.0920511559
28.7201862335 -6.7206392288 -0.0916600153
25.8026180267 -7.2423396111 -0.0857363492
28.5624427795 -6.9195022583 -0.0839706734
24.8362312317 -8.2374429703 -0.0829446614
28.7294979095 -6.8287162781 -0.0820641294
28.6248989105 -6.8043904305 -0.0816792473
35.1430511475 -5.5109310150 -0.0800890550
24.8488197327 -8.0743560791 -0.0766177773
33.5865631104 -15.7077207565 -0.0662267283
27.0959491730 -16.6412944794 -0.0645252615
27.9421634674 -16.7466773987 -0.0644975230
27.8452606201 -15.5531549454 -0.0507152490
25.2118511200 -9.7947254181 -0.0448704883
27.0180587769 -16.7856636047 -0.0423640907
25.3647842407 -9.2951459885 -0.0278463047
27.3846569061 -15.6467418671 -0.0221270006
32.8518714905 -16.4230728149 -0.0203874893
27.3251743317 -15.6089124680 -0.0202598795
27.1256237030 -15.8068208694 -0.0181786865
27.0190048218 -15.7561817169 -0.0144555075
24.9681987762 -9.0574178696 -0.0115886535
27.1579895020 -15.8236904144 -0.0107963262
25.0127124786 -9.2474384308 -0.0059477184
24.8231639862 -8.1933641434 -0.0050432715
24.7378139496 -7.9684724808 0.0015415584
27.6749172211 -16.3463115692 0.0026694336
27.2226352692 -16.4635791779 0.0059603434
27.1558303833 -16.7247104645 0.0062365276
24.7474460602 -8.0395240784 0.0064871600
25.9301872253 -9.1376762390 0.0266601834
28.0079326630 -7.0783061981 0.0284007639
27.9036560059 -7.0526518822 0.0284094866
27.7993812561 -7.0269985199 0.0284181442
27.2367248535 -7.0600199699 0.0338706560
35.2169189453 -5.7300195694 0.0371796675
33.6862831116 -15.7481822968 0.0506431237
25.3593673706 -9.7719316483 0.0664502755
27.2706794739 -15.8923110962 0.0725316554
35.4250450134 -6.8596158028 0.0794497505
27.0615406036 -15.8052139282 0.0801031366
27.1556644440 -15.8568544388 0.0801275223
27.2497901917 -15.9084968567 0.0801517665
27.2321605682 -15.5556354523 0.0826891363
27.0333995819 -15.7520046234 0.0833710358
32.3470993042 -16.4030876160 0.0908069387
25.0582523346 -9.7315626144 0.0983357951
32.3995552063 -16.6630744934 0.1046051160
35.1675643921 -5.5785584450 0.1124002263
27.1113185883 -17.6001892090 0.1140552834
27.3279953003 -7.1233572960 0.1201809645
27.8809585571 -6.9011163712 0.1216566786
27.9853935242 -6.9260907173 0.1219580323
35.2911796570 -5.6209797859 0.1256803721
36.1726226807 -4.5328640938 0.1322650462
36.2792015076 -4.5458335876 0.1325381845
26.9391021729 -15.7763671875 0.1476710290
35.1016120911 -5.5908169746 0.1509962678
25.0990619659 -8.5356464386 0.1548377424
33.6151237488 -15.3902902603 0.1557046175
25.9376983643 -7.6190166473 0.1671530306
25.0381278992 -9.4845380783 0.1784117669
29.7053737640 -13.1359920502 0.1802755296
29.3299999237 -13.7007217407 0.1943842918
28.8891372681 -6.6277694702 0.1950725764
28.5221729279 -6.7824101448 0.2006390095
28.6267910004 -6.8066329956 0.2012479305
28.6031932831 -6.6519012451 0.2037449479
28.8127155304 -6.6990060806 0.2049205601
32.4356155396 -16.3550968170 0.2073976845
27.7768154144 -6.8732314110 0.2123193592
27.7466602325 -17.1622028351 0.2217571437
27.8394660950 -17.2161750793 0.2222247571
24.9698619843 -8.6950302124 0.2256544083
35.1437149048 -5.6117196083 0.2266784757
27.4104824066 -16.5782756805 0.2276829928
27.1031188965 -15.9878129959 0.2422618568
25.7121524811 -10.8454713821 0.2436538041
35.1852035522 -5.6027045250 0.2438828647
27.1619720459 -15.8793077469 0.2448616326
25.3384590149 -9.7193279266 0.2448740900
27.0335865021 -15.8263778687 0.2456975132
24.8456993103 -8.1641864777 0.2481810749
27.3847236633 -7.2763590813 0.2835888565
25.3151512146 -9.8213291168 0.2921671867
28.7314167023 -6.8278350830 0.2951446176
28.7079620361 -6.6724457741 0.2979529500
25.6903820038 -7.7404627800 0.2984422147
25.2853813171 -9.8123569489 0.3270656168
29.5186805725 -13.6115283966 0.3292375803
27.4091720581 -16.3038768768 0.3576341867
27.5017032623 -16.3583831787 0.3587906957
27.5676631927 -17.1534767151 0.3614822626
27.3479022980 -17.2655143738 0.3662550747
26.9223728180 -15.7419843674 0.3840054870
27.3415012360 -7.0745205879 0.3910879791
27.3430843353 -17.4341640472 0.4062013030
24.9438800812 -8.8014516830 0.4173925221
26.9204349518 -15.8706474304 0.4337431490
27.0129451752 -15.9251852036 0.4352336824
27.2803306580 -7.2435603142 0.4359039068
27.3836593628 -7.1888184547 0.4472214580
27.2429389954 -16.6563968658 0.4518702030
27.4452762604 -7.0983991623 0.4596476853
27.6878376007 -16.4631519318 0.4613199234
27.2227287292 -16.6186141968 0.4633736610
27.3299465179 -17.5844306946 0.4724357128
25.0399761200 -8.7464466095 0.4729543924
24.9645309448 -8.9081373215 0.4856553674
27.0175094604 -15.7894306183 0.4859115481
27.5415210724 -16.2802619934 0.4863848984
27.6349868774 -16.3330841064 0.4877944887
24.9160633087 -8.6232347488 0.4911359549
27.5211029053 -16.3069915771 0.4923854172
27.3348236084 -17.2487392426 0.4945543408
35.4039726257 -6.6438078880 0.5074547529
27.3987007141 -17.4879970551 0.5103714466
28.0450496674 -16.9095363617 0.5177544951
27.3214225769 -15.8203191757 0.5256118178
27.3961181641 -7.1494665146 0.5283920765
29.6172866821 -13.6478900909 0.5333867073
25.4194431305 -9.7420930862 0.5406642556
32.3423728943 -16.2942066193 0.5494089723
27.4598636627 -7.1636543274 0.5561450124
25.3004417419 -9.7604856491 0.5579313636
27.5961036682 -16.4042663574 0.5597115159
27.3152122498 -16.6701641083 0.5638156533
27.2320518494 -16.5969848633 0.5659808517
27.3238697052 -16.6526679993 0.5678602457
27.4156894684 -16.7083549500 0.5697394609
25.7266559601 -11.0730791092 0.5788647532
27.5509033203 -17.1063060760 0.5819788575
27.4394149780 -16.6858043671 0.5826316476
27.6421298981 -17.1629486084 0.5839060545
25.4328727722 -9.7508077621 0.6137899756
27.2598190308 -7.1201825142 0.6158483028
24.9506340027 -8.3340682983 0.6191961169
27.0228614807 -15.8984050751 0.6333805323
27.1155281067 -15.9526548386 0.6355221868
26.8218231201 -15.5460233688 0.6399195194
27.4800891876 -16.4654521942 0.6530873775
27.4240722656 -15.6218185425 0.6606546044
27.4074420929 -16.7215251923 0.6649157405
25.8249206543 -11.1115255356 0.6683238745
27.1836948395 -15.8157320023 0.6758056283
27.4602642059 -17.0450229645 0.6799220443
27.5594711304 -16.0235347748 0.6839386821
27.5603046417 -17.0842151642 0.6865519881
27.6516914368 -17.1405868530 0.6887981296
25.2655296326 -9.5704259872 0.6960195303
24.8477706909 -8.2967033386 0.6976397634
26.9819679260 -16.0532455444 0.7004666328
35.1397552490 -5.5810275078 0.7010223269
27.6602706909 -17.2210273743 0.7210915089
24.9439411163 -8.8528652191 0.7396502495
25.1281452179 -9.0184469223 0.7478701472
25.1580085754 -9.2501068115 0.7583274841
27.1098575592 -15.7326879501 0.7670096159
25.1369018555 -9.2958307266 0.7670175433
27.2037353516 -15.7847433090 0.7693803310
25.2377929688 -9.3325300217 0.7699786425
27.0899581909 -15.7591934204 0.7739783525
25.3166084290 -9.6935596466 0.7945145369
26.9818706512 -7.4263472557 0.7969613671
26.9304695129 -15.8360853195 0.8007794619
24.9425544739 -8.5688199997 0.8085418940
25.3279094696 -9.8877468109 0.8184521794
24.9441223145 -8.7984571457 0.8205694556
27.7930335999 -16.0776729584 0.8243144751
25.5852947235 -10.7849054337 0.8399204612
27.3694305420 -16.9799098969 0.8518391252
25.3187904358 -9.8263750076 0.8543766737
25.3294773102 -9.7016639709 0.8652814031
27.2427520752 -16.6643161774 0.8735978007
27.4125404358 -16.5208625793 0.8742223382
25.2878780365 -9.7981529236 0.8763458729
24.9051494598 -8.3374958038 0.8800632954
27.4490680695 -17.2697010040 0.8889900446
27.7833652496 -16.6974182129 0.8899539113
25.3038959503 -9.6456575394 0.8934617639
27.1400222778 -15.7004327774 0.9034696221
27.2332763672 -15.7536163330 0.9064745307
25.0242080688 -8.9752445221 0.9108349681
27.0471496582 -15.8613357544 0.9172755480
27.5735378265 -16.2348861694 0.9319351315
25.6800136566 -11.1127014160 0.9368342757
25.0238590240 -8.3307409286 0.9410796762
27.3145046234 -16.3876781464 0.9530965090
25.3866806030 -9.8324642181 0.9649607539
27.3194522858 -16.4620285034 0.9727019668
27.5082969666 -17.3700828552 0.9901223779
27.5402812958 -17.3209114075 0.9936602116
27.6901245117 -17.0842304230 0.9938084483
27.4671001434 -17.3668231964 1.0040513277
27.7403984070 -16.9688987732 1.0071988106
27.3260326385 -15.8018102646 1.0080026388
25.1119251251 -8.8204288483 1.0173051357
27.1397075653 -15.9098510742 1.0188196898
27.1952342987 -15.7392559052 1.0189590454
27.3529510498 -16.3895092010 1.0388668776
27.0118217468 -16.7274169922 1.0425487757
27.3844127655 -16.3387699127 1.0427261591
27.4167652130 -17.3080215454 1.0881108046
27.5990314484 -17.4214458466 1.0951318741
27.8847637177 -16.1155719757 1.1285268068
27.2598075867 -16.3296451569 1.1346341372
24.9781227112 -8.7200670242 1.1376472712
25.0800380707 -8.7535619736 1.1418190002
27.3183288574 -15.8969745636 1.1426825523
25.0821151733 -9.2280139923 1.1440730095
27.0579833984 -15.8115186691 1.1458812952
27.4763088226 -16.3877029419 1.1462830305
24.8211860657 -8.5022764206 1.1500380039
24.9229259491 -8.5363578796 1.1545619965
27.4059543610 -16.4314022064 1.1571614742
27.1490020752 -16.5940761566 1.1723788977
28.0276622772 -16.2593021393 1.1857734919
27.4126758575 -15.8412981033 1.1879806519
24.9440021515 -8.4808530807 1.2111130953
24.8971824646 -8.6430139542 1.2115936279
25.2530708313 -9.0545463562 1.2908620834
26.9740238190 -15.8836250305 1.3214732409
27.0586757660 -15.8186435699 1.3236044645
24.9438705444 -8.8187026978 1.3255468607
27.1519775391 -15.8716201782 1.3279300928
27.4895553589 -16.3541297913 1.3601783514
27.3893985748 -16.2780532837 1.7324965000
27.2953796387 -16.4883174896 1.7331418991
27.2699470520 -16.2198123932 2.1083188057
27.1919517517 -16.2494297028 2.3217604160
32.6050109863 -4.2912921906 5.3656358719
32.5063591003 -4.5355234146 5.3754649162
32.6944770813 -4.2985863686 5.4907898903
32.5255889893 -4.3126335144 5.8461484909
32.4030265808 -4.2954888344 5.9381437302
32.3206138611 -4.2768559456 6.2033834457
45.8316116333 7.9937696457 -1.0094932318
45.7258110046 7.9755449295 -1.0071235895
45.6200180054 7.9573197365 -1.0047540665
45.8799362183 7.9602823257 -1.0024700165
45.6683044434 7.9241423607 -0.9977357984
37.6215362549 10.2775344849 -0.8937019110
46.2180786133 6.2113957405 -0.8384858370
46.2683982849 6.1677932739 -0.6827390790
38.2528686523 5.5699796677 -0.5820524096
38.3831329346 6.5259566307 -0.5775018334
45.8514709473 8.0429000854 -0.5688539743
48.6140899658 1.7164011002 -0.4903428257
45.7469520569 8.0268669128 -0.4213535190
46.2505722046 6.1664729118 -0.3950710893
38.9563865662 1.4001449347 -0.3858770728
38.1257591248 5.4007802010 -0.3091686368
38.8821029663 1.1916230917 -0.2303613722
45.6423797607 8.0128660202 -0.1287119538
37.5111885071 5.4755139351 0.2321287245
37.7820281982 5.0997428894 0.3651740551
39.1131744385 11.8924427032 4.5720143318
40.6547508240 6.4532384872 4.7723488808
37.8999443054 10.9526844025 4.7954893112
37.0586166382 10.6345481873 4.7967748642
40.2698211670 8.0020856857 4.8401451111
37.3771095276 10.7652263641 4.9244742393
38.2749443054 11.2357177734 4.9436593056
38.6744003296 9.6842012405 4.9529685974
37.3436431885 10.4453859329 4.9690856934
37.2595596313 10.7336359024 5.0366845131
38.1045875549 10.9622926712 5.0459389687
35.9356956482 12.4796543121 5.0890960693
38.9829063416 11.7194719315 5.1171789169
39.6494979858 6.0696649551 5.1271057129
37.7858543396 11.0868129730 5.1514477730
37.9207687378 11.1638450623 5.1616816521
38.3682365417 11.3713884354 5.1826438904
38.4158744812 11.0877609253 5.2057271004
38.0173873901 11.1150074005 5.2307939529
35.8670463562 14.1702756882 5.2726998329
38.0541000366 11.4481248856 5.2788743973
37.0918159485 10.3812198639 5.3192977905
37.8539962769 11.2812042236 5.3283429146
37.1945991516 10.4089393616 5.3330526352
37.8992309570 11.0815477371 5.3388733864
38.3314018250 11.2553167343 5.3438487053
37.9786643982 10.8963403702 5.3490190506
37.9279212952 11.2434892654 5.3733749390
37.8058166504 11.0651874542 5.3905425072
36.0714302063 12.3899564743 5.3975930214
38.0767440796 10.9928035736 5.4114799500
38.3433265686 11.2537612915 5.4146246910
37.8662490845 11.1651010513 5.4381985664
38.2813529968 11.0514707565 5.4402704239
37.9995956421 11.1521177292 5.4895062447
37.3004417419 10.5338420868 5.4967184067
37.9302215576 10.9242658615 5.5098285675
37.4654121399 10.3308343887 5.5127143860
37.3313217163 10.4073095322 5.5171475410
38.0327339172 10.9528551102 5.5239038467
38.9610557556 11.8745994568 5.5291404724
40.0736770630 8.1654729843 5.5348238945
37.7198333740 5.6988673210 5.5759220123
37.9410934448 10.9561662674 5.6431832314
39.7051849365 6.3716697693 5.6877994537
37.2398986816 10.3614511490 5.7083473206
37.8078765869 5.7138528824 5.7165417671
35.7805023193 12.9902677536 5.7343788147
38.0188255310 11.0653009415 5.7349171638
37.2940101624 10.4559106827 5.7444834709
37.3170776367 10.7254285812 5.7781872749
37.8462142944 5.6560435295 5.7815780640
36.8528289795 8.6067867279 5.8050413132
39.1444091797 6.6939482689 5.8248710632
37.6367340088 5.7270717621 5.8295249939
37.7073135376 5.4848294258 5.8347730637
36.8916244507 8.1638650894 5.8505420685
37.6464042664 5.4974145889 5.8570580482
37.9259719849 11.0914373398 5.9277534485
35.6368713379 12.8370561600 5.9428358078
38.9806213379 11.4442787170 5.9632673264
35.6461143494 12.9454927444 5.9703044891
37.8489112854 11.1187372208 5.9931297302
35.6643295288 12.8514623642 6.0128550529
36.3492660522 10.8472509384 6.0257587433
36.1433563232 10.9803962708 6.0263204575
36.4489288330 10.6890554428 6.0614748001
36.9206504822 8.6250677109 6.0686426163
37.2130508423 10.4635171890 6.0780148506
35.6191749573 13.1056852341 6.0811038017
37.2277946472 10.5991582870 6.0920634270
36.1704673767 10.9214439392 6.0942554474
37.7392959595 11.1895141602 6.0998311043
39.0648880005 11.4694042206 6.1095709801
35.5450630188 12.8855142593 6.1109280586
37.0706939697 10.7572259903 6.1199932098
39.1671257019 11.4984102249 6.1246299744
35.6451911926 12.9205942154 6.1272544861
36.3251991272 10.4534759521 6.1288995743
37.7621994019 5.8038997650 6.1342844963
36.2291717529 10.8141880035 6.1359138489
36.1188163757 11.0386934280 6.1359930038
35.4862251282 13.2277355194 6.1493611336
35.5118942261 13.1894588470 6.1603827477
35.5860900879 13.2635965347 6.1656818390
35.6116409302 13.2255458832 6.1770305634
37.6875228882 5.4678654671 6.1837620735
36.8785552979 8.5242958069 6.1893944740
38.1401901245 11.3147859573 6.2054772377
38.9386138916 12.1369762421 6.2105913162
37.0724487305 8.3454933167 6.2124619484
37.6995697021 5.5789813995 6.2167692184
37.6787986755 5.8308653831 6.2401237488
37.8230819702 11.2145948410 6.2437176704
37.7697105408 5.5040931702 6.2644782066
38.0050544739 7.4956889153 6.2720823288
37.9122924805 10.9987249374 6.2820863724
37.6226348877 5.7185311317 6.2877531052
38.0654373169 4.0258531570 6.3064627647
37.7332992554 5.5971879959 6.3067178726
37.7693862915 11.0515108109 6.3080644608
37.2895469666 10.4374141693 6.3158359528
37.9013938904 10.9863891602 6.3419380188
37.1029815674 10.8219547272 6.3479270935
36.2018966675 10.7966890335 6.3525567055
39.6208686829 9.9942207336 6.3606848717
37.6764411926 5.5095014572 6.3624529839
35.3760032654 13.1941747665 6.3640885353
39.9656219482 8.4414434433 6.3791108131
37.7813835144 5.5245242119 6.3793268204
37.6391105652 5.5875658989 6.3946862221
38.5403213501 11.1582345963 6.3970465660
35.6801528931 12.9765872955 6.3989930153
37.0860633850 10.6972808838 6.4191236496
35.5107078552 13.1257200241 6.4253659248
37.4111328125 6.3443508148 6.4327812195
37.7426376343 11.4464015961 6.4397854805
37.4384956360 5.7074389458 6.4421410561
37.5792121887 5.5432171822 6.4427318573
37.8187332153 11.0210638046 6.4579930305
36.8790740967 8.4040374756 6.4668855667
39.4984626770 9.9660348892 6.4807071686
36.5397872925 9.6936635971 6.4881892204
36.0646018982 11.2724781036 6.4973917007
35.4571990967 13.2238454819 6.5044174194
37.7240486145 5.6018705368 6.5331516266
37.6291694641 11.0148744583 6.5548644066
36.9967956543 10.8395738602 6.5875940323
38.9172019958 11.5425567627 6.5911393166
37.7454185486 5.5914478302 6.6002464294
36.9761238098 10.4141311646 6.6086101532
37.1053428650 10.4016685486 6.6431579590
37.5249328613 5.7972459793 6.6485037804
37.6284446716 5.4851450920 6.6577315331
37.6268768311 5.7435455322 6.6776490211
37.1356582642 7.2989692688 6.6808876991
37.4336700439 9.7886123657 6.6907305717
37.5766525269 5.3662252426 6.7090482712
36.9428939819 10.7811374664 6.7193098068
36.9298477173 10.6564569473 6.7382473946
37.5853385925 5.4857511520 6.7454919815
37.4659194946 5.6875481606 6.7855892181
37.7004318237 6.9162826538 6.7862062454
37.6092910767 5.8120007515 6.7922716141
36.3253593445 10.3237352371 6.8095655441
37.5037269592 6.0461859703 6.8364934921
37.6237525940 5.5557460785 6.8418083191
36.8757286072 8.5364274979 6.8464250565
36.7344169617 8.8567104340 6.8910303116
35.7183837891 12.5090436935 6.8981876373
37.8453445435 3.9472074509 7.0161757469
37.4856681824 5.4266457558 7.0217046738
37.9710350037 11.3175802231 7.0401730537
37.6557350159 5.8244886398 7.1590194702
37.5683898926 5.4403719902 7.1607027054
37.5567283630 6.5462870598 7.6288685799
48.4352149963 -0.8387626410 -1.4540185928
48.9592971802 -0.2888212800 -1.3232775927
48.8053131104 -0.3042142093 -1.3159587383
48.2270202637 -0.1951679289 -1.3159550428
48.3438606262 -1.1891075373 -1.2898916006
48.5667572021 -1.4291187525 -1.2497795820
49.3514633179 -1.3203557730 -1.1636605263
47.4752464294 -1.6908774376 -1.1065005064
45.7532844543 -1.6314878464 -1.0657631159
48.4647407532 -0.9000390768 -0.9945588112
48.4822349548 -1.6728080511 -0.9824418426
48.2232971191 -1.8411707878 -0.9681257010
49.5466613770 -1.8626594543 -0.9438050985
46.6176185608 -1.6578572989 -0.9395988584
46.8286628723 -1.7897169590 -0.9395297170
48.6127777100 -1.1238402128 -0.9383523464
48.6593437195 -0.8491984606 -0.8956955075
47.1527519226 -1.7990478277 -0.8348243833
47.0454597473 -1.7950956821 -0.8328735828
46.9381752014 -1.7911429405 -0.8309227824
43.2297325134 -2.4398195744 -0.7559763193
43.4189567566 -2.3992025852 -0.7428331971
43.3281135559 -2.4716784954 -0.7314718962
48.5517005920 -1.7183519602 -0.6423995495
45.0672111511 -1.6259148121 -0.6385610700
43.3393173218 -2.4426076412 -0.6224169135
47.6782531738 -1.9902325869 -0.6221888065
43.4315986633 -2.7018783092 -0.6177553535
43.4128494263 -2.5391685963 -0.6173147559
43.3056411743 -2.5330164433 -0.6157483459
42.8664245605 -2.5326316357 -0.5949527621
44.1256599426 -3.0912599564 -0.5890871882
44.1304893494 -2.6397230625 -0.4858397841
44.2180862427 -3.1405923367 -0.4788258970
43.3311576843 -2.6909859180 -0.4704976082
43.3583908081 -3.0804677010 -0.4691880643
43.7286109924 -2.5780816078 -0.4689717591
39.2430839539 -3.6065697670 -0.4012424648
39.3601188660 -3.5099539757 -0.3877187967
39.2531585693 -3.5008101463 -0.3865613639
39.3163299561 -3.3844845295 -0.3849937916
39.6818962097 -6.6926283836 -0.3791823089
39.1810569763 -3.6873216629 -0.3757104576
39.2660980225 -3.5865271091 -0.3747937679
39.5293617249 -6.4941782951 -0.3734602332
43.2717666626 -2.5860977173 -0.3400634825
44.5904083252 -2.6233823299 -0.3376551569
43.4398956299 -2.6941907406 -0.3349224031
43.2255287170 -2.6812343597 -0.3331354260
42.4114837646 -2.5357863903 -0.3328511715
38.4274864197 -5.4792194366 -0.3197025657
39.8724517822 -6.4652156830 -0.3077244759
39.3135375977 -3.6203062534 -0.2651920617
39.6375961304 -6.5057086945 -0.2403251529
39.3826789856 -6.7238469124 -0.2309666574
49.8164367676 -3.7695229053 -0.2079666108
43.4554672241 -2.7606561184 -0.1930860877
40.0307731628 -6.1590399742 -0.1884950101
38.5121994019 -3.6724934578 -0.1526277661
39.7453918457 -6.5171618462 -0.1065205783
39.9393920898 -6.9228696823 -0.0587639548
43.3490066528 -2.7507112026 -0.0557218939
43.3826980591 -2.5287964344 -0.0531394593
43.2754783630 -2.5227949619 -0.0528986193
48.9578742981 -3.7024271488 -0.0491909459
39.7295074463 -6.6795630455 -0.0421161056
49.4924621582 -0.8116047978 -0.0287672058
39.2865600586 -3.5214142799 -0.0252024550
39.1795883179 -3.5120670795 -0.0250462424
38.6440505981 -3.8616044521 -0.0065657916
38.6926383972 -3.7522163391 -0.0021907738
39.6014862061 -6.4234685898 0.0245705750
39.7852973938 -6.8849492073 0.0573761351
39.8911628723 -6.9029765129 0.0574602783
39.9970283508 -6.9210028648 0.0575445183
38.6185493469 -3.8789992332 0.0889861956
46.7320632935 -1.7592631578 0.2026678920
38.5831718445 -3.7590808868 0.2191945910
39.2994117737 -3.5823612213 0.2292235047
48.2399024963 -3.6720023155 0.2506308854
49.0992393494 -3.7359313965 0.2544265687
45.9759521484 -1.6305211782 0.3084973991
46.8240013123 -1.9414750338 0.3182227612
49.4188270569 -1.7183135748 0.3197471201
39.8345222473 -6.8938217163 0.3239683211
38.6667900085 -3.9924423695 0.3475817740
43.2407264709 -2.7313938141 0.4562808871
39.8096466064 -7.3562841415 0.4573079944
38.5879058838 -3.9642949104 0.5516989827
38.5892181396 -3.6612815857 0.6789777875
38.6539001465 -3.5133054256 0.6855964661
47.3395080566 -1.7004959583 0.7665356398
48.0939445496 -3.6168465614 0.8257095814
42.8635177612 -2.6001510620 4.4745664597
42.8072547913 -3.0649838448 4.5922107697
43.7493324280 -1.6425871849 4.6426439285
41.8882255554 -3.0971179008 4.6449079514
42.5935363770 -2.8443882465 4.6542768478
42.6061782837 -2.8236870766 4.7225346565
42.7289276123 -2.5853474140 4.7282233238
42.9466705322 -1.9111483097 4.7530064583
42.5443534851 -2.7417047024 4.7565011978
42.5692863464 -2.7122592926 4.8370680809
42.6757926941 -2.7190153599 4.8491144180
42.7651863098 -2.9722549915 4.8673429489
42.6399269104 -2.7452886105 4.8680438995
42.5412139893 -2.8952596188 4.9185962677
42.6234550476 -2.6635427475 5.0034737587
42.0331153870 -2.7766141891 5.0218372345
42.7963638306 -2.8523132801 5.1801156998
42.5945701599 -3.2377171516 5.1819872856
42.5823097229 -2.6426813602 5.1883821487
42.5677146912 -2.8338942528 5.2878718376
42.6740837097 -2.8408803940 5.3009142876
43.4508666992 -2.7043101788 5.3436355591
42.8520889282 -2.5736050606 5.5158176422
42.5215377808 -2.5849392414 5.5677881241
39.6660804749 -0.7080695033 5.5831141472
38.8913421631 -6.3311057091 5.5983796120
39.4085083008 -7.8201541901 5.6033325195
42.4596061707 -2.9108481407 5.6328473091
42.5658607483 -2.9178853035 5.6465516090
42.6721305847 -2.9249203205 5.6602559090
42.6078796387 -3.0770316124 5.7634315491
41.8722915649 -2.7292783260 5.7944731712
39.7256278992 -6.2555336952 5.8691339493
38.6999855042 -6.6898832321 5.8725018501
42.5021591187 -2.8168566227 5.8770852089
40.0348777771 -2.5933508873 5.9817810059
39.5430641174 -6.8211951256 5.9898190498
39.3285560608 -6.0542049408 5.9929585457
42.3779983521 -2.8054373264 5.9963016510
40.4299392700 -6.7050328255 6.0997223854
39.5512428284 -1.1109473705 6.2127623558
39.6668930054 -6.4294562340 6.2381558418
39.6383171082 -6.5548944473 6.2481980324
42.3537063599 -2.8645946980 6.2841997147
39.7420463562 -0.7042926550 6.2905483246
42.4597587585 -2.8715529442 6.2995476723
42.5471992493 -3.1273012161 6.3211965561
42.6532058716 -3.1348679066 6.3365602493
39.5489692688 -6.2144722939 6.3738203049
39.1734085083 -8.1925926208 6.4342317581
39.4107322693 -0.9326609969 6.8423748016
38.9610671997 -7.3039169312 6.8533110619
39.0950393677 -7.1966714859 7.0955452919
