5.1419930458 1.7021123171 -1.2268985510
4.2388515472 1.5640877485 -1.2183349133
5.5036172867 0.2084539235 -1.2101993561
5.3374752998 1.0382610559 -1.2034894228
5.2301182747 1.1011480093 -1.1980198622
5.1240801811 1.0978742838 -1.1951154470
4.7309575081 2.3986485004 -1.1884375811
4.1535158157 1.6379635334 -1.1884051561
4.8470625877 1.8788208961 -1.1786934137
4.7412438393 1.6594383717 -1.1713383198
4.1252799034 3.1764392853 -1.1665825844
4.6586365700 1.8005192280 -1.1526104212
4.4665584564 1.9099740982 -1.1488971710
4.4012231827 1.8501939774 -1.1465520859
4.8068208694 1.1294234991 -1.1459598541
4.8759255409 0.6465495229 -1.1385023594
4.3533987999 1.9083629847 -1.1275795698
4.2983512878 2.0023543835 -1.1271454096
4.9300527573 1.5317363739 -1.1247715950
4.4807057381 0.7502688766 -1.1228590012
4.6009716988 0.8613513112 -1.1174398661
4.6505541801 1.0265555382 -1.1173114777
4.8864326477 0.4268284440 -1.1169867516
3.9727888107 3.0021376610 -1.1157900095
4.6653828621 1.4475668669 -1.1130949259
5.1465153694 0.0093060033 -1.1011949778
4.9949989319 0.4702160954 -1.1011650562
5.2493114471 1.4042745829 -1.0995862484
4.4261527061 1.1447908878 -1.0992499590
4.5577168465 1.0096852779 -1.0966629982
4.4160366058 1.7893223763 -1.0964467525
4.5850996971 1.3502447605 -1.0902651548
4.5927624702 0.7198497057 -1.0899248123
4.3142066002 1.7540938854 -1.0871454477
4.9262547493 1.7094775438 -1.0836316347
4.2839398384 0.9218747020 -1.0823247433
4.8230509758 1.0490106344 -1.0821822882
3.3863177299 3.4568793774 -1.0821191072
4.7241311073 0.9977544546 -1.0724148750
4.9097342491 0.9210474491 -1.0439090729
4.6080346107 0.8985532522 -1.0362170935
4.5912389755 0.0732194856 -1.0012022257
5.3485608101 0.7172211409 -0.9653332829
6.2618341446 2.2760829926 -1.2767031193
6.2334747314 0.4575217962 -1.2708129883
6.5983896255 0.6538521647 -1.2629623413
3.9632816315 4.2244653702 -1.2533627748
5.5453705788 3.6712801456 -1.2458086014
3.6623036861 5.6829533577 -1.2401485443
4.4630088806 3.8172447681 -1.2262781858
4.5232486725 3.5614411831 -1.2046469450
6.1405515671 0.3969584703 -1.1969888210
5.2566041946 2.2656714916 -1.1944450140
5.4058136940 3.2274866104 -1.1901211739
5.3707604408 2.0284543037 -1.1898951530
3.8145954609 4.5070323944 -1.1856708527
5.6849794388 1.8617659807 -1.1775095463
5.6027460098 1.4570032358 -1.1743221283
5.2808399200 3.2295551300 -1.1716438532
3.7210595608 5.9188637733 -1.1688427925
3.5732834339 4.8923382759 -1.1679533720
6.0307617188 0.5243451595 -1.1572560072
4.6236476898 3.5811879635 -1.1466585398
5.5265817642 1.0445221663 -1.1456704140
3.7344222069 5.7885375023 -1.1319448948
3.6466021538 4.9870409966 -1.1111106873
5.5975308418 1.0678296089 -1.0783110857
5.8123283386 -2.9459786415 -1.4479027987
5.3023848534 -1.8250002861 -1.3368805647
5.5670013428 -2.0469069481 -1.3331624269
5.0997304916 -2.7596235275 -1.3295226097
5.6884479523 -0.0469239652 -1.3221392632
6.2655558586 -0.8329781294 -1.2546305656
6.2969465256 -0.7343119979 -1.2504069805
5.7637429237 -2.0445175171 -1.2501916885
5.4537119865 -2.0589320660 -1.2471021414
5.8686161041 -0.4704503715 -1.2292411327
5.6759200096 -2.0038716793 -1.2196558714
6.5112600327 -0.4909620583 -1.2190682888
5.6861133575 -2.1839668751 -1.2187041044
6.4546012878 -1.1989402771 -1.2158073187
5.6329445839 -2.5912799835 -1.2145898342
6.6635260582 -0.7422369719 -1.2142099142
5.7985239029 -2.2866129875 -1.2136139870
5.8008990288 -2.4083621502 -1.2115925550
5.6311650276 -3.0692789555 -1.2105867863
5.6386675835 -2.9209854603 -1.2076181173
5.4381704330 -2.7766587734 -1.2060034275
5.3302440643 -2.1290326118 -1.2032239437
5.5992455482 -2.1121122837 -1.2015062571
6.2818193436 -1.6931043863 -1.1971356869
5.5486168861 -2.0484545231 -1.1958509684
6.1687183380 -0.8189964294 -1.1952670813
5.4458484650 -2.4558207989 -1.1939135790
5.5421900749 -2.0012218952 -1.1930869818
5.8189463615 -2.2957735062 -1.1926033497
5.2376785278 -2.4279582500 -1.1913188696
6.3238701820 -1.1457740068 -1.1899603605
5.7350339890 -1.9756929874 -1.1872251034
5.6595845222 -1.9796159267 -1.1822853088
5.4667267799 -1.9463398457 -1.1786509752
5.4953198433 -2.1817469597 -1.1774116755
5.6889553070 -1.7710897923 -1.1744587421
5.9276986122 -1.7483636141 -1.1719708443
5.5003194809 -2.1620230675 -1.1710641384
5.5157365799 -1.9774464369 -1.1710028648
5.5028743744 -2.1335361004 -1.1669962406
5.7560172081 -1.4080257416 -1.1647143364
5.8326125145 -1.9439461231 -1.1646883488
5.2786545753 -2.3946983814 -1.1629180908
5.2783904076 -2.1335546970 -1.1626830101
5.5927033424 -2.2056858540 -1.1625769138
6.5645170212 -1.2037231922 -1.1583232880
5.3024468422 -2.2130658627 -1.1570636034
6.0678071976 -0.8050550818 -1.1560908556
5.5098657608 -2.6351196766 -1.1560014486
5.4444780350 -2.5592272282 -1.1550123692
5.4370069504 -2.0576961040 -1.1548109055
5.1635079384 -2.3416016102 -1.1532886028
5.5689601898 -2.9763751030 -1.1515070200
5.4011211395 -2.1259927750 -1.1512050629
5.3328456879 -2.7659757137 -1.1502252817
5.2701001167 -2.6740493774 -1.1493966579
5.6971845627 -2.0488638878 -1.1469151974
5.5357341766 -2.2643163204 -1.1464450359
5.9406003952 -2.3837857246 -1.1447728872
5.7149991989 -1.9642457962 -1.1444048882
5.4120554924 -2.6544992924 -1.1425296068
6.4234938622 -0.3846920431 -1.1422878504
5.3207821846 -3.1990721226 -1.1416126490
5.6244025230 -2.5596916676 -1.1390713453
5.5674037933 -3.6051337719 -1.1376463175
5.5279111862 -2.2474489212 -1.1348854303
5.5615377426 -2.1440601349 -1.1347584724
5.9458909035 -1.9987323284 -1.1330214739
6.1534481049 -1.2522093058 -1.1301056147
5.1112861633 -2.3268766403 -1.1300778389
5.6908016205 -2.3036429882 -1.1289454699
6.3398137093 -3.1196198463 -1.1288948059
5.6157317162 -2.6755864620 -1.1285761595
5.0491113663 -2.5494241714 -1.1283793449
6.2715101242 -1.2181624174 -1.1279412508
5.4061870575 -2.1007988453 -1.1274092197
5.6010866165 -2.3718094826 -1.1269701719
5.2551021576 -2.1387896538 -1.1249002218
5.4153223038 -2.5302639008 -1.1235781908
5.7198395729 -2.7245223522 -1.1226391792
5.4469132423 -2.0274343491 -1.1222798824
5.4948511124 -2.6187965870 -1.1213229895
5.2104911804 -2.2212228775 -1.1210696697
5.0567412376 -3.2206449509 -1.1192483902
5.6759829521 -2.8086786270 -1.1188050508
5.6295928955 -0.0802035183 -1.1178637743
5.2978763580 -2.8568201065 -1.1169291735
6.1481242180 -1.8012857437 -1.1160780191
5.3500318527 -2.5202288628 -1.1156642437
6.3517899513 -0.7430258393 -1.1156283617
5.6681761742 -2.1808001995 -1.1141121387
5.6116209030 -1.2465413809 -1.1132602692
5.2343707085 -2.2773094177 -1.1124169827
5.1127343178 -2.2852115631 -1.1113152504
5.2716054916 -2.8255510330 -1.1105861664
5.2167253494 -2.3670282364 -1.1096491814
5.3057322502 -2.0676205158 -1.1090766191
6.4544987679 -1.0475267172 -1.1089206934
6.4134249687 -1.4310185909 -1.1079181433
5.5569653511 -2.3545012474 -1.1075859070
5.6386642456 -2.6455824375 -1.1075034142
5.5130887032 -2.8473100662 -1.1066395044
5.4838266373 -2.3787095547 -1.1063379049
5.7503108978 -2.4148585796 -1.1044387817
5.6289191246 -2.0029196739 -1.1043826342
4.9015903473 -2.6959192753 -1.1033133268
5.6911816597 -2.2838757038 -1.1000376940
5.4594812393 -1.9912589788 -1.0985670090
4.9610857964 -2.6140956879 -1.0972266197
5.2407298088 -2.1912567616 -1.0968289375
5.2611117363 -2.0622515678 -1.0952053070
5.7822470665 -2.9180331230 -1.0948508978
5.5378179550 -2.6620454788 -1.0920556784
5.6681218147 -3.6636688709 -1.0905019045
5.7812695503 -2.8504486084 -1.0889617205
5.5379781723 -1.9307041168 -1.0873209238
5.8047957420 -1.8060289621 -1.0849564075
5.2727584839 -2.0352680683 -1.0845414400
5.6490077972 -2.3035953045 -1.0845226049
6.3125605583 -1.1138124466 -1.0844312906
5.3386030197 -2.2145743370 -1.0835940838
5.3753623962 -1.9123209715 -1.0813198090
5.6922836304 -2.2383482456 -1.0813180208
5.9155068398 -2.0293290615 -1.0808235407
5.8094506264 -2.2371237278 -1.0793914795
5.5108318329 -2.9635946751 -1.0779590607
5.8224906921 -2.5569300652 -1.0729686022
5.6078262329 -2.0155937672 -1.0704929829
5.4364171028 -1.9005594254 -1.0698608160
5.3861622810 -2.1307926178 -1.0678195953
5.5851435661 -2.0931413174 -1.0657987595
5.8349165916 -2.4040138721 -1.0633690357
6.3158321381 -2.8563861847 -1.0601590872
5.4991102219 -2.9008285999 -1.0580303669
5.3525667191 -2.1183664799 -1.0566662550
5.6210327148 -2.8914036751 -1.0557460785
6.3267025948 -1.3570113182 -1.0551813841
5.4880847931 -2.6666393280 -1.0517224073
6.3996415138 -2.9383854866 -1.0496376753
5.3856196404 -2.6872386932 -1.0466251373
5.8849883080 -3.8271801472 -1.0406719446
5.5538048744 -2.8753242493 -1.0405243635
5.6253542900 -2.9007117748 -1.0353707075
4.3100438118 -4.0067238808 -1.0273269415
5.5576128960 -2.3440444469 -1.0272965431
5.6338953972 -2.3556368351 -1.0264264345
5.3844118118 -3.1919474602 -1.0259002447
5.3885583878 -4.6577172279 -1.0250819921
3.4171891212 -5.1067466736 -1.0190429688
5.1683959961 -2.8822236061 -1.0157514811
5.6375565529 -2.9779932499 -1.0131005049
4.3860440254 -5.5842103958 -1.0090326071
3.8698742390 -5.7491579056 -1.0067521334
5.4384770393 -4.4822998047 -1.0060601234
5.4789476395 -2.3672702312 -1.0008723736
3.8923518658 -5.8167347908 -0.9987112880
3.8634841442 -5.8855409622 -0.9958934188
5.3758120537 -2.1474869251 -0.9941136837
4.6467437744 -5.2976126671 -0.9911806583
4.0851845741 -5.7163558006 -0.9829106331
3.8864121437 -5.8267884254 -0.9675436616
3.9024488926 -5.6840052605 -0.9661406279
5.0080213547 -4.9423427582 -0.9651678205
4.4327821732 -3.5810179710 -0.9637772441
3.8119215965 -5.6425833702 -0.9629448652
4.5788922310 -5.4542098045 -0.9597510099
5.4307446480 -3.4930980206 -0.9596838951
5.0719017982 -4.9176559448 -0.9547517896
3.8232762814 -5.7411279678 -0.9530432224
3.8190565109 -5.7708587646 -0.9521998763
5.4869241714 -2.0965743065 -0.9517734051
4.9526882172 -4.0145940781 -0.9507054687
3.9950449467 -5.8393197060 -0.9497535229
4.7334423065 -5.2641477585 -0.9472277761
3.8842844963 -5.8587217331 -0.9443064332
3.9624631405 -5.7013196945 -0.9439758658
4.0553250313 -5.7658076286 -0.9414585233
4.0312204361 -5.7223720551 -0.9413183331
3.9028658867 -4.6651449203 -0.9393867850
4.4860677719 -3.4215204716 -0.9383110404
3.8465056419 -5.7122235298 -0.9362143874
3.9320654869 -5.7534871101 -0.9355940223
4.2815961838 -5.6028499603 -0.9314977527
4.1045041084 -5.8038163185 -0.9310094118
3.8433630466 -5.8606324196 -0.9297690392
4.3693389893 -5.6052985191 -0.9223795533
3.8430197239 -5.7317972183 -0.9203005433
4.0072145462 -5.7809257507 -0.9192061424
3.5175683498 -5.7347774506 -0.9177587032
3.9207909107 -5.7922029495 -0.9150405526
3.8039424419 -5.9277358055 -0.9137679338
3.9314925671 -5.8941526413 -0.9132897854
5.1294536591 -2.9959080219 -0.9117812514
3.8684301376 -5.7082800865 -0.9115816355
3.8015677929 -5.7216997147 -0.9082559347
4.4792866707 -5.5225796700 -0.9058968425
5.5066204071 -3.5841586590 -0.8941466808
3.9434671402 -5.6982545853 -0.8887543678
3.9909777641 -5.8789658546 -0.8883697391
3.5177628994 -5.6078186035 -0.8848106265
3.8779575825 -5.9224858284 -0.8823860288
3.9910976887 -5.6882758141 -0.8810346723
3.8227312565 -5.9018111229 -0.8802409172
3.6898326874 -5.7315645218 -0.8765247464
3.7575714588 -5.8174433708 -0.8671890497
3.9804940224 -5.8963460922 -0.8643729687
3.8684842587 -5.7820119858 -0.8610464334
3.9353296757 -5.8685474396 -0.8513174057
3.8041968346 -5.6969699860 -0.8480488658
3.7760243416 -5.7791776657 -0.8344374895
4.6124477386 -5.2824931145 -0.3024261892
4.6353135109 -5.4110422134 -0.2348924577
7.1179089546 -0.8191649318 -1.3283865452
8.1096935272 -0.7647919059 -1.3279536963
7.6490883827 -1.1165373325 -1.3090233803
8.0071802139 -0.7547940612 -1.2919206619
7.2406673431 -2.3815102577 -1.2706058025
7.2275681496 -0.9302231669 -1.2534488440
6.6109566689 2.9601802826 -1.2487049103
7.7718682289 -3.2706573009 -1.2484204769
7.3793139458 -3.5649366379 -1.2459530830
7.5522570610 -1.1010282040 -1.2439267635
7.4489817619 -2.6751794815 -1.2435733080
7.4945650101 -1.4511585236 -1.2336319685
7.2934584618 -2.3169162273 -1.2312395573
7.4533524513 -1.0424021482 -1.2278718948
8.0030479431 0.4060533345 -1.2263152599
7.5054702759 -2.9015703201 -1.2220907211
7.2794742584 -2.9484107494 -1.2167553902
7.3336167336 -3.4182002544 -1.2152470350
7.1052627563 -3.3435513973 -1.2130581141
7.1608552933 -1.1365689039 -1.2096115351
7.1384096146 -3.3711385727 -1.2074290514
6.8876943588 -3.2481160164 -1.2036631107
7.7226295471 -2.9698820114 -1.2027729750
7.1739869118 -2.4912164211 -1.1962870359
8.3719415665 -2.0398650169 -1.1954603195
8.2743873596 -2.1821391582 -1.1879171133
7.5868382454 -2.8806302547 -1.1869565248
7.1491494179 -2.9301662445 -1.1868082285
7.2417430878 -2.8702433109 -1.1862639189
5.3538608551 -5.2838025093 -1.1857801676
7.4099617004 -2.8643615246 -1.1811829805
7.6851572990 0.2292262018 -1.1803858280
7.9400568008 -3.0677335262 -1.1691832542
5.6577382088 5.4841485023 -1.1638687849
6.7698583603 -3.2580788136 -1.1611459255
7.5258798599 -2.8173305988 -1.1597875357
7.3196225166 -3.0816833973 -1.1588145494
7.9358615875 -0.8143076301 -1.1551694870
8.3421354294 -1.0759655237 -1.1540560722
5.2869682312 -5.2971920967 -1.1520464420
7.8457250595 0.6929661632 -1.1510833502
7.0764813423 -3.0682933331 -1.1496430635
7.3672966957 -3.0181651115 -1.1481930017
7.2678875923 -2.5589313507 -1.1446990967
6.8608756065 -2.6108901501 -1.1431620121
6.4540801048 -3.3103749752 -1.1430784464
7.7251834869 -3.2072429657 -1.1405348778
6.6228313446 -3.3182897568 -1.1403028965
7.3746705055 -3.0330891609 -1.1391409636
6.8745131493 -3.1443541050 -1.1390457153
6.3348498344 -3.9130892754 -1.1376407146
7.4338898659 -1.9886047840 -1.1375390291
8.2201213837 -1.9887132645 -1.1285055876
7.6590805054 -2.9082295895 -1.1270745993
7.0676016808 -2.5390713215 -1.1253764629
7.9511303902 -3.3161649704 -1.1246485710
6.7382373810 -3.0159111023 -1.1222811937
8.0829877853 -2.4456686974 -1.1218981743
7.3539056778 -3.5167691708 -1.1218043566
6.4589605331 -3.1157565117 -1.1211946011
7.5057973862 -3.4035699368 -1.1202173233
7.8016991615 0.2333881259 -1.1191990376
7.0398035049 -3.2574970722 -1.1189846992
7.6887078285 -1.3627883196 -1.1113464832
7.7077078819 -2.0833795071 -1.1107611656
7.1268692017 -3.2215003967 -1.1102592945
7.8437032700 -2.8740866184 -1.1095478535
7.8077878952 -2.8993165493 -1.1091037989
7.6064643860 -3.4476873875 -1.1086286306
7.9674096107 -3.2502479553 -1.1069061756
8.3262290955 -2.2196195126 -1.1062035561
7.5932879448 -2.9280614853 -1.1035728455
7.8382906914 -2.3606586456 -1.1034417152
7.3164534569 -2.9251322746 -1.1013803482
5.5913915634 -5.2493863106 -1.1009998322
7.3560051918 -3.4754147530 -1.1008943319
7.4367542267 -3.3892943859 -1.1007995605
7.8667716980 -0.7736566663 -1.1000624895
7.8055357933 -3.3102719784 -1.0982508659
7.6254954338 -2.8655538559 -1.0961097479
8.1374044418 -2.8911659718 -1.0960668325
7.1286702156 -2.5525014400 -1.0959751606
6.7852568626 -2.7925963402 -1.0944581032
7.5384478569 -2.7687437534 -1.0942865610
7.4915704727 -3.0349066257 -1.0917935371
5.7341623306 -4.8370060921 -1.0901435614
8.1623773575 -2.6161153316 -1.0900789499
7.9497618675 -2.7764458656 -1.0900758505
5.8032441139 -5.5159921646 -1.0875762701
7.5462803841 -2.8256134987 -1.0871635675
8.3197708130 -2.0711004734 -1.0867894888
7.8714570999 -2.3078038692 -1.0864360332
8.2412242889 -2.4249486923 -1.0838568211
6.4275298119 -3.0813722610 -1.0835237503
5.5502476692 -5.5417599678 -1.0820928812
7.6184263229 -2.4581730366 -1.0812983513
4.9835081100 -5.2160468102 -1.0808027983
6.6860795021 -2.7543442249 -1.0791831017
6.6851468086 -3.4205899239 -1.0780781507
6.9953107834 -3.1349513531 -1.0771545172
7.7675547600 -2.9646716118 -1.0769506693
6.2300853729 -4.1077647209 -1.0764207840
7.5609717369 -2.5771405697 -1.0760842562
7.2851629257 -4.2069964409 -1.0759927034
5.9538168907 -4.1381459236 -1.0752803087
7.5756196976 -3.1211194992 -1.0748542547
6.1311430931 -3.7370562553 -1.0728521347
7.5217347145 -0.7111151218 -1.0726482868
5.4869213104 -4.5698533058 -1.0685404539
7.9125437737 -2.8879821301 -1.0673409700
7.9920630455 -2.5349895954 -1.0671126842
7.5371794701 -2.5974302292 -1.0659960508
6.6104702950 -3.8655633926 -1.0649333000
5.7847352028 -5.4083757401 -1.0639556646
7.6290078163 -3.3168282509 -1.0636818409
6.4729614258 -3.0350754261 -1.0621279478
7.2407546043 -2.9915103912 -1.0621103048
7.8826398849 -3.1241581440 -1.0608053207
8.3345966339 -2.0124123096 -1.0593010187
5.5559306145 -5.5197196007 -1.0577812195
5.6882119179 -5.5398287773 -1.0572810173
7.1771855354 -2.9974851608 -1.0566972494
7.9100232124 -2.4390008450 -1.0564464331
7.2521586418 -4.3980159760 -1.0558674335
7.8913016319 -3.3987805843 -1.0551749468
7.7913908958 -3.1078774929 -1.0538362265
5.1183404922 -5.2410840988 -1.0533615351
7.4203057289 -2.9338443279 -1.0533189774
7.5434846878 -3.0889716148 -1.0527293682
5.7816753387 -5.3873753548 -1.0520254374
7.4884805679 -2.6815130711 -1.0512448549
4.8974032402 -5.3521490097 -1.0508226156
7.6217350960 -3.0506722927 -1.0505883694
6.7156300545 -3.1080253124 -1.0495411158
5.8727979660 -5.4743213654 -1.0493313074
7.7961244583 -3.3765728474 -1.0488234758
4.8650226593 -5.6609854698 -1.0484118462
5.7111439705 -5.4085478783 -1.0483634472
6.9056458473 -3.0868518353 -1.0483260155
7.7828960419 -3.0865395069 -1.0478076935
8.3312940598 -2.2448704243 -1.0455987453
6.8891906738 -2.9148983955 -1.0452940464
7.4758691788 -3.8562028408 -1.0441731215
7.7163429260 -3.0039513111 -1.0440753698
6.7370481491 -2.8152654171 -1.0434869528
7.7876329422 -2.4745197296 -1.0410664082
5.1757130623 -5.3525743484 -1.0403306484
7.7703619003 -2.5919234753 -1.0382856131
7.0273036957 -3.0814819336 -1.0380966663
8.2141485214 -2.5892763138 -1.0370796919
4.7358541489 -5.7071862221 -1.0357116461
7.6871170998 -3.7737507820 -1.0351704359
7.4964351654 -3.0771989822 -1.0350252390
6.2482528687 -4.3301782608 -1.0348225832
5.8157925606 -4.8395247459 -1.0340156555
6.0660243034 -4.6184196472 -1.0334230661
7.6676592827 -3.0747539997 -1.0316776037
7.6732435226 -2.7097618580 -1.0307209492
6.3275761604 -4.1419334412 -1.0298601389
8.0608587265 -2.8094699383 -1.0253006220
7.6765036583 -3.3778002262 -1.0252691507
5.6818609238 -5.3264956474 -1.0249391794
7.0573086739 -2.9096670151 -1.0232992172
7.9731965065 -3.2605473995 -1.0232024193
6.6779050827 -3.9745941162 -1.0225940943
7.1441025734 -2.9553682804 -1.0217235088
7.3138470650 -3.2360651493 -1.0215328932
6.5608658791 -5.0277442932 -1.0210089684
7.6952204704 -2.8342468739 -1.0209264755
7.8121929169 -3.4744069576 -1.0202500820
5.8933005333 -5.3435564041 -1.0190780163
7.4047017097 -3.5660865307 -1.0178689957
4.7700862885 -5.4360289574 -1.0161772966
8.0921659470 -2.9176449776 -1.0159583092
6.6395096779 -3.3035192490 -1.0148257017
5.9999833107 -4.2200779915 -1.0146946907
7.8647699356 -3.3287978172 -1.0134094954
4.8265013695 -5.2772712708 -1.0129631758
4.1896882057 -5.9238553047 -1.0114148855
3.9234831333 -5.9733505249 -1.0108641386
5.3547835350 -5.3036508560 -1.0093839169
4.0019207001 -5.8989496231 -1.0074760914
6.7934560776 -2.8763182163 -1.0066804886
7.8066129684 -3.3546016216 -1.0059263706
8.2219314575 -2.1541149616 -1.0053855181
7.7488880157 -2.3361682892 -1.0047591925
7.8019547462 -3.3875100613 -1.0045967102
8.2310743332 -2.2193498611 -1.0043692589
8.0227251053 -2.9231405258 -1.0043004751
6.3700952530 -5.4574999809 -1.0029344559
8.1419878006 -2.1164400578 -1.0025874376
4.6999378204 -5.3560876846 -1.0012334585
6.7569398880 -2.6826574802 -0.9989781976
7.7377252579 -3.3565938473 -0.9986509085
4.4298520088 -5.8877286911 -0.9926002622
6.9240822792 -4.1438851357 -0.9924586415
6.2447204590 -4.0668020248 -0.9909693003
7.0087246895 -3.6353442669 -0.9893105626
6.2845134735 -4.0474376678 -0.9888036251
7.5059852600 -3.1216323376 -0.9887685776
6.2442479134 -5.4412693977 -0.9872906208
7.2252292633 -4.1910948753 -0.9869722724
4.4956698418 -5.8080229759 -0.9863235950
5.6381764412 -5.3399019241 -0.9850178957
5.6551604271 -5.3766474724 -0.9849819541
5.7474508286 -5.2594900131 -0.9846091866
6.4002594948 -5.4825658798 -0.9831638336
6.5441927910 -5.4676399231 -0.9824107289
6.7791929245 -4.0249099731 -0.9817219973
7.8762221336 -3.2244269848 -0.9816892147
7.5820617676 -3.3374116421 -0.9788473248
5.0044732094 -5.1970453262 -0.9772248268
5.5905876160 -5.4934144020 -0.9765959382
7.3002862930 -3.4659411907 -0.9764204025
6.5519957542 -5.5980143547 -0.9741219878
4.1229295731 -5.8450713158 -0.9731509089
5.8338174820 -5.3272361755 -0.9711838961
7.6133952141 -3.3078238964 -0.9689165354
6.1689610481 -5.5072269440 -0.9679745436
4.8722858429 -5.2712540627 -0.9647867084
7.7024850845 -2.5347957611 -0.9647426009
4.8787846565 -5.7322869301 -0.9645569921
8.0361394882 -2.3293488026 -0.9639243484
4.6290292740 -5.4783420563 -0.9619283080
7.0907835960 -3.4181680679 -0.9616206884
6.8409395218 -4.2910547256 -0.9600830674
7.7425065041 -3.2834136486 -0.9558396935
8.1367053986 -2.9397332668 -0.9550966024
7.4511880875 -3.4337520599 -0.9535254240
4.5661425591 -5.7199554443 -0.9533445835
6.4522099495 -3.9090094566 -0.9508383274
4.1589293480 -5.8014907837 -0.9506860971
7.9457969666 -2.4400448799 -0.9500066638
4.5082397461 -5.7697997093 -0.9491626620
6.3186774254 -5.4331784248 -0.9485580921
6.5881409645 -5.5763273239 -0.9483346343
6.3635988235 -5.3650245667 -0.9479597211
6.7487258911 -4.2374062538 -0.9477784634
6.8612761497 -5.0691061020 -0.9465231299
6.5828609467 -3.8991513252 -0.9461479187
4.9299159050 -5.2090086937 -0.9457270503
6.0197877884 -5.3610973358 -0.9451526403
5.7286295891 -5.4204196930 -0.9437828660
5.0534548759 -5.5219712257 -0.9432281852
5.7164602280 -5.5338535309 -0.9407433271
5.9639878273 -5.5126008987 -0.9400361776
5.3373413086 -5.3048524857 -0.9363818169
5.1448273659 -5.5085878372 -0.9363774061
4.3001012802 -5.9680480957 -0.9362752438
4.4296813011 -5.7602729797 -0.9341924191
4.2482781410 -5.9652218819 -0.9330906868
5.1385579109 -5.1904792786 -0.9317831397
6.7650251389 -4.8327369690 -0.9305652976
4.6169338226 -5.8113865852 -0.9299433827
5.8892493248 -5.3480877876 -0.9298878312
4.8632974625 -5.3084425926 -0.9289083481
4.6637487411 -5.4292254448 -0.9287351370
4.6461176872 -5.9327664375 -0.9270378351
4.6678466797 -5.5014286041 -0.9261963367
6.5475788116 -5.5775680542 -0.9260036945
7.1585221291 -4.0068335533 -0.9245738387
4.6138639450 -5.5450482368 -0.9239332676
6.1685862541 -4.8849673271 -0.9238138795
4.2319545746 -5.8861155510 -0.9230344296
4.4816689491 -5.7886219025 -0.9227436185
6.1592826843 -5.4927420616 -0.9214240313
6.4782390594 -5.4443068504 -0.9209282994
5.9290804863 -6.2418351173 -0.9194392562
4.6098666191 -5.8360910416 -0.9174635410
7.0254392624 -4.3971781731 -0.9130929708
3.9978201389 -5.9043788910 -0.9120188951
4.9378070831 -5.5503153801 -0.9096481800
4.2072448730 -5.9057874680 -0.9095345736
5.4495968819 -4.7756237984 -0.9094853401
3.9890959263 -6.0118002892 -0.9092673659
4.8294162750 -5.8557505608 -0.9086602926
4.1210036278 -5.9176163673 -0.9053652287
5.5935668945 -5.4119896889 -0.9020555615
7.0840287209 -4.5446395874 -0.9013664126
4.4113402367 -5.6423950195 -0.9001885056
4.4490346909 -5.7862143517 -0.8996481895
4.5853943825 -6.6484589577 -0.8989706635
6.3283338547 -4.3771657944 -0.8977519870
5.4894328117 -5.4233880043 -0.8970844150
6.0548534393 -5.5794553757 -0.8949857950
5.5624122620 -6.3348731995 -0.8934274912
5.0567317009 -5.2733745575 -0.8907201886
5.2242469788 -5.4603114128 -0.8891581893
5.6112842560 -5.4367074966 -0.8768145442
5.5283265114 -5.3184776306 -0.8712593913
4.2182908058 -6.1062889099 -0.8602657318
5.3190526962 -5.2747406960 -0.8602099419
5.2060799599 -5.3489046097 -0.8559823036
5.5280909538 -5.5440630913 -0.8544796705
4.5847396851 -6.2313199043 -0.8513737321
4.6626262665 -5.7991166115 -0.8413956761
5.5189900398 -5.3435320854 -0.8398639560
5.1946878433 -5.2936763763 -0.8345228434
4.6379985809 -5.6199212074 -0.8286702633
5.6136612892 -5.5015869141 -0.8248647451
5.5723133087 -5.3809709549 -0.8225724697
5.5817170143 -4.5082106590 -0.8192902803
5.2702927589 -6.1140451431 -0.8179181218
4.8914184570 -5.7986822128 -0.8107297421
5.1952576637 -5.2590422630 -0.7939395905
5.3367834091 -5.4439277649 -0.7685170770
4.8185544014 -5.5716366768 -0.7570612431
5.4393262863 -5.2402067184 -0.7440777421
6.3615360260 -5.4450201988 -0.7320486903
7.8727383614 -2.8905813694 -0.6984763741
6.5612115860 -3.8219285011 -0.6469720006
5.1545042992 -5.4529519081 -0.5613679886
8.0142087936 -2.5625100136 -0.4696792364
5.3690314293 -5.6745548248 -0.2681143880
4.8317985535 -5.4609184265 -0.2609111667
5.8682522774 -5.3139595985 -0.2480267584
4.1694345474 -5.8851032257 -0.2238228470
4.4462027550 -5.7214732170 -0.2214224488
4.2521109581 -5.7434973717 -0.2102276087
7.8576245308 -3.8906633854 -1.3637242317
9.1128120422 -0.7229075432 -1.3443580866
8.3358821869 -2.8437407017 -1.2862263918
9.4820127487 -2.2206175327 -1.2673169374
8.3901042938 -3.3948545456 -1.2529904842
8.3391113281 -2.3230242729 -1.2526458502
8.4574232101 -2.0522172451 -1.2415655851
7.9401574135 -3.5010845661 -1.2312946320
9.9296846390 -1.7456513643 -1.2256399393
9.1096754074 -1.9292376041 -1.2182992697
8.7204208374 -3.0303871632 -1.2150284052
10.0157022476 -1.8571664095 -1.2110432386
6.3659186363 -6.0888366699 -1.2072854042
10.0712337494 -1.4132293463 -1.2071824074
9.0054531097 -1.9073276520 -1.2044228315
9.8641910553 -2.4902999401 -1.2038062811
9.3183526993 -1.9558540583 -1.2033090591
9.3735380173 -2.0919451714 -1.2028262615
9.2483882904 -1.8875532150 -1.2016351223
9.9507112503 -1.8101505041 -1.2010703087
8.1349163055 -3.3861367702 -1.1903127432
9.2890672684 -2.5784852505 -1.1883256435
9.2270612717 -2.9405248165 -1.1866261959
9.7307081223 -2.8782122135 -1.1833901405
9.0877790451 -1.8230999708 -1.1811805964
8.9702825546 -2.4844284058 -1.1799502373
9.4275388718 -1.9771082401 -1.1787282228
9.2055854797 -2.4784781933 -1.1776820421
9.0111541748 -2.1001935005 -1.1771637201
9.4093170166 -2.5217671394 -1.1745941639
9.5325212479 -2.5813446045 -1.1725268364
9.5209083557 -2.9991955757 -1.1712249517
9.4820041656 -2.3035449982 -1.1689991951
9.0168266296 -3.3328588009 -1.1684899330
8.7275371552 -2.1710617542 -1.1667748690
8.9080324173 -2.3785264492 -1.1663841009
9.9145126343 -1.8381285667 -1.1663107872
8.8372983932 -3.2559990883 -1.1662993431
9.5299835205 -2.4924626350 -1.1659719944
8.8529605865 -2.5090689659 -1.1647901535
9.7592134476 -1.9834755659 -1.1644145250
9.3335523605 -2.9725618362 -1.1612721682
9.8072586060 -1.4944708347 -1.1612027884
9.4766292572 -2.6097214222 -1.1609812975
8.7788162231 -2.6878418922 -1.1575077772
9.1932382584 -2.1535961628 -1.1555970907
8.3161821365 -2.5254065990 -1.1544339657
9.8947420120 -1.7361238003 -1.1521999836
8.4660835266 -2.7545495033 -1.1517559290
9.2620801926 -2.1231858730 -1.1507474184
8.6173229218 -2.7379920483 -1.1490862370
8.7156839371 -2.6014313698 -1.1472401619
9.2648286819 -2.5812683105 -1.1450045109
9.1218538284 -3.3692834377 -1.1429734230
9.8698959351 -1.4099814892 -1.1427749395
8.9112558365 -3.0832421780 -1.1420220137
8.4992904663 -2.7583701611 -1.1339875460
8.7621774673 -1.9049358368 -1.1339501143
9.3822116852 -2.8841969967 -1.1339026690
8.6805934906 -3.5618546009 -1.1338855028
9.3579339981 -2.1397254467 -1.1323517561
8.6670503616 -2.7939567566 -1.1315121651
8.5019121170 -1.9992836714 -1.1314175129
8.6250514984 -2.1542682648 -1.1313169003
8.4514932632 -3.2608604431 -1.1303579807
8.0479440689 -3.3155930042 -1.1290503740
9.2981252670 -1.7579860687 -1.1246715784
9.8236150742 -1.7598944902 -1.1239993572
8.4378461838 -2.5338268280 -1.1235569715
9.1082954407 -2.0573410988 -1.1228407621
8.5213861465 -2.1295182705 -1.1181076765
9.0726804733 -3.0012106895 -1.1173030138
8.6161069870 -2.5716009140 -1.1127060652
9.1006355286 -2.2252535820 -1.1104216576
9.7329864502 -2.7295205593 -1.1088104248
8.4402122498 -2.0944228172 -1.1085166931
8.4058437347 -2.7307825089 -1.1072398424
9.0914564133 -1.8026598692 -1.1065962315
9.6190824509 -2.9046308994 -1.1063485146
8.4177236557 -2.1047687531 -1.1048986912
9.9312658310 -1.7314301729 -1.1043792963
9.1340951920 -2.9632339478 -1.1041420698
8.7044382095 -2.7237477303 -1.1036560535
9.3753280640 -1.8199907541 -1.1036344767
9.1257543564 -2.4311273098 -1.1017047167
9.1955318451 -2.9789319038 -1.1009111404
7.6700797081 -4.3144812584 -1.0999741554
8.7826204300 -2.0649337769 -1.0995199680
8.4145545959 -2.0998768806 -1.0988446474
8.4465608597 -2.1896483898 -1.0983268023
9.7826681137 -2.4103274345 -1.0968768597
9.4262676239 -2.9679722786 -1.0962175131
8.6762685776 -2.1633076668 -1.0952577591
8.9864959717 -1.7835328579 -1.0945312977
9.0326051712 -2.9303090572 -1.0918738842
9.0363874435 -2.3500723839 -1.0913733244
8.1401176453 -4.6637606621 -1.0905005932
9.5479488373 -2.5953974724 -1.0892386436
9.4279680252 -2.0266513824 -1.0892107487
9.4454307556 -3.0045628548 -1.0885580778
9.8001499176 -2.5672848225 -1.0879589319
8.9581613541 -3.7534863949 -1.0872226954
8.6839342117 -2.6574299335 -1.0869054794
9.3412132263 -2.8810110092 -1.0865428448
9.5263643265 -2.6132473946 -1.0844128132
8.7483158112 -2.4478285313 -1.0842264891
9.7354040146 -2.6118710041 -1.0840456486
8.7219476700 -2.8509490490 -1.0822471380
8.9770746231 -2.3573358059 -1.0815192461
8.5222406387 -2.1231026649 -1.0810989141
9.2024650574 -2.9509565830 -1.0787184238
9.9397630692 -1.8145333529 -1.0771465302
9.6962757111 -2.5423853397 -1.0770653486
9.3145542145 -2.2029170990 -1.0764154196
7.6134200096 -4.4285769463 -1.0763832331
8.7881288528 -3.2695746422 -1.0761228800
8.9922914505 -2.5670597553 -1.0760005713
9.4431371689 -2.5100755692 -1.0755082369
9.1575574875 -4.3915848732 -1.0730533600
9.0140075684 -2.7926189899 -1.0720380545
8.7186260223 -2.6496629715 -1.0711163282
9.6278877258 -2.3738710880 -1.0709303617
8.7939701080 -2.6602075100 -1.0702005625
9.3821897507 -2.4569993019 -1.0665150881
8.5328502655 -2.4911925793 -1.0664261580
8.7921905518 -2.6357424259 -1.0659792423
9.0197906494 -2.4665913582 -1.0656080246
9.7300348282 -2.5457110405 -1.0650622845
8.6576786041 -3.1899325848 -1.0642296076
8.9506587982 -4.5470767021 -1.0634737015
8.5509281158 -2.3350558281 -1.0620325804
9.5013666153 -1.8187952042 -1.0617860556
9.2389974594 -1.6258240938 -1.0611854792
9.9039850235 -2.1632208824 -1.0606064796
9.0856466293 -2.4515831470 -1.0605835915
8.0081949234 -3.3227593899 -1.0596184731
8.5617580414 -2.8842160702 -1.0588601828
8.4809198380 -2.5479216576 -1.0584704876
9.5927658081 -2.5090467930 -1.0578532219
9.4531173706 -2.9253633022 -1.0576416254
8.5992727280 -2.6775646210 -1.0573674440
8.8510704041 -2.1870238781 -1.0557509661
9.7284431458 -2.3673040867 -1.0554423332
9.1846771240 -2.7795488834 -1.0546056032
9.6262378693 -2.5204329491 -1.0541805029
9.3768749237 -2.3828237057 -1.0526235104
9.3987579346 -2.3536856174 -1.0524649620
7.9973897934 -4.4356303215 -1.0513304472
10.0132007599 -1.6611336470 -1.0509763956
9.0083703995 -3.0877926350 -1.0505205393
8.6066236496 -2.4310326576 -1.0499550104
8.2319402695 -5.8951230049 -1.0492722988
9.6757831573 -2.5046024323 -1.0491714478
9.1711959839 -2.4474608898 -1.0471533537
8.7309265137 -3.6846008301 -1.0470347404
9.4891996384 -2.4829354286 -1.0466682911
9.7375955582 -2.1856715679 -1.0463802814
8.1853656769 -2.9255056381 -1.0451786518
8.7469072342 -2.1637310982 -1.0441452265
9.5224390030 -2.4951546192 -1.0432986021
9.1542015076 -3.4047145844 -1.0427871943
8.6723270416 -2.0832402706 -1.0425293446
9.4772911072 -1.8866407871 -1.0411372185
10.0143604279 -1.4499193430 -1.0409904718
8.6083793640 -2.6931743622 -1.0402711630
9.8216180801 -2.6321172714 -1.0401897430
8.5714282990 -2.6295456886 -1.0399914980
9.6352233887 -2.5862281322 -1.0391440392
8.7892522812 -2.8735189438 -1.0385054350
8.1308708191 -4.0002880096 -1.0382992029
6.3776812553 -6.0755863190 -1.0377838612
9.2749242783 -2.2796883583 -1.0368026495
9.3387298584 -3.2728016376 -1.0366472006
8.6382970810 -3.3151984215 -1.0361490250
9.5383863449 -2.2412574291 -1.0361294746
9.9824256897 -0.5690189004 -1.0345973969
8.3577032089 -3.3921856880 -1.0343674421
8.6983814240 -2.5108473301 -1.0322355032
9.0535783768 -3.3688864708 -1.0316169262
9.5416164398 -2.2890009880 -1.0286222696
9.6968574524 -2.6137084961 -1.0285388231
9.3606996536 -1.9255963564 -1.0282665491
8.6176700592 -3.3344829082 -1.0273967981
9.7556428909 -2.2351448536 -1.0267101526
9.2784261703 -2.4726226330 -1.0259995461
8.2313938141 -2.9732120037 -1.0250953436
8.5372610092 -3.2806415558 -1.0249321461
9.0981369019 -2.0538768768 -1.0242244005
9.3588457108 -2.4157042503 -1.0241636038
9.4604425430 -2.9504826069 -1.0237711668
5.8812270164 -6.9255390167 -1.0213845968
8.9563426971 -2.6345992088 -1.0211310387
9.3541240692 -1.9827457666 -1.0204404593
8.9270734787 -3.1661703587 -1.0203225613
9.2356128693 -3.2644155025 -1.0201532841
8.8279666901 -3.1186380386 -1.0194828510
9.2672491074 -1.8476439714 -1.0190091133
8.9368772507 -2.0222530365 -1.0188906193
9.1239366531 -2.8211236000 -1.0180823803
9.5114927292 -1.8531531096 -1.0176205635
9.4988384247 -2.7025718689 -1.0174884796
9.1740322113 -2.8830919266 -1.0165408850
8.7217731476 -3.0372836590 -1.0164526701
8.4630565643 -2.8534433842 -1.0161492825
9.3663597107 -3.1042194366 -1.0161337852
8.9057636261 -3.4594569206 -1.0155349970
8.4454240799 -3.4864830971 -1.0154842138
6.7696776390 -6.8086700439 -1.0132421255
9.4068069458 -2.7075285912 -1.0132073164
9.1022596359 -2.6924908161 -1.0131905079
5.9523415565 -6.3798685074 -1.0118265152
9.5577726364 -3.0965204239 -1.0116440058
7.5354247093 -4.5167155266 -1.0113322735
8.4087753296 -3.3202002048 -1.0108453035
8.5349493027 -2.2105755806 -1.0106127262
7.0385437012 -6.4270401001 -1.0086683035
9.0940856934 -2.7787225246 -1.0081431866
9.0077733994 -2.3228092194 -1.0081188679
9.4063463211 -1.8341764212 -1.0068714619
8.9765768051 -2.3233423233 -1.0066928864
9.1344041824 -2.9485471249 -1.0062464476
8.7666339874 -2.5922813416 -1.0060642958
8.2390975952 -3.9224071503 -1.0046265125
9.5752506256 -2.4798700809 -1.0045596361
8.8056316376 -3.4222695827 -1.0044168234
9.3856277466 -2.4977562428 -1.0041749477
9.4739294052 -3.0063560009 -1.0034219027
8.6095380783 -2.7182538509 -1.0028597116
9.7004642487 -2.5736110210 -1.0021140575
8.6461658478 -2.1402125359 -1.0018397570
9.0520658493 -3.1410140991 -1.0010776520
9.2314853668 -2.9158492088 -1.0008136034
9.5196647644 -2.6345763206 -0.9997329712
9.0077524185 -2.6940579414 -0.9990237355
8.6215410233 -2.9541156292 -0.9989443421
9.8249473572 -2.4510397911 -0.9983134270
6.5091362000 -6.1004390717 -0.9982070327
8.4714040756 -3.0852863789 -0.9962731004
9.3860797882 -2.6071069241 -0.9953987598
8.8076734543 -3.1253542900 -0.9946178794
7.9874053001 -4.5968251228 -0.9945389032
9.1224946976 -4.0399003029 -0.9912863374
8.7665643692 -2.5489332676 -0.9912719131
7.0042662621 -5.1976542473 -0.9910864830
8.5926580429 -3.2017421722 -0.9902564883
8.8277320862 -2.4317054749 -0.9895538688
9.0294141769 -3.3172450066 -0.9894552231
5.6039705276 -6.9215273857 -0.9883955717
8.5780992508 -3.0643236637 -0.9871637225
5.9545049667 -6.3007993698 -0.9861856103
9.5133848190 -2.4425101280 -0.9843750596
9.3999338150 -2.2418479919 -0.9836325645
7.2350516319 -4.8479704857 -0.9820628166
9.1835069656 -3.0949692726 -0.9819130898
9.6798572540 -1.9213579893 -0.9816132784
9.1054201126 -2.9680747986 -0.9803682566
8.7760467529 -3.5380120277 -0.9798566103
9.2352256775 -3.3857488632 -0.9778804183
8.4768848419 -3.0302379131 -0.9759284258
8.6827383041 -3.1130216122 -0.9750996828
8.8654260635 -2.4739196301 -0.9735952020
7.8365306854 -4.5691151619 -0.9735749960
8.3854351044 -3.2909781933 -0.9734578133
6.6288051605 -5.6408672333 -0.9733954668
8.8590927124 -3.4701745510 -0.9716488719
8.9344120026 -2.4582667351 -0.9703358412
9.0033349991 -2.9364919662 -0.9697023034
8.4212894440 -2.2367203236 -0.9686294198
9.1339769363 -3.3514578342 -0.9676437974
8.0123395920 -4.2559952736 -0.9649537802
8.5991554260 -4.5295610428 -0.9635505676
9.2335195541 -3.2320327759 -0.9604371190
9.2415361404 -3.0448887348 -0.9600488544
9.5579252243 -2.6704974174 -0.9596548676
8.5970401764 -3.7863142490 -0.9595648050
6.4221072197 -6.1549587250 -0.9594781399
9.5222921371 -2.6216332912 -0.9591110945
8.9376888275 -2.8106653690 -0.9578087330
8.5752925873 -3.5619678497 -0.9567689300
9.1084423065 -2.6429426670 -0.9564319849
6.6314406395 -6.1303901672 -0.9522320628
9.0410747528 -2.4847993851 -0.9504478574
6.0922689438 -6.9651951790 -0.9471810460
6.5486884117 -6.0628361702 -0.9413241744
9.1995983124 -2.1320931911 -0.9405589700
9.5187053680 -2.6830556393 -0.9403985143
8.7076387405 -3.4261319637 -0.9402787089
9.3653049469 -3.1836338043 -0.9396677017
6.3215274811 -6.0824108124 -0.9392337799
9.4937381744 -2.4055690765 -0.9371475577
7.4808983803 -4.4065256119 -0.9354615808
9.0089025497 -2.1766793728 -0.9309355021
8.0909938812 -5.9453330040 -0.9296517968
6.9051671028 -6.4270310402 -0.9292302132
6.9068827629 -5.6896739006 -0.9265912175
5.8566136360 -6.7710843086 -0.9226502776
7.0982413292 -5.4644570351 -0.9204661250
8.1155843735 -4.3018989563 -0.9129683375
9.3569593430 -2.9862496853 -0.9127256274
9.1126136780 -3.3708755970 -0.9126362205
6.3376379013 -6.0480122566 -0.9097022414
9.3313007355 -3.1333651543 -0.9048229456
6.0903835297 -6.8161897659 -0.9040231705
6.9769897461 -5.6398348808 -0.9016814828
8.4904356003 -3.8619096279 -0.9016785622
9.1848583221 -3.4275813103 -0.9007287621
9.1794614792 -2.8029942513 -0.8994504809
6.0216250420 -6.8899598122 -0.8992878795
8.5636205673 -2.9581296444 -0.8992249966
7.1001682281 -7.1843905449 -0.8988025188
6.5300955772 -6.0367031097 -0.8978656530
9.6494607925 -2.6296129227 -0.8951062560
6.9376325607 -5.5179853439 -0.8945120573
8.9097595215 -3.3030648232 -0.8934580684
6.0063366890 -6.9100956917 -0.8925526738
8.4820222855 -4.5211663246 -0.8920262456
5.9119014740 -6.9849023819 -0.8866305947
6.1718053818 -6.9040794373 -0.8834083080
9.0135221481 -3.3368368149 -0.8784955740
7.7697248459 -5.5094184875 -0.8708043098
7.2790560722 -5.7135457993 -0.8701651692
9.7720327377 -1.8824071884 -0.8693667650
9.2990608215 -2.2113971710 -0.8626275063
9.3458919525 -3.9166643620 -0.8531152606
6.4658699036 -6.2855343819 -0.8191369772
6.1189222336 -6.9484009743 -0.7978787422
9.3933172226 -2.3109436035 -0.7741777897
8.2120780945 -5.8537302017 -0.6838010550
9.4589805603 -2.5312087536 -0.6588144898
8.6489324570 -2.0216090679 -0.2380306423
6.7098946571 8.6346092224 -1.4953000546
10.1020307541 -2.6364181042 -1.4626922607
10.9722766876 -2.0832016468 -1.4293854237
10.0858173370 -2.2530629635 -1.4166764021
9.9500389099 -2.8017344475 -1.3984869719
7.7119245529 8.5810146332 -1.3876775503
6.6534485817 8.5605821609 -1.3790903091
7.7880334854 8.6617536545 -1.3637998104
6.4850187302 8.5560245514 -1.3627164364
10.5660762787 -1.4605377913 -1.3612613678
11.5487699509 -1.2061489820 -1.3469738960
10.3524236679 -1.9353089333 -1.3321101665
11.6324567795 -1.1663174629 -1.3299363852
10.3661994934 -1.7597135305 -1.3297053576
6.3369064331 8.5382137299 -1.3218592405
10.9220266342 -1.8237309456 -1.3173266649
10.2464323044 -1.3221341372 -1.3080128431
10.6801376343 -1.4742345810 -1.3075616360
11.1607322693 -1.5017851591 -1.3074457645
8.4017438889 8.0184440613 -1.3038412333
10.1435871124 -2.4156279564 -1.3030554056
10.2697076797 -1.9908634424 -1.3027902842
11.0470190048 -1.4967640638 -1.3024003506
8.6247501373 -5.9026603699 -1.3018053770
11.6357994080 -1.1012051105 -1.3014136553
10.7682991028 -1.1482805014 -1.3009988070
7.2414007187 7.9497685432 -1.2984199524
11.1912336349 -2.3468062878 -1.2980210781
10.8080625534 -1.0665792227 -1.2965359688
6.7330093384 8.9105854034 -1.2918492556
11.4470987320 -1.3590985537 -1.2877285480
11.0141611099 -1.7721022367 -1.2871460915
10.1782426834 -1.5195521116 -1.2832624912
11.3238563538 -1.3388701677 -1.2825846672
10.1573886871 -1.3532800674 -1.2773259878
11.3411073685 -1.3465143442 -1.2758051157
10.9608793259 -1.8303930759 -1.2757261992
11.2178401947 -1.3264932632 -1.2706556320
10.8208684921 -1.8063462973 -1.2699058056
10.3309183121 -1.8038990498 -1.2677204609
11.2448358536 -1.2469671965 -1.2662297487
11.2046327591 -2.5132744312 -1.2662100792
7.9078278542 8.6322851181 -1.2644623518
10.8416061401 -0.5328402519 -1.2637482882
11.5571413040 -1.3711737394 -1.2636775970
11.5020837784 -1.3213437796 -1.2622743845
10.4831085205 -1.6897710562 -1.2600779533
10.1147918701 -1.4252232313 -1.2578381300
10.8808403015 -1.8568365574 -1.2560658455
11.1455383301 -1.1705485582 -1.2560098171
11.4890594482 -1.4678735733 -1.2500936985
11.1695766449 -1.4426783323 -1.2445383072
10.5658798218 -1.7745572329 -1.2435909510
8.3706340790 8.0490751266 -1.2415336370
10.9127845764 -1.7551726103 -1.2400293350
11.2899217606 -1.2971196175 -1.2390623093
10.0208396912 -1.8433030844 -1.2360200882
10.9707555771 -2.8466603756 -1.2335067987
11.6489343643 -1.1558066607 -1.2321945429
10.1910848618 -0.1918882877 -1.2304072380
11.5613718033 -1.7602009773 -1.2277656794
10.7297286987 -1.7247129679 -1.2250040770
10.6811990738 -1.9900717735 -1.2245154381
9.6212434769 -5.4922962189 -1.2227046490
10.2065706253 -2.5317981243 -1.2210153341
11.1186447144 -2.4241492748 -1.2207031250
10.1685009003 -1.4878575802 -1.2180129290
7.8370785713 8.5575418472 -1.2163629532
10.2599649429 -1.3453924656 -1.2159569263
11.3896436691 -1.3973115683 -1.2126035690
10.8750228882 -2.5187227726 -1.2117892504
10.1950092316 -1.5021626949 -1.2095736265
10.1028528214 -2.5067560673 -1.2088048458
7.3755130768 7.5109868050 -1.2058031559
7.6948628426 8.5431919098 -1.2035341263
11.1386756897 -1.6360133886 -1.2027205229
10.0381183624 -1.7385571003 -1.2007387877
11.3537788391 -1.3171589375 -1.1960790157
10.0505380630 -2.6247973442 -1.1957867146
11.1922702789 -1.9461802244 -1.1916172504
11.4258270264 -2.5745446682 -1.1909632683
9.1951866150 6.9932756424 -1.1900877953
11.0232696533 -1.6872435808 -1.1896343231
10.0503244400 -2.2039647102 -1.1888917685
11.6353425980 -1.1385964155 -1.1880390644
11.3292922974 -1.3556672335 -1.1876018047
10.1769475937 -1.9709074497 -1.1871488094
10.9835309982 -2.5405807495 -1.1844524145
10.5008316040 -1.9360508919 -1.1822117567
8.8019676208 -6.3737645149 -1.1820653677
11.2607622147 -1.5604807138 -1.1801270247
11.3532333374 -1.2826030254 -1.1781570911
11.5289583206 -1.1285293102 -1.1773704290
11.6280832291 -1.1584237814 -1.1751424074
11.3091268539 -3.0557641983 -1.1751180887
11.2090129852 -1.4263988733 -1.1745309830
10.1751127243 -2.1473181248 -1.1713443995
10.1910171509 -1.4200539589 -1.1702920198
10.4054069519 -4.9516949654 -1.1691011190
9.9720220566 -2.5821754932 -1.1680510044
11.1751365662 -2.0991749763 -1.1644301414
8.3848352432 -5.9420700073 -1.1640796661
10.8354759216 -1.2404808998 -1.1614656448
11.3514099121 -2.6060807705 -1.1611801386
10.0547628403 -2.6277642250 -1.1598088741
10.5868291855 -0.7634552121 -1.1564565897
10.1208839417 -1.3812671900 -1.1559669971
10.1008291245 -2.6532671452 -1.1554087400
10.7074594498 -1.9099725485 -1.1537749767
11.0303821564 -2.0509374142 -1.1525269747
10.2833185196 -2.1689684391 -1.1506571770
11.1043081284 -2.6531696320 -1.1490685940
8.6172590256 -5.9896063805 -1.1490042210
8.8304853439 -6.0415391922 -1.1488944292
9.2110328674 -4.5119504929 -1.1485661268
11.3189620972 -1.4383697510 -1.1467986107
10.2183685303 -2.1095798016 -1.1444131136
10.5852870941 -2.8732216358 -1.1437661648
11.4990196228 -1.9607421160 -1.1435049772
10.5030870438 -2.4742248058 -1.1420600414
11.4633398056 -1.7439213991 -1.1409084797
10.2312564850 -2.1910510063 -1.1404185295
11.3849039078 -1.7056061029 -1.1381927729
10.8962306976 -2.1856806278 -1.1370912790
10.5261812210 -2.0080373287 -1.1370072365
10.9010782242 -1.4039638042 -1.1367968321
10.8866300583 -1.8895165920 -1.1367532015
10.9282264709 -1.2372924089 -1.1356167793
10.9704065323 -2.9857034683 -1.1355804205
10.1453351974 -1.4540224075 -1.1342931986
11.6306829453 -1.1768587828 -1.1322864294
10.8824157715 -2.4671702385 -1.1308311224
10.4585952759 -2.9321115017 -1.1300004721
10.1268558502 -2.1686933041 -1.1287815571
10.9268636703 -2.9328820705 -1.1286984682
10.8164691925 -0.3006651700 -1.1268270016
11.1108684540 -1.9409711361 -1.1263409853
10.7812538147 -1.8718680143 -1.1259645224
11.2917232513 -1.3076868057 -1.1254926920
10.8219747543 -1.2259647846 -1.1249817610
10.2141666412 -2.6657102108 -1.1249631643
10.0750141144 -3.0014078617 -1.1229559183
10.8564386368 -1.7780939341 -1.1205010414
10.2338228226 -1.3817534447 -1.1201611757
11.4935646057 -1.7200702429 -1.1196411848
10.0384893417 -2.0687341690 -1.1195734739
7.0624179840 8.3977737427 -1.1179400682
10.1929206848 -1.4013913870 -1.1178760529
9.8962736130 -2.7409384251 -1.1159629822
10.9438533783 -1.4392076731 -1.1125710011
10.3434247971 -4.8322277069 -1.1115690470
10.4097766876 -2.1394126415 -1.1115211248
11.0108728409 -1.4161686897 -1.1103805304
11.3199653625 -1.5483660698 -1.1100513935
9.8909559250 -2.7066640854 -1.1094114780
10.9475059509 -2.8100855350 -1.1080621481
10.3939104080 -1.9296607971 -1.1071358919
11.0964155197 -2.6282029152 -1.1066696644
11.1519603729 -2.2596611977 -1.1040114164
10.3876562119 -4.7142992020 -1.1033641100
10.9755887985 -2.8250989914 -1.1029397249
10.9811439514 -2.4962878227 -1.1025459766
11.0603637695 -1.8786675930 -1.1024806499
10.1810626984 -3.0316152573 -1.1013126373
10.9946565628 -2.0589997768 -1.1012806892
10.9544792175 -2.3436884880 -1.0989496708
11.2044591904 -1.6048491001 -1.0980906487
10.9916086197 -2.2134099007 -1.0977560282
8.8099040985 -6.1597862244 -1.0942392349
9.8922700882 -2.4503481388 -1.0939059258
10.6725864410 -2.6925227642 -1.0921101570
8.7627592087 -6.2349638939 -1.0904529095
10.5794630051 -2.1195118427 -1.0883229971
10.7337560654 -1.9077800512 -1.0878292322
9.8863525391 -3.0695004463 -1.0875825882
10.1622791290 -2.1253342628 -1.0874804258
9.8579559326 -3.3431584835 -1.0868932009
8.8927001953 -6.3044843674 -1.0867618322
9.5762329102 -6.4584569931 -1.0866892338
10.3766365051 -2.3533003330 -1.0861325264
10.2785825729 -2.6970932484 -1.0850756168
11.1701116562 -3.1863617897 -1.0845097303
10.4475231171 -2.6497395039 -1.0828447342
10.7359619141 -2.4465830326 -1.0821784735
8.2997398376 -6.0449457169 -1.0815685987
10.1142005920 -2.6393880844 -1.0804246664
10.0866975784 -2.6073980331 -1.0798794031
10.7443590164 -1.7734047174 -1.0789939165
11.0394811630 -1.4212737083 -1.0781817436
10.1642398834 -2.5066556931 -1.0776700974
10.3398904800 -2.4459309578 -1.0763686895
10.0115718842 -2.6168088913 -1.0747309923
10.8404769897 -1.4257872105 -1.0745456219
11.0978832245 -1.9268816710 -1.0744527578
10.1145439148 -1.4917856455 -1.0720820427
11.5859708786 -0.1538502872 -1.0714702606
7.7047729492 8.7140464783 -1.0707182884
9.2253656387 -4.4348998070 -1.0695800781
10.5338802338 -1.8082107306 -1.0688185692
10.4110698700 -2.4031975269 -1.0684002638
10.1028566360 -4.5800709724 -1.0678025484
10.2632827759 -2.2979724407 -1.0675421953
10.8988981247 -2.3817198277 -1.0671987534
10.9684019089 -1.7934477329 -1.0667965412
11.0661201477 -1.6179188490 -1.0641062260
9.9927310944 -3.0986907482 -1.0633080006
8.8814229965 -6.1733937263 -1.0630199909
11.5774221420 -1.6779808998 -1.0617588758
10.5470933914 -4.6562685966 -1.0615501404
9.8842344284 -2.6660199165 -1.0614801645
10.6053762436 -3.1485648155 -1.0597351789
10.8206052780 -2.3727920055 -1.0578361750
10.4281654358 -2.3603889942 -1.0519151688
10.7341938019 -2.2641780376 -1.0505664349
9.6491508484 -6.4910430908 -1.0501092672
10.3783521652 -2.3398194313 -1.0499774218
10.1190891266 -2.6414031982 -1.0499383211
10.3625755310 -2.9041905403 -1.0491473675
10.2838315964 -1.7440407276 -1.0467567444
8.1973495483 -6.0903272629 -1.0434228182
10.6318635941 -1.8893394470 -1.0426795483
10.7061309814 -1.1293716431 -1.0420447588
9.5972709656 -5.5892100334 -1.0419430733
10.5930051804 -1.8591232300 -1.0415805578
10.0389900208 -5.6328711510 -1.0413604975
10.0765762329 -1.5107249022 -1.0364111662
10.4675474167 -2.7217717171 -1.0341756344
9.8768548965 -3.0058827400 -1.0309622288
9.9112129211 -2.5916161537 -1.0294730663
11.0515747070 -2.2023494244 -1.0247280598
10.9820775986 -1.1402246952 -1.0242601633
10.6897106171 -1.9412684441 -1.0234935284
10.5734691620 -4.5454354286 -1.0214449167
10.6854352951 -1.8529857397 -1.0197507143
10.1868581772 -2.8176245689 -1.0193476677
10.1487665176 -2.7922301292 -1.0181776285
9.1676645279 -7.0417933464 -1.0162009001
10.2669410706 -4.7383475304 -1.0152580738
10.3863849640 -2.4710481167 -1.0145777464
10.0790586472 -2.6011717319 -1.0134733915
8.5414171219 -5.9337706566 -1.0112955570
10.0673007965 -2.6802923679 -1.0112050772
10.4458866119 -4.5732336044 -1.0095658302
10.0153455734 -2.4417099953 -1.0083479881
9.8972349167 -2.4336366653 -1.0080387592
8.5506315231 -6.8090000153 -1.0073056221
10.3216581345 -2.3547792435 -1.0069390535
10.2267885208 -2.5380382538 -1.0058729649
10.3057632446 -1.7066059113 -1.0057479143
8.9578714371 -6.1498389244 -1.0057156086
8.9516344070 -6.1959676743 -1.0044211149
10.7546625137 -2.1185796261 -1.0027981997
10.6141166687 -4.7842860222 -1.0015937090
10.5548171997 -2.4257900715 -1.0012660027
10.8217706680 -2.4509930611 -0.9985500574
10.7907171249 -2.4056344032 -0.9981369972
9.5406446457 -5.4778122902 -0.9979022741
10.9509153366 -1.3168888092 -0.9978873134
10.3180799484 -2.1050879955 -0.9975667000
10.1856918335 -2.6254796982 -0.9966067672
10.5273656845 -2.6245226860 -0.9917026758
9.8966722488 -3.2775249481 -0.9903705120
10.7171840668 -2.4284896851 -0.9891489744
9.3893184662 -6.4400215149 -0.9882612824
8.9384317398 -6.2668290138 -0.9844145775
10.8029766083 -3.3199906349 -0.9837918282
9.4745855331 -6.1344628334 -0.9744390845
10.0206985474 -2.6124985218 -0.9704391956
9.3940362930 -4.1168766022 -0.9665068388
10.8071498871 -4.2645964622 -0.9652855396
9.5086832047 -6.3708467484 -0.9622792006
10.3878326416 -1.8228855133 -0.9617343545
7.2761931419 -8.5309400558 -0.9617142677
10.3319759369 -1.7721854448 -0.9551609755
10.2162866592 -2.0845568180 -0.9533709288
9.7360086441 -6.4300332069 -0.9531136155
9.4489717484 -5.4291086197 -0.9515551329
7.1781644821 -7.2531018257 -0.9427357316
8.7904911041 -6.9974803925 -0.9366289377
11.0419330597 -2.8843841553 -0.9355741143
9.0761432648 -6.2640171051 -0.9220749736
7.9101486206 -6.5448694229 -0.9217641950
8.9121789932 -6.2964043617 -0.9089913368
10.2687025070 -2.4177236557 -0.9017758965
8.7063570023 -6.9362287521 -0.8905667067
10.4888525009 -3.4112205505 -0.8899671435
8.8040609360 -6.2890934944 -0.8700714707
9.5273761749 -6.2271370888 -0.8673522472
9.0640392303 -6.7041344643 -0.8672701716
8.6466245651 -5.8423166275 -0.8602421880
8.2418222427 -6.3389930725 -0.8481991887
9.1869993210 -6.9023251534 -0.8422651291
8.6939392090 -7.2896003723 -0.8376501799
7.8593688011 -7.9529585838 -0.8356016874
8.7970285416 -7.1730613708 -0.7959005237
8.9836997986 -6.0272011757 -0.6556750536
8.8474693298 -6.0473084450 -0.5468298197
12.1010160446 -1.0245482922 -1.4146230221
12.0519771576 -1.0370023251 -1.3739746809
11.0839004517 -6.6180977821 -1.3694431782
11.9990606308 -1.0150473118 -1.3646631241
12.1815624237 -0.9799098969 -1.3641283512
12.1887273788 -0.9770248532 -1.3574542999
12.0751333237 -0.9716206789 -1.3524228334
12.1047449112 -1.0336279869 -1.3524053097
12.1443614960 -0.9554511905 -1.3440057039
11.9983577728 -1.0248135328 -1.3407131433
12.1559247971 -1.2287434340 -1.3363219500
12.2754316330 -0.9966753125 -1.3344702721
11.7859964371 -1.3189357519 -1.3335502148
11.9702110291 -1.0313673019 -1.3322310448
11.9726457596 -1.0430518389 -1.3320852518
12.0626754761 -1.0774627924 -1.3283499479
12.0203657150 -1.0269007683 -1.3204784393
11.6495523453 -1.3076933622 -1.3202167749
11.9563312531 -1.0680212975 -1.3166735172
12.2551441193 -0.9627020955 -1.3151005507
11.9212493896 -0.9256182313 -1.3111439943
11.8825235367 -1.1682127714 -1.3111298084
12.0865020752 -0.9680420756 -1.3074547052
11.6647863388 -1.1610448360 -1.3014154434
9.4033536911 7.1696834564 -1.3001869917
12.2764482498 -0.9274586439 -1.2945319414
11.7793798447 -1.3052488565 -1.2893235683
12.3658628464 -0.9699317217 -1.2855215073
11.9308824539 -1.0326666832 -1.2855212688
11.6732587814 -1.2934899330 -1.2777080536
11.4259986877 -3.2017340660 -1.2759348154
12.2416543961 -0.9465098381 -1.2743376493
12.0605945587 -0.0392863564 -1.2738937140
11.4643440247 -6.5941977501 -1.2702686787
12.1003179550 -0.9493536949 -1.2678674459
12.1950588226 -0.9163032174 -1.2668212652
12.4195899963 -1.4351778030 -1.2656207085
12.1591682434 -1.4631963968 -1.2653322220
12.1350984573 -0.9386799932 -1.2636121511
11.2865304947 -6.5159354210 -1.2571933270
12.2032155991 -0.8112716675 -1.2522503138
11.6488246918 -2.1037609577 -1.2492420673
12.2312021255 -0.8501054645 -1.2469332218
12.1455602646 -0.9141278267 -1.2464258671
12.1772994995 -0.9870448709 -1.2414859533
11.7721757889 -1.2305873632 -1.2346895933
12.0648870468 -1.0548824072 -1.2291673422
10.6922187805 -6.6460709572 -1.2262773514
11.6728048325 -1.1467314959 -1.2259571552
10.6360330582 -6.9075202942 -1.2253899574
11.6927671432 -4.4998974800 -1.2248218060
10.7683734894 -5.7380447388 -1.2200689316
11.9977865219 -0.9407502413 -1.2171598673
11.4317016602 -3.4861629009 -1.2158092260
12.2324771881 -0.9392365813 -1.2141482830
11.2883739471 -6.2981863022 -1.2118356228
12.0062074661 -0.9419861436 -1.2117803097
11.3178510666 -6.4066691399 -1.2107927799
12.1859970093 -1.0182543993 -1.2067900896
12.1224946976 -0.9186011553 -1.2041294575
11.7452650070 -1.2028540373 -1.1976797581
11.7000608444 -1.1178605556 -1.1974943876
12.0428733826 -0.9056844115 -1.1970359087
12.0794582367 -1.0096338987 -1.1964147091
10.6755723953 -7.0503063202 -1.1909620762
12.2193727493 -0.8615906835 -1.1878312826
12.0109643936 -1.7218092680 -1.1869418621
12.0953693390 -0.9074276686 -1.1866891384
12.0195674896 -1.0331250429 -1.1859807968
11.6144313812 -1.8191931248 -1.1782302856
11.3828725815 -2.8563685417 -1.1753160954
12.1057920456 -0.9516289234 -1.1752218008
9.7404975891 6.6633949280 -1.1751930714
11.8947772980 -1.0316087008 -1.1693861485
10.4399490356 -6.6216459274 -1.1684943438
10.5133647919 -6.5358362198 -1.1666425467
10.7545394897 -4.7592768669 -1.1639167070
11.6979951859 -2.0668647289 -1.1616669893
11.3663959503 -3.5341875553 -1.1608232260
12.1358070374 -0.9656441212 -1.1576910019
11.6331443787 -2.6741385460 -1.1568764448
12.1954736710 -0.8814521432 -1.1519366503
12.0142240524 -0.9856663942 -1.1517395973
11.5925512314 -2.0492870808 -1.1515377760
11.7239017487 -1.8346229792 -1.1507322788
10.8532152176 -6.6575217247 -1.1458355188
11.4751596451 -2.3904566765 -1.1444671154
12.1207427979 -0.9489318728 -1.1419155598
12.0815868378 -0.9721958637 -1.1396300793
10.5510740280 -6.6639213562 -1.1383951902
11.9850387573 -0.9971972108 -1.1347045898
10.6644754410 -6.8479833603 -1.1331013441
11.4597291946 -2.6282200813 -1.1328185797
12.0084409714 -1.0138843060 -1.1302465200
10.6507673264 -6.7811474800 -1.1275472641
12.2461690903 -0.9729228020 -1.1268246174
11.5923070908 -2.7523570061 -1.1246380806
11.7368755341 -1.2002100945 -1.1241539717
12.1334648132 -0.9299766421 -1.1226568222
11.6329431534 -2.8410186768 -1.1178307533
11.9185380936 -1.5221356153 -1.1150234938
9.9670543671 -6.3722705841 -1.1101506948
11.5287103653 -2.8170692921 -1.1081451178
11.4230785370 -3.3810749054 -1.1074416637
10.2412891388 -6.5365667343 -1.1016672850
12.3636589050 -0.8779035807 -1.0978548527
11.2992277145 -6.6036696434 -1.0956937075
9.8407564163 -6.4816994667 -1.0949623585
11.5844392776 -2.2807290554 -1.0935447216
10.9217691422 -6.5184550285 -1.0919183493
11.6321620941 -3.0589437485 -1.0889462233
11.6288690567 -2.2308585644 -1.0863467455
11.6959648132 -2.2502324581 -1.0838106871
11.8701095581 -1.5165857077 -1.0833890438
10.0617017746 -6.4290819168 -1.0824218988
10.3832187653 -5.4862804413 -1.0783809423
11.1118764877 -4.0729107857 -1.0781590939
10.3855333328 -5.9564065933 -1.0742412806
9.9853115082 -6.4611706734 -1.0715245008
11.0537548065 -4.5483617783 -1.0705814362
10.5382089615 -6.4953060150 -1.0693438053
11.0252618790 -4.6053075790 -1.0680407286
10.0218639374 -6.4636230469 -1.0676084757
11.7054033279 -1.9181039333 -1.0622946024
10.9535989761 -4.5107989311 -1.0613793135
11.5442619324 -2.5956115723 -1.0590519905
11.0638055801 -3.9219751358 -1.0573493242
10.8838367462 -6.3744258881 -1.0557390451
10.4358310699 -7.7083063126 -1.0502310991
11.5736074448 -2.8628222942 -1.0452411175
10.6188516617 -6.7026610374 -1.0397392511
11.2302217484 -6.8605694771 -1.0388748646
10.2498397827 -6.5997300148 -1.0310010910
10.5482807159 -6.5258173943 -1.0262352228
10.5076942444 -6.7702379227 -1.0190343857
10.0201597214 -7.5308389664 -1.0173693895
11.1123085022 -3.9932549000 -1.0139678717
10.4004459381 -6.5637526512 -1.0132155418
10.7125463486 -4.8262720108 -1.0106205940
9.8682641983 -7.5575208664 -1.0041633844
11.1652936935 -5.8150796890 -1.0021781921
10.1564741135 -7.1671247482 -0.9913867116
10.0676231384 -7.1073980331 -0.9829341769
10.1435709000 -6.4905209541 -0.9827041626
10.8144721985 -4.8681564331 -0.9812761545
10.4995212555 -6.7636704445 -0.9460361600
10.8558883667 -6.2400875092 -0.9163801670
10.1670417786 -6.5464768410 -0.9103218317
8.6931934357 -8.1003923416 -0.9045769572
10.2225685120 -6.5368127823 -0.8889473081
9.6907567978 -7.3299880028 -0.8814893961
10.2481765747 -6.4268732071 -0.8712660074
10.2626113892 -6.7150006294 -0.8611126542
10.7210845947 -6.6824488640 -0.8098361492
10.7655744553 -6.7158427238 -0.8072969913
12.1025505066 -0.9301251769 -0.4584541023
10.7219247818 -4.9146981239 -0.4469880760
14.4502601624 -6.4429469109 -3.5574543476
14.7420873642 -4.6661438942 -3.0049602985
14.7467756271 -4.6588478088 -2.9321045876
15.1585950851 -3.3411686420 -2.8986291885
13.9585838318 -6.7515873909 -2.8898615837
15.2329902649 -3.0162467957 -2.7845430374
15.0610036850 -4.2354092598 -2.5690972805
14.5265512466 -5.5936260223 -2.5634257793
14.2961349487 -6.3487915993 -2.5364167690
13.7609548569 -7.5690732002 -2.4886357784
14.4053573608 -6.1111469269 -2.3351831436
12.1820249557 -6.1636309624 -2.2500748634
15.0234546661 -4.4368658066 -1.8253962994
14.6731367111 -7.4317431450 -1.7229207754
15.3623228073 -3.1209990978 -1.6779650450
16.4343261719 -2.7132151127 -1.6379957199
14.4119672775 -5.7228269577 -1.6148084402
13.9127559662 -3.0439329147 -1.5992628336
16.3377494812 -2.6947419643 -1.5372930765
13.8319721222 -3.4894006252 -1.5110343695
13.9146652222 -2.8363652229 -1.5108896494
15.0819149017 -3.9438679218 -1.4860854149
13.9688158035 -2.3723680973 -1.4834452868
14.3654260635 -7.1115736961 -1.4598641396
14.5694837570 -1.8686667681 -1.4567112923
13.4630899429 -5.7562012672 -1.4516563416
14.6533412933 -3.4613528252 -1.4498473406
14.6238069534 -3.3999466896 -1.4437887669
14.4150714874 -2.7855877876 -1.4356669188
14.5671234131 -1.9233359098 -1.4300552607
15.0286130905 -2.2759742737 -1.4213029146
14.2905015945 -2.9162142277 -1.4150216579
15.0533351898 -2.9047110081 -1.4141193628
14.7417621613 -3.5715453625 -1.4100184441
13.8586082458 -2.9019787312 -1.4078856707
14.7587299347 -5.1586027145 -1.4046511650
14.4244995117 -2.8413507938 -1.4001809359
14.4467172623 -2.5095188618 -1.3969975710
12.0348968506 -6.5036015511 -1.3937920332
11.4445743561 -6.7992339134 -1.3930429220
14.7993335724 -3.6495215893 -1.3917533159
14.6651229858 -1.9476803541 -1.3900829554
14.6834545135 -1.8809745312 -1.3868918419
14.6338901520 -1.7216323614 -1.3831915855
14.7742462158 -3.5904295444 -1.3809416294
14.4502916336 -1.9839129448 -1.3795484304
14.3704681396 -1.8360153437 -1.3736879826
13.9680948257 -3.1691589355 -1.3722993135
14.7160921097 -3.5089747906 -1.3691211939
14.7713956833 -0.7836800814 -1.3659814596
13.4409809113 -4.9612731934 -1.3579454422
14.5436143875 -1.6061984301 -1.3455594778
13.8783273697 -3.4957835674 -1.3381288052
14.8536539078 -3.5956559181 -1.3365943432
14.5020914078 -1.7274653912 -1.3358641863
14.2926626205 -3.9262728691 -1.3352866173
14.6617193222 -3.4707248211 -1.3306325674
14.4145030975 -1.7945433855 -1.3304220438
14.6232566833 -2.0148775578 -1.3299008608
14.4424991608 -2.1352779865 -1.3293712139
14.6196746826 -2.6176307201 -1.3268246651
14.7437667847 -3.1041605473 -1.3234767914
14.5731391907 -2.6661069393 -1.3205277920
14.5069847107 -1.9187407494 -1.3194576502
15.1973028183 -4.1320238113 -1.3166745901
11.4921455383 -6.9453730583 -1.3151317835
14.4991350174 -2.6837813854 -1.3147559166
14.1107397079 -3.2786419392 -1.3138169050
13.7473611832 -4.8102178574 -1.3090968132
14.5930099487 -3.2786529064 -1.3079941273
13.8633556366 -3.4246630669 -1.3048838377
14.5736303329 -3.3848128319 -1.3047871590
14.4336824417 -1.9195861816 -1.3016535044
13.8042650223 -3.3606464863 -1.2981237173
14.5490369797 -2.1121222973 -1.2930189371
14.7703084946 -3.4942548275 -1.2920205593
14.7188110352 -4.9813380241 -1.2908160686
12.1312274933 -6.0123467445 -1.2883092165
14.8777408600 -3.0017569065 -1.2864451408
14.4546766281 -4.8408532143 -1.2860426903
14.7420206070 -3.4889965057 -1.2860325575
12.4567918777 -5.6857872009 -1.2846380472
13.6878423691 -4.0460696220 -1.2832976580
14.7791891098 -3.6978092194 -1.2831379175
13.5171861649 -5.0370988846 -1.2822166681
14.5675477982 -1.8777430058 -1.2790800333
13.6864442825 -4.5634241104 -1.2773727179
13.6890926361 -4.7975125313 -1.2723586559
14.5088605881 -1.9021885395 -1.2713947296
14.2607078552 -6.2862515450 -1.2713127136
14.2789764404 -0.6340488791 -1.2708315849
14.5888719559 -3.6801397800 -1.2700762749
14.7225351334 -3.7713069916 -1.2693158388
14.8470220566 -4.7550158501 -1.2690420151
13.6854906082 -4.3124389648 -1.2663785219
14.6470336914 -3.6316685677 -1.2641346455
14.6583576202 -1.6160485744 -1.2620055676
11.8451070786 -6.3460063934 -1.2616209984
14.2903671265 -6.0241551399 -1.2581617832
14.3850383759 -1.9183120728 -1.2564502954
14.6336250305 -3.5317702293 -1.2547761202
14.3934383392 -1.9146178961 -1.2524235249
15.0260810852 -3.1934993267 -1.2512549162
14.8580684662 -3.6059374809 -1.2498595715
13.8599214554 -3.3860030174 -1.2497624159
14.6070089340 -3.4093186855 -1.2472780943
14.8504695892 -3.5126230717 -1.2470731735
14.9871349335 -3.0210540295 -1.2449588776
14.7292919159 -3.5353975296 -1.2410798073
11.0651998520 -7.4620900154 -1.2398680449
14.6519536972 -3.3949439526 -1.2361655235
14.6971302032 -2.1400563717 -1.2345083952
14.3927030563 -2.5998189449 -1.2328736782
14.5810718536 -1.8661867380 -1.2310969830
14.7004776001 -3.5854077339 -1.2296996117
11.6523475647 -6.9887056351 -1.2259892225
14.7782144547 -3.9975118637 -1.2241855860
14.4748353958 -1.8533185720 -1.2224066257
14.5964040756 -3.5603535175 -1.2210421562
14.7259273529 -3.2083725929 -1.2206957340
14.3021135330 -6.5154027939 -1.2189953327
14.5592203140 -1.8428219557 -1.2181501389
14.4952936172 -1.9309066534 -1.2174762487
14.8702812195 -4.6344809532 -1.2167433500
15.1802349091 -2.4596180916 -1.2155097723
13.9420061111 -2.8624532223 -1.2104750872
15.2899599075 -2.3054013252 -1.2085713148
14.5940132141 -5.5661306381 -1.2083619833
14.6277809143 -2.0584828854 -1.2082160711
15.1167955399 -3.3252716064 -1.2051193714
13.7407188416 -3.5079786777 -1.2016537189
14.4563865662 -5.2177467346 -1.2007862329
15.0276107788 -3.1096882820 -1.1981565952
15.0119552612 -3.3036031723 -1.1970176697
13.7599267960 -3.3604474068 -1.1961187124
14.4383163452 -1.8572738171 -1.1957268715
14.9225273132 -3.0891797543 -1.1900182962
11.6778745651 -6.8344297409 -1.1863714457
14.8456850052 -2.9657428265 -1.1854178905
13.6465797424 -4.5659837723 -1.1838227510
12.7405967712 -7.3977975845 -1.1832965612
14.9165086746 -2.9229834080 -1.1819189787
13.9956331253 -2.5042819977 -1.1810588837
14.2829208374 -5.9689335823 -1.1809350252
14.6694288254 -1.8548283577 -1.1788487434
14.5465078354 -1.8240332603 -1.1701273918
14.2190799713 -6.1315221786 -1.1699861288
13.7883434296 -2.8279142380 -1.1690514088
13.9827241898 -2.5457637310 -1.1682839394
14.8975200653 -3.4157595634 -1.1664265394
14.1169681549 -2.3616726398 -1.1659390926
14.3571729660 -6.1083483696 -1.1653113365
14.4918041229 -2.0445246696 -1.1628113985
13.7447700500 -4.4675450325 -1.1625345945
15.0644903183 -3.3011415005 -1.1612148285
14.4828796387 -1.8291503191 -1.1594827175
13.8617200851 -2.6138589382 -1.1571482420
14.5372238159 -1.9564936161 -1.1553298235
14.4986104965 -1.9159789085 -1.1544678211
14.3843288422 -1.8591752052 -1.1543562412
13.4866504669 -5.4438476562 -1.1524976492
13.6675090790 -3.3731973171 -1.1516138315
14.9451236725 -3.5555193424 -1.1502239704
14.5561790466 -3.1781430244 -1.1485147476
14.1381731033 -6.2957363129 -1.1429603100
13.9973573685 -5.2617464066 -1.1426290274
14.6589193344 -3.3557114601 -1.1416305304
14.9292612076 -3.1710054874 -1.1414977312
14.5970048904 -4.5148391724 -1.1401681900
13.4168930054 -5.0488386154 -1.1349205971
11.5009994507 -6.8099327087 -1.1347233057
14.8643293381 -3.1059503555 -1.1329977512
14.4941864014 -4.4848546982 -1.1323404312
14.8213987350 -3.0678958893 -1.1318860054
14.6566085815 -1.8359003067 -1.1304866076
11.3514614105 -7.0611939430 -1.1281672716
15.2972307205 -1.7046586275 -1.1268442869
13.7286367416 -4.3137054443 -1.1263015270
14.4861059189 -3.2293534279 -1.1250954866
14.8130187988 -3.7136883736 -1.1243252754
11.3168001175 -6.9125242233 -1.1241221428
11.5162172318 -6.8130865097 -1.1238754988
14.5739154816 -4.3584718704 -1.1234315634
14.5262823105 -1.9512281418 -1.1220486164
14.4781351089 -5.2858138084 -1.1216934919
14.4195814133 -2.7735354900 -1.1206049919
13.6024103165 -7.4811210632 -1.1169167757
14.6085319519 -1.9287405014 -1.1157963276
14.4710540771 -4.3286213875 -1.1155989170
14.7150564194 -3.3413953781 -1.1140832901
13.8494300842 -4.6064891815 -1.1128879786
14.4790172577 -1.9887996912 -1.1120986938
14.5233964920 -2.5619738102 -1.1085226536
13.5699768066 -4.6167707443 -1.1083052158
14.7756490707 -4.6031932831 -1.1066135168
13.3270788193 -5.7795524597 -1.1058453321
14.2905721664 -1.9024404287 -1.1054491997
13.8907403946 -4.5038475990 -1.1045433283
11.4475450516 -7.1142005920 -1.1034673452
14.7969846725 -4.6876378059 -1.1022373438
14.7672185898 -3.3783078194 -1.1016727686
14.1024627686 -5.2965841293 -1.1006015539
13.7441873550 -2.6799366474 -1.0996850729
13.6634616852 -3.3343136311 -1.0991088152
15.0457019806 -3.0969831944 -1.0975399017
11.5704793930 -6.9367074966 -1.0964781046
14.6672906876 -4.7285447121 -1.0954601765
14.9586811066 -2.9839453697 -1.0929148197
14.5942459106 -4.5913696289 -1.0916656256
13.8169660568 -3.3260810375 -1.0888131857
14.9297847748 -2.8458318710 -1.0883157253
13.8825769424 -3.3468174934 -1.0875091553
14.7397041321 -2.0574328899 -1.0843533278
14.6262350082 -3.5774319172 -1.0839307308
14.8280763626 -3.1492435932 -1.0833681822
13.8112726212 -4.4482264519 -1.0830631256
14.5017042160 -3.3805665970 -1.0826026201
14.6361808777 -1.9639106989 -1.0817110538
13.8065519333 -3.3796231747 -1.0795190334
13.7782316208 -3.3227176666 -1.0794831514
14.5970096588 -2.0615100861 -1.0777944326
14.9797611237 -4.0371165276 -1.0770900249
14.4769668579 -1.8613591194 -1.0767418146
14.1914844513 -6.0640406609 -1.0763338804
14.6071605682 -1.7522308826 -1.0755608082
13.3764667511 -5.7792534828 -1.0740361214
14.2099685669 -5.8938183784 -1.0732574463
14.8822374344 -3.0041873455 -1.0732097626
14.4181900024 -1.8856456280 -1.0703853369
14.5766420364 -2.0904374123 -1.0699185133
14.6457719803 -2.2664291859 -1.0691927671
14.5317306519 -1.7995762825 -1.0679435730
15.0196914673 -4.6440801620 -1.0655882359
14.2225542068 -6.1397199631 -1.0646110773
14.5142717361 -4.7136187553 -1.0644098520
14.6900777817 -3.7801880836 -1.0632735491
14.9767074585 -4.2705063820 -1.0623556376
13.5118980408 -7.4304437637 -1.0605865717
13.9718351364 -2.8478283882 -1.0597895384
14.9067897797 -4.1223759651 -1.0592756271
11.5950717926 -6.7833046913 -1.0571107864
12.4245433807 -6.2233519554 -1.0551933050
14.2656612396 -6.0680418015 -1.0548560619
11.4139747620 -6.7587828636 -1.0494381189
15.4099817276 -1.7144490480 -1.0476294756
14.9146385193 -2.1898570061 -1.0464953184
13.5193300247 -4.6543707848 -1.0461866856
15.1338291168 -2.8152723312 -1.0455425978
14.6627111435 -4.7422862053 -1.0440908670
13.5481796265 -3.9837226868 -1.0354366302
14.6617240906 -1.6350402832 -1.0330643654
14.5636959076 -4.4677491188 -1.0329867601
14.5842809677 -5.4975409508 -1.0302886963
14.6441812515 -5.1993927956 -1.0300662518
13.4453353882 -3.9537856579 -1.0276066065
15.0894012451 -4.0295882225 -1.0225487947
13.3424911499 -3.9238505363 -1.0197767019
14.9371728897 -3.5855958462 -1.0197317600
15.1003046036 -2.2531690598 -1.0191969872
14.4271821976 -1.9359294176 -1.0186582804
13.7525634766 -3.9707260132 -1.0182377100
14.4287900925 -1.7860180140 -1.0135393143
13.8921957016 -2.7137167454 -1.0094224215
13.7266273499 -3.3976416588 -1.0086821318
13.6853075027 -4.5994277000 -1.0083825588
13.6573009491 -4.5429115295 -1.0083523989
14.7100458145 -3.5185842514 -1.0080776215
14.8111028671 -2.1743416786 -1.0026596785
13.8522691727 -2.6883478165 -1.0018506050
13.5684623718 -3.3394000530 -0.9992972612
14.6252231598 -2.0008177757 -0.9980382919
13.9057359695 -3.6362414360 -0.9961213470
13.6973285675 -4.7661762238 -0.9947959781
13.8456649780 -2.7861170769 -0.9930887818
13.4644098282 -3.3139173985 -0.9916472435
14.0861063004 -2.4991445541 -0.9908422828
14.6270313263 -4.5349740982 -0.9905019999
14.6470813751 -4.5087475777 -0.9891595840
14.0580825806 -2.5240473747 -0.9861989617
13.9804391861 -2.4815576077 -0.9836107492
14.7405691147 -3.0620431900 -0.9799925685
14.9798374176 -4.6723384857 -0.9787179828
14.5471649170 -4.5967235565 -0.9770469666
13.7104692459 -4.5775833130 -0.9729408026
14.4408302307 -4.6268582344 -0.9715650678
14.9097719193 -4.7164249420 -0.9694200158
13.7274503708 -3.6609826088 -0.9685414433
13.6561937332 -3.4437553883 -0.9605979919
13.5696620941 -3.3074243069 -0.9596649408
13.8447875977 -2.1914217472 -0.9583846927
14.5264739990 -3.0566306114 -0.9575186372
13.9163894653 -3.7264609337 -0.9562298656
13.7902116776 -2.6933689117 -0.9562078714
13.7882614136 -2.8254516125 -0.9503959417
15.5564689636 -2.7597632408 -0.9449782968
13.8772497177 -2.4633431435 -0.9410968423
13.5679502487 -3.4024257660 -0.9390596747
14.3561363220 -3.8270096779 -0.9354770184
13.9582433701 -3.0944697857 -0.9335039854
14.7864017487 -2.9814538956 -0.9327164292
14.9604635239 -3.6330294609 -0.9308068156
13.9109458923 -3.3589024544 -0.9281372428
13.7633152008 -3.4691665173 -0.9238404036
13.6752071381 -3.4451432228 -0.9231992960
13.3724842072 -3.3534624577 -0.9199652672
13.5911521912 -3.3261075020 -0.9191726446
13.6332511902 -3.4187219143 -0.9190500379
14.7517700195 -3.5839250088 -0.9179326892
13.6290569305 -3.3706076145 -0.9142619371
15.3090324402 -3.9367032051 -0.9079471827
13.4481229782 -3.9769728184 -0.9012396932
13.8990316391 -3.6861393452 -0.8998020887
13.9581060410 -2.5047135353 -0.8966408372
14.7011318207 -2.2349383831 -0.8928513527
13.5217838287 -3.3495149612 -0.8926589489
14.5719804764 -4.6356229782 -0.8889601231
14.4964885712 -4.5173940659 -0.8858857751
13.9271764755 -2.2077732086 -0.8837931752
13.5144691467 -3.1942667961 -0.8828460574
13.3891410828 -4.0952115059 -0.8805993795
13.5272731781 -3.3443632126 -0.8749800920
13.7919578552 -3.3588035107 -0.8703759909
13.7326183319 -3.5689184666 -0.8630774021
13.3474321365 -3.9468162060 -0.8613451719
13.6284809113 -3.5435845852 -0.8566669822
14.7597560883 -4.2178578377 -0.8539314270
13.5091419220 -3.3326432705 -0.8513934016
13.7006702423 -3.3498170376 -0.8484763503
13.4822540283 -3.3767068386 -0.8469632268
13.9931888580 -2.6711008549 -0.8454524875
13.9086503983 -2.5379798412 -0.8426271677
13.8180027008 -2.4347057343 -0.8388702273
13.4806814194 -3.2838678360 -0.8377044201
13.9210214615 -2.5496718884 -0.8352826834
13.8529462814 -2.7349252701 -0.8338699937
14.6872215271 -2.9592361450 -0.8300297856
13.7475728989 -2.7152020931 -0.8276129961
13.5292797089 -3.9930758476 -0.8265978694
13.6634273529 -2.5839700699 -0.8247640729
13.6932392120 -2.6715595722 -0.8241946101
13.8261041641 -3.4190454483 -0.8233854175
13.7852973938 -3.4489915371 -0.8227908015
13.7370872498 -2.7762923241 -0.8219733238
13.6904735565 -3.3341445923 -0.8171861172
13.6809139252 -3.4246208668 -0.8166806102
13.6172647476 -3.3705785275 -0.8111557364
13.6321258545 -3.3724567890 -0.8079638481
14.7088813782 -2.1607205868 -0.8027995229
13.6356277466 -3.3783824444 -0.8022559881
13.5878515244 -3.3077740669 -0.7997262478
13.5313682556 -3.3533608913 -0.7961657047
13.9614410400 -2.6957519054 -0.7902662158
13.4572935104 -3.3587248325 -0.7869529724
13.8715696335 -2.5930488110 -0.7868645191
14.7492513657 -3.0070583820 -0.7848204970
13.7858543396 -2.4639630318 -0.7842298746
13.7412881851 -2.7244377136 -0.7828153372
14.6946725845 -3.2543611526 -0.7819106579
13.7245492935 -3.3939573765 -0.7705317140
14.2032155991 -5.0915365219 -0.7628996372
13.5923662186 -3.3996212482 -0.7612553239
13.6949234009 -3.3316366673 -0.7610772252
13.5617036819 -3.4223051071 -0.7609472871
13.7768020630 -3.7025854588 -0.7598129511
13.5156679153 -3.3455016613 -0.7589649558
14.5764913559 -3.3414039612 -0.7238446474
13.8131313324 -3.3723580837 -0.7206489444
12.1798353195 -6.6953358650 -0.7173746824
13.5848340988 -5.3187737465 -0.7140831947
13.5735206604 -3.3509037495 -0.7115033865
13.4600372314 -3.3968033791 -0.7090931535
13.5175104141 -3.3003659248 -0.7088253498
13.4707241058 -3.3789784908 -0.7062271833
14.6311893463 -3.3816297054 -0.6747251749
13.5775518417 -3.4029691219 -0.6662303209
13.3992147446 -3.3337824345 -0.6587478518
14.6904706955 -4.4912014008 -0.6548233032
13.8543739319 -2.7413287163 -0.6494757533
13.8335285187 -2.7569262981 -0.6470245719
14.8287973404 -2.0205368996 -0.6279804707
14.7224044800 -2.0066649914 -0.6234611273
13.4739513397 -3.3244524002 -0.6165291667
14.6464881897 -3.1503763199 -0.5949349999
13.5837707520 -4.8315420151 -0.5890360475
14.3996372223 -1.8384056091 -0.5763500929
13.7377519608 -4.5403819084 -0.5591679811
13.6881341934 -4.5922808647 -0.5542835593
14.6670427322 -3.5522253513 -0.5508854389
13.3949813843 -3.2690761089 -0.5355919003
14.5351772308 -1.8192551136 -0.5335274935
13.5643091202 -4.7914481163 -0.5098795295
13.6044511795 -4.9882388115 -0.5073834062
14.5848484039 -3.3607831001 -0.5060442090
13.7397079468 -4.6567907333 -0.4866124988
12.0106143951 -6.9282169342 -0.4688185751
13.8068447113 -4.6340327263 -0.4422643781
13.6693096161 -4.8243265152 -0.4330193400
14.6443901062 -3.3058857918 -0.4155817926
14.5567455292 -3.2851872444 -0.4145564735
14.7806348801 -1.5258375406 -0.4123300314
14.7365207672 -2.2641398907 -0.3862388730
13.4484853745 -3.3085732460 -0.3762696683
14.5971975327 -3.3172521591 -0.3631439209
14.2243099213 -2.5033571720 -0.3609294593
14.7235975266 -3.2341504097 -0.3596392870
14.5817098618 -3.4910132885 -0.3507322669
14.6785545349 -3.1827731133 -0.3126681149
14.7227916718 -3.5156190395 -0.3073735833
14.9904918671 -1.6775605679 -0.3038765192
13.5998401642 -5.1544303894 -0.2839516997
14.6198053360 -3.5026872158 -0.2717335820
13.4427595139 -5.6313281059 -0.2553128004
20.8520946503 10.7947540283 -2.0233774185
20.0412864685 11.8464241028 -2.0096833706
20.1793899536 11.7279424667 -2.0095221996
20.0316352844 11.7743434906 -2.0038411617
19.9488296509 11.7925653458 -2.0004863739
19.9391269684 11.7205677032 -1.9946436882
19.7956027985 11.7928075790 -1.9858971834
19.8211631775 11.7709970474 -1.9827538729
20.2949943542 11.1228666306 -1.9531401396
20.2112579346 11.8107748032 -1.9469739199
20.1274776459 11.9121294022 -1.9453984499
20.1295967102 11.8309650421 -1.9402228594
20.0278759003 11.8445472717 -1.9394005537
20.0261230469 11.9146881104 -1.9373679161
20.0350189209 11.8582181931 -1.9365327358
20.0776596069 11.7479372025 -1.9325557947
19.9338169098 11.8605203629 -1.9285036325
20.0008831024 11.8330068588 -1.9274492264
19.8931694031 11.8500022888 -1.9229385853
19.9186191559 11.8283233643 -1.9201254845
19.8415126801 11.8063497543 -1.9196392298
19.8617801666 11.7415313721 -1.9191365242
19.9086380005 11.7787189484 -1.9185850620
19.7967224121 12.0078783035 -1.8779923916
19.9266452789 11.9383211136 -1.8634028435
19.9405002594 11.7936763763 -1.8576995134
20.0159301758 11.8855638504 -1.8568165302
19.9477882385 11.8070344925 -1.8551639318
19.9537887573 11.8987407684 -1.8511291742
19.8618354797 11.8439083099 -1.8425986767
20.0103988647 11.9313402176 -1.7964019775
19.8528785706 11.7426719666 -1.7766427994
23.4030723572 -7.7036833763 -1.7715561390
19.9434661865 11.9645967484 -1.7542032003
20.0981445312 11.8927793503 -1.7519091368
19.8366317749 12.1175107956 -1.7501362562
19.8500175476 11.9123077393 -1.7462425232
19.7125759125 11.9597578049 -1.7384747267
19.8995475769 -9.1940898895 -1.7370098829
19.7849102020 11.8227624893 -1.7361723185
19.9214706421 11.8794927597 -1.7332987785
20.7603874207 -9.6687936783 -1.7300971746
20.6903133392 -9.5371541977 -1.7298073769
19.8014774323 -9.1511659622 -1.7286843061
19.6668262482 11.8286666870 -1.7283709049
19.8429508209 11.8888177872 -1.7273662090
20.1502037048 -9.2009887695 -1.6812735796
20.0520114899 -9.1582841873 -1.6732699871
20.1008815765 11.9504947662 -1.6717531681
19.8831462860 11.8776464462 -1.6692631245
19.8471336365 11.9039125443 -1.6682063341
19.8807182312 11.9181003571 -1.6677954197
19.9419422150 -9.0457954407 -1.6662583351
19.9930725098 11.7974815369 -1.6657541990
20.1507968903 11.8051528931 -1.6618496180
19.6657543182 12.0457344055 -1.6608488560
19.7875766754 11.8652095795 -1.6601678133
20.7344951630 -9.3846111298 -1.6568946838
20.8650512695 -9.5507392883 -1.6550139189
19.7626914978 11.8502388000 -1.6542217731
19.8335571289 11.8281641006 -1.6524610519
20.6208400726 -9.4292659760 -1.6507624388
20.5982856750 -9.4937992096 -1.6483246088
22.1461601257 -10.5700798035 -1.6478806734
20.7670669556 -9.5074911118 -1.6473639011
19.7551879883 11.8371896744 -1.6468611956
19.6582317352 -9.2506408691 -1.6354374886
20.2830886841 -9.1344814301 -1.6252901554
20.2058143616 -9.3221092224 -1.6176717281
20.1688747406 -9.3371419907 -1.6115111113
20.1076946259 -9.2791891098 -1.6100083590
20.0708618164 -9.2939748764 -1.6038579941
20.0095767975 -9.2362651825 -1.6023452282
20.0908527374 11.8526744843 -1.5991587639
19.9893913269 -9.2356004715 -1.5972883701
19.9331817627 -9.1307582855 -1.5970394611
19.9728469849 -9.2508106232 -1.5962047577
20.0567588806 -9.0537776947 -1.5918619633
20.0128040314 11.8989887238 -1.5908993483
19.7661094666 11.8648347855 -1.5885270834
19.8162937164 11.9300632477 -1.5864962339
19.7584419250 11.8537330627 -1.5860236883
22.3454055786 -10.6618356705 -1.5857677460
20.7249279022 -9.4713792801 -1.5845999718
19.9201736450 11.8451499939 -1.5836067200
19.6990356445 11.8146419525 -1.5786485672
19.7616691589 -9.2941713333 -1.5732109547
19.1329402924 -9.0099325180 -1.5720163584
20.7170181274 -9.5739078522 -1.5666972399
19.1899166107 -9.0288476944 -1.5607191324
20.1903266907 -9.0918750763 -1.5457428694
20.1482753754 -9.1553153992 -1.5386211872
20.0370960236 -9.1728878021 -1.5331952572
23.2627525330 -8.4921131134 -1.5326660872
19.8405628204 -9.0876016617 -1.5185078382
19.9691753387 11.8186626434 -1.5152490139
19.0439491272 -8.5911760330 -1.5145279169
19.8645744324 11.9081363678 -1.5140486956
20.7865219116 -9.6441144943 -1.5094816685
20.8952159882 -9.5632066727 -1.5092011690
20.6585979462 -9.4129428864 -1.5017691851
20.4925556183 -9.5140991211 -1.4885312319
20.2344264984 -9.1009922028 -1.4649399519
20.0818367004 -9.1795816422 -1.4528068304
19.1523780823 -8.8737468719 -1.4499354362
20.0788784027 11.9186744690 -1.4485899210
19.1158409119 -8.8137216568 -1.4381238222
19.7873210907 11.8786544800 -1.4344937801
22.1417846680 -7.2888674736 -1.4290180206
19.1034984589 -8.9825267792 -1.4223903418
19.3814735413 -8.6001243591 -1.4093229771
19.3081779480 -8.8012418747 -1.3946059942
19.0656204224 -9.0055513382 -1.3896025419
20.1967525482 11.9119052887 -1.3827004433
19.9900531769 11.8669710159 -1.3686853647
19.6481323242 -8.5738954544 -1.3535091877
19.4809551239 -8.6882677078 -1.3402624130
19.3823680878 -8.7015409470 -1.3355016708
19.2357826233 -8.6746149063 -1.3294464350
19.2839698792 -8.6590604782 -1.3288130760
19.1855735779 -8.6165752411 -1.3221248388
19.1577053070 -8.6320524216 -1.3205219507
19.0842456818 -8.7887811661 -1.2916407585
19.2608661652 -8.6738834381 -1.2596206665
19.0233020782 -8.7265863419 -1.2420411110
19.0327339172 -8.7678270340 -1.2330844402
19.5611152649 -8.6374740601 -1.2283176184
19.7057323456 11.8307600021 -1.2080031633
19.0798606873 -8.7847843170 -1.1302844286
19.5986785889 -8.6326980591 -1.1007816792
19.4401130676 -8.5579900742 -1.0856701136
19.4062423706 -8.7483882904 -1.0117888451
19.0412483215 -8.8802022934 -0.9923500419
19.0865917206 -8.9317169189 -0.9901165366
19.1882514954 -8.9746704102 -0.9275228381
18.9507694244 -8.8344469070 -0.8519887328
19.1163539886 -8.6515560150 -0.6769322753
19.0647106171 -8.7915945053 -0.6203855276
19.1659011841 -8.8330078125 -0.5553046465
44.2917709351 20.4220733643 -4.8160443306
48.2440605164 0.5576823354 -4.8085746765
43.2799606323 21.0675258636 -4.7637157440
44.0384025574 20.6791343689 -4.3702855110
44.2331314087 20.3956565857 -4.3521156311
43.4143943787 21.1323661804 -4.3228421211
44.8076934814 20.7502803802 -4.2608251572
39.6193542480 21.4881420135 -4.1766262054
43.1740493774 21.2094821930 -4.1509456635
48.4117851257 0.8578566909 -4.1088981628
48.4057960510 0.6964007616 -4.1050853729
38.6969718933 21.3862876892 -4.0965533257
48.3025665283 0.4126941860 -4.0900268555
36.7935218811 19.8002033234 -3.9980647564
48.5371856689 0.9364051223 -3.9647543430
48.4614944458 0.7145026326 -3.9564559460
48.3759460449 0.5383649468 -3.9487144947
48.3218498230 0.5178647041 -3.9305167198
44.1706771851 20.7405223846 -3.9201011658
49.0631675720 3.3920595646 -3.9153311253
39.9085197449 21.8176612854 -3.9142615795
44.0435752869 20.5420799255 -3.8941912651
44.1691513062 20.5410594940 -3.8903851509
48.8449592590 2.8625738621 -3.8728764057
38.8328132629 22.0344867706 -3.8651528358
48.5214996338 1.2944576740 -3.8168363571
48.5940208435 1.2493494749 -3.8156435490
48.8705749512 4.5401883125 -3.7683928013
48.9213447571 4.1899609566 -3.7661724091
43.9870109558 20.6561050415 -3.7503452301
36.7266082764 20.1855487823 -3.7421495914
44.2550735474 19.9609432220 -3.7359454632
35.2903633118 18.9972534180 -3.7096052170
36.1259727478 19.4934062958 -3.6663839817
36.3183212280 19.0405025482 -3.6643121243
48.5001678467 0.9242999554 -3.6628177166
36.1175575256 19.3745174408 -3.6625359058
48.5490875244 1.0901237726 -3.6591954231
36.1870002747 19.2404651642 -3.6585876942
48.4479522705 0.8067307472 -3.6452355385
44.2816009521 20.4834957123 -3.6372306347
48.2999877930 0.4052197039 -3.6234030724
49.1594200134 3.2427940369 -3.6114127636
49.2185325623 3.0237171650 -3.6092877388
38.7599792480 21.9931049347 -3.5759057999
48.9234199524 2.7121586800 -3.5721154213
36.0676803589 19.4117355347 -3.5339264870
36.0846977234 19.2771167755 -3.5271310806
36.0331153870 19.3292026520 -3.5259346962
36.1024169922 19.1953468323 -3.5223171711
35.9902038574 19.2269115448 -3.5179219246
48.5094375610 1.2534196377 -3.5072200298
49.0546112061 3.8916175365 -3.4974582195
48.3682861328 0.3956323862 -3.4904873371
49.4429283142 1.7030594349 -3.4773724079
35.3794250488 19.0921878815 -3.4650273323
48.7804222107 2.0645725727 -3.4526877403
48.7375259399 2.2488350868 -3.4496297836
36.0747947693 19.4828281403 -3.4384720325
48.6872558594 2.2606997490 -3.4358406067
36.0116577148 19.5608844757 -3.4066200256
48.4781799316 0.7770784497 -3.3927063942
35.9482650757 19.2836761475 -3.3899614811
35.6536102295 19.3520660400 -3.3858072758
35.9835853577 19.1494407654 -3.3851270676
48.5557479858 6.6831593513 -3.3827857971
35.9052619934 19.1815032959 -3.3822793961
49.5505981445 3.3834578991 -3.3655266762
48.8085060120 4.5043153763 -3.3464579582
48.9729652405 3.8475573063 -3.3417546749
35.2556114197 19.1533031464 -3.3353841305
36.2636184692 20.0466079712 -3.3259975910
48.7507133484 2.5987136364 -3.3110225201
48.7492599487 2.4308650494 -3.3050305843
43.2954902649 20.7203598022 -3.2931420803
35.8123397827 19.5675773621 -3.2911400795
35.8729934692 19.2306327820 -3.2833411694
35.7993698120 19.3394947052 -3.2823905945
48.5885047913 1.4442008734 -3.2693681717
36.1243286133 18.6606216431 -3.2639327049
48.4540786743 1.5736597776 -3.2616236210
48.4552040100 1.7198487520 -3.2613632679
48.6414833069 7.0311346054 -3.2505755424
49.2947921753 5.1324863434 -3.2385530472
39.2258644104 21.7798004150 -3.2055997849
49.5845794678 2.9290912151 -3.2052776814
36.8996009827 19.0537719727 -3.2023258209
44.4113006592 20.3839492798 -3.1966879368
49.0916175842 3.9270849228 -3.1952552795
48.8752861023 4.2650732994 -3.1909480095
49.3712997437 2.7520344257 -3.1879005432
36.1449851990 19.6520214081 -3.1812345982
44.1063041687 20.4251861572 -3.1711270809
43.7625389099 20.9740257263 -3.1707386971
36.1726074219 19.4838695526 -3.1696639061
35.9162063599 19.6219501495 -3.1695475578
35.9984588623 19.4427356720 -3.1693460941
35.9728126526 19.5546550751 -3.1649849415
36.0778999329 19.4339408875 -3.1614484787
35.9034690857 19.3933620453 -3.1611301899
36.1541290283 19.0952777863 -3.1574769020
35.8781242371 19.5046825409 -3.1567692757
48.8877944946 2.2226381302 -3.1562809944
36.1357192993 19.0993385315 -3.1539046764
35.9382171631 19.1693210602 -3.1493120193
49.4491958618 0.4448886812 -3.1408309937
36.4993247986 20.2678470612 -3.1334340572
48.6385192871 1.3897182941 -3.1114137173
48.4912796021 1.4445159435 -3.1097648144
48.4920578003 1.4840321541 -3.1068422794
36.5364036560 19.8938446045 -3.1062295437
34.9527854919 19.2659263611 -3.0960319042
36.3171920776 19.8308238983 -3.0949089527
35.8993110657 19.5754299164 -3.0703620911
39.0606002808 21.9888515472 -3.0696861744
38.9666442871 21.9374027252 -3.0623857975
36.0863037109 19.4014434814 -3.0589628220
49.1198654175 4.1136984825 -3.0548958778
36.0654983521 19.0494441986 -3.0528767109
49.5459709167 3.0860412121 -3.0492396355
49.1066818237 3.9927277565 -3.0437464714
49.0010223389 3.8034496307 -3.0427033901
35.7788391113 19.4879264832 -3.0422983170
35.7049293518 19.5879135132 -3.0411403179
44.3654251099 20.6886863708 -3.0375931263
35.6562919617 19.4061107635 -3.0349478722
48.9959716797 3.6914696693 -3.0321199894
35.5588989258 19.4264144897 -3.0309777260
48.9416847229 3.2920114994 -3.0287961960
44.0631408691 20.4633960724 -3.0239357948
49.5541114807 1.4153709412 -3.0090839863
42.6820869446 7.4773964882 -3.0082044601
48.9109306335 2.4591135979 -3.0043954849
48.7850761414 2.2782778740 -2.9963030815
48.9087791443 2.3606147766 -2.9958188534
36.4885826111 20.0742263794 -2.9952843189
34.9485244751 19.1798839569 -2.9772152901
36.4698638916 20.0001964569 -2.9747977257
34.7461891174 19.2769966125 -2.9701719284
34.7918510437 19.0839443207 -2.9680080414
34.8006286621 19.0220184326 -2.9670476913
48.6158027649 1.6839966774 -2.9629571438
34.7878417969 22.9118690491 -2.9623992443
48.9546241760 0.1626045108 -2.9528491497
48.6991691589 7.2613959312 -2.9470636845
36.2628974915 19.4818592072 -2.9423017502
36.1682701111 19.4316520691 -2.9346656799
36.0736465454 19.3814373016 -2.9270296097
36.2525253296 18.9744071960 -2.9262123108
36.0000076294 19.3554687500 -2.9231214523
49.9552001953 1.7196978331 -2.8930461407
44.5484657288 20.2660675049 -2.8848910332
44.2555885315 20.8091030121 -2.8816936016
49.1530952454 3.3918254375 -2.8815276623
49.0251770020 3.6711452007 -2.8806071281
49.0792236328 3.5393919945 -2.8801679611
44.2501335144 20.7462673187 -2.8791537285
44.2764511108 20.6475811005 -2.8790969849
42.6444664001 7.6796021461 -2.8781764507
49.0230407715 3.3334443569 -2.8743507862
48.9514160156 3.2561776638 -2.8731503487
44.2488822937 20.3754901886 -2.8718795776
48.8632621765 2.8308615685 -2.8573312759
49.4159431458 1.6030766964 -2.8529658318
48.8687362671 2.5546832085 -2.8490278721
36.1368141174 19.0531177521 -2.7924287319
36.1653366089 18.9291973114 -2.7910039425
36.0300598145 19.1456069946 -2.7900125980
35.9133186340 19.3092823029 -2.7879145145
35.7347908020 19.5951232910 -2.7864849567
48.7565498352 6.7402658463 -2.7845087051
36.0327415466 18.4863491058 -2.7756750584
42.9825401306 7.7760257721 -2.7669277191
42.9692115784 7.7397327423 -2.7639477253
42.9710502625 7.7888464928 -2.7635288239
42.8884048462 7.7174954414 -2.7597966194
42.9246978760 7.6824603081 -2.7590939999
42.8637123108 7.7208023071 -2.7571699619
42.9101371765 7.5210771561 -2.7533144951
42.7828941345 7.6986184120 -2.7530193329
42.8191719055 7.6636257172 -2.7523169518
35.1543731689 19.1848754883 -2.7511727810
42.6660690308 7.7191095352 -2.7465925217
42.8045539856 7.5025949478 -2.7465426922
42.6773872375 7.6797423363 -2.7462422848
42.7136611938 7.6447911263 -2.7455406189
49.0482826233 3.7350332737 -2.7327377796
49.0618705750 3.7275266647 -2.7322745323
49.4533691406 2.8923861980 -2.7317075729
35.2683410645 18.7467441559 -2.7313847542
44.3191909790 20.5271110535 -2.7260749340
49.3463096619 2.8861784935 -2.7258028984
34.9343223572 19.0649414062 -2.7232198715
36.6435050964 20.0355110168 -2.7219245434
44.3198051453 20.3620853424 -2.7213191986
49.4545669556 1.9425157309 -2.7090997696
49.4669723511 1.7252326012 -2.7062301636
48.9648742676 2.4352369308 -2.7004487514
49.3581809998 1.6511498690 -2.6974248886
48.8578033447 2.4300768375 -2.6945667267
40.2703514099 21.6070213318 -2.6929061413
49.5595436096 0.0743365660 -2.6728856564
35.7001113892 19.4742622375 -2.6541671753
48.6528167725 1.2772610188 -2.6499288082
48.7415390015 7.1821546555 -2.6385416985
48.8022117615 0.2025378644 -2.6353559494
42.8998527527 7.8332729340 -2.6280887127
42.8849601746 7.7603468895 -2.6245670319
42.7943840027 7.8141608238 -2.6216406822
48.6245689392 6.6494021416 -2.6209719181
42.7794494629 7.7413649559 -2.6181201935
42.7660865784 7.7051477432 -2.6154727936
42.5834159851 7.7759385109 -2.6087434292
35.1348953247 18.9152584076 -2.6036043167
36.8654289246 19.9792232513 -2.5999820232
44.4240379333 20.5755176544 -2.5798192024
36.4658851624 19.8835639954 -2.5797698498
44.2937545776 20.5136985779 -2.5720579624
44.2360687256 20.4852943420 -2.5693185329
49.0041656494 3.1471419334 -2.5613689423
48.9688072205 3.1325802803 -2.5600285530
48.9833908081 3.1075830460 -2.5595593452
48.8800888062 2.9675037861 -2.5523858070
48.8941421509 2.8134264946 -2.5484797955
36.1080284119 19.5714397430 -2.5466914177
48.5577888489 1.6054831743 -2.5029153824
42.9613838196 7.6713685989 -2.4882330894
42.7211227417 7.6928377151 -2.4823842049
42.8558273315 7.6525197029 -2.4821195602
42.6805000305 7.6934332848 -2.4814701080
42.6963768005 7.7982578278 -2.4799160957
42.6535491943 7.7854895592 -2.4776945114
42.7502708435 7.6336712837 -2.4760060310
48.6981201172 6.7891716957 -2.4727237225
44.2051239014 20.4769878387 -2.4532430172
49.2533645630 3.5434627533 -2.4259626865
48.9461250305 2.8013529778 -2.3962559700
48.9318466187 2.4776990414 -2.3887596130
43.0277519226 7.6613306999 -2.3614857197
42.8988342285 7.7338180542 -2.3560667038
42.9279670715 7.6079258919 -2.3552081585
42.7212371826 7.9384551048 -2.3530850410
42.9009475708 7.7192482948 -2.3529326916
42.8335380554 7.7582716942 -2.3503146172
48.6379661560 1.3052420616 -2.3474762440
48.4347381592 1.0332466364 -2.3335440159
49.0627479553 3.7278306484 -2.3061256409
49.4309959412 1.6395958662 -2.2770211697
43.0016479492 7.6388068199 -2.2213730812
42.8335418701 7.9605722427 -2.2205591202
42.9243278503 7.7555465698 -2.2196795940
42.9288864136 7.6461386681 -2.2177362442
42.8511123657 7.7853021622 -2.2172622681
42.9107971191 7.5781998634 -2.2156753540
42.8405685425 7.7177534103 -2.2145543098
42.7589530945 7.8145394325 -2.2137253284
42.7999954224 7.7183160782 -2.2129766941
42.8232383728 7.6278076172 -2.2122950554
42.7455177307 7.7666568756 -2.2118165493
42.8291015625 7.5927944183 -2.2117927074
42.7659149170 7.7166314125 -2.2116441727
42.8020629883 7.7034859657 -2.2114980221
42.7234077454 7.5745487213 -2.2063512802
42.6964683533 7.6846475601 -2.2060480118
42.9615173340 7.8062391281 -2.1189620495
42.9819564819 7.7559952736 -2.1187870502
43.0339012146 7.6000905037 -2.1177225113
42.9690628052 7.7080268860 -2.1171503067
43.0213241577 7.5985865593 -2.1171193123
42.9509696960 7.7387008667 -2.1170027256
48.5448226929 1.3271737099 -2.1147537231
42.8763351440 7.7374553680 -2.1135916710
42.9282379150 7.5815992355 -2.1125266552
42.8634757996 7.6892743111 -2.1119520664
42.8235282898 7.7391734123 -2.1112353802
42.8268661499 7.6850399971 -2.1101992130
42.8225898743 7.5631031990 -2.1073312759
42.7578582764 7.6705179214 -2.1067521572
42.6531372070 7.8375101089 -2.1056668758
42.6792335510 7.7673363686 -2.1053111553
42.7212448120 7.6664485931 -2.1050028801
42.7223663330 7.6117644310 -2.1038544178
41.9976921082 7.6113257408 -2.0709900856
42.9855690002 7.6923365593 -2.0142886639
42.8949394226 7.8073444366 -2.0129516125
42.8799133301 7.6737751961 -2.0093410015
42.7893371582 7.7884502411 -2.0079989433
42.7742729187 7.6552104950 -2.0043935776
42.7450752258 7.5876564980 -2.0020873547
48.6089591980 1.4725844860 -1.9666181803
51.1610488892 -2.1847422123 -3.0448939800
53.2028884888 18.6497859955 -2.3293445110
54.1672439575 18.4991855621 -2.3624229431
55.1715049744 18.3592128754 -0.7865777016
55.9911270142 18.6246299744 -0.7988710999
56.8107719421 18.8900337219 -0.8111655116
58.2520179749 17.0779113770 -2.1027758121
59.0666732788 17.3071823120 -2.5217075348
60.7273941040 -17.7893028259 3.6335830688
61.5352363586 -18.0074119568 4.0855202675
62.2529869080 -18.6110305786 4.1514863968
63.8229637146 -15.3738040924 6.5238161087
64.5457839966 -15.9387083054 6.8287262917
68.7894897461 4.0761575699 8.2314891815
77.5668106079 -6.9738450050 -4.5300154686
82.7286682129 -7.8911151886 -3.5776121616
105.1642532349 8.1127643585 -4.3666110039
120.2223587036 -0.2573008239 0.3859606981
121.0829391479 0.4470948577 0.3728489280
121.9444808960 0.4499536753 0.3750800490
122.8060836792 0.4528038800 0.3773082495
126.2055892944 -0.3568015695 -3.4427809715
126.1786422729 -15.1647195816 -3.1014411449
127.0094146729 -15.2856855392 -3.9217181206
128.7855072021 -3.7933301926 0.0862367153
129.6198730469 -4.5936422348 -0.7060178518
130.5223236084 2.9901466370 -0.8799078465
131.3861083984 3.0352182388 0.3452123404
140.0398864746 -39.5460472107 13.0673656464
140.8662567139 -39.7775497437 13.1434526443
153.3083953857 -20.4933738708 -2.7575232983
154.1624145508 -20.6068325043 -2.7730710506
155.8936614990 -20.7991771698 -1.4560068846
156.6240386963 -21.8249950409 -1.4386013746
157.4614105225 -21.9689216614 -2.4378259182
158.3070983887 -22.0967445374 -2.8248882294
166.8140106201 -23.3066539764 -4.0285577774
171.8302764893 -18.0824260712 1.9019997120
172.6870727539 -18.1721515656 1.9111415148
173.6470336914 -17.2525386810 1.8934693336
50.3570213318 -2.2684557438 -2.8338024616
51.2225227356 -1.9055838585 -3.0538034439
53.5693550110 17.7678337097 -2.8183724880
54.2802848816 18.3545722961 -2.8634727001
56.0887298584 18.5988845825 -0.6160306334
57.5277557373 16.8227806091 -1.5086333752
58.3343772888 17.0461006165 -2.2979629040
59.1623535156 17.2822990417 -2.3306727409
60.1442718506 17.0556602478 -1.7677739859
60.7811737061 -17.3710479736 5.3635582924
61.6317672729 -17.6222267151 5.0811362267
63.7733268738 -15.3455419540 7.5557146072
64.6065826416 -15.5427541733 7.6518831253
65.4010620117 -15.7184944153 8.1186065674
66.0011215210 -15.7962684631 10.1449003220
75.1561508179 -5.8798117638 -3.6941025257
79.3281555176 -7.1612076759 -4.6311149597
81.9192810059 -7.8459668159 -3.5419068336
82.7762908936 -7.9272332191 -3.5789790154
103.5115280151 8.5782623291 -2.6833012104
104.4063491821 7.8135619164 -3.6738100052
108.1639938354 -2.6438457966 -1.9650127888
109.0251922607 -2.6649544239 -1.9809103012
121.1330261230 0.4111551046 1.0337610245
121.9908676147 0.4220872819 1.4217385054
122.8547210693 1.1017118692 -0.4070256650
125.3942794800 -15.0879573822 -1.9968954325
126.2496414185 -15.1901531219 -2.0107500553
127.0991287231 -15.2998209000 -2.3243415356
130.5804290771 2.9618706703 0.3419947624
131.4522705078 -2.1010825634 1.5836411715
149.9439697266 -20.0916576385 -2.3423340321
150.7978820801 -20.2053737640 -2.3558697701
151.6519012451 -20.3191051483 -2.3694105148
156.5904998779 -14.8402862549 -3.4592335224
156.6179199219 -22.2054290771 -1.9235080481
157.4783020020 -22.3126602173 -1.4386166334
158.3372955322 -22.4195346832 -0.9483835697
167.0231475830 -22.3660621643 -2.6130950451
167.9839935303 -21.5252151489 -3.5769646168
171.8348999023 -18.4695434570 2.4486064911
172.6915130615 -18.5611610413 2.4604618549
50.2751541138 -2.0577020645 -2.6745815277
51.4900550842 -1.6934893131 -2.5821845531
50.9011650085 18.2850284576 -2.5806360245
51.7131843567 18.5702590942 -2.6217045784
52.8168449402 18.0258293152 -2.6577990055
53.7334747314 18.0172996521 2.7037320137
54.5512542725 18.2857627869 2.7433803082
55.3918762207 18.5578250885 2.2317316532
56.2100067139 18.8263549805 2.2633888721
57.1761322021 18.6121044159 -2.4792950153
58.4953308105 17.2722358704 -2.5023777485
59.3291778564 17.5154380798 -2.3433496952
61.2559242249 -16.8338642120 4.1863403320
62.0508651733 -17.0283279419 4.8475575447
63.0455970764 -14.9801406860 5.8227324486
63.8481063843 -15.1537780762 6.3115282059
65.3792190552 -15.4618024826 7.9557471275
65.9734725952 -16.1108379364 9.0888719559
77.4884948730 -7.1525712013 -4.7680602074
81.8152084351 -7.9887137413 -3.3398885727
82.7021865845 -8.0537586212 -2.5920100212
83.4942626953 -8.7904758453 -2.6017544270
103.3809661865 9.0052413940 -2.3612108231
104.2822265625 8.2446413040 -3.3493793011
105.1884613037 7.6954593658 -3.3657431602
108.0695800781 -2.2105729580 -2.2243766785
121.0364990234 0.1890522540 0.7591473460
121.8924484253 0.2047103047 1.4309681654
124.4689788818 0.1337243319 -1.9446372986
125.3285903931 -0.8414860964 -1.9368692636
125.3299179077 -14.6063213348 -3.0905551910
126.1855087280 -14.7052555084 -3.1118297577
127.0517120361 -14.7945594788 -2.7335219383
128.0195770264 -14.1087665558 -1.2636559010
128.7202911377 -4.1133480072 -1.5146471262
129.6127319336 -3.3566198349 -0.3274647295
130.4865570068 2.7206835747 -0.0563772246
131.3450469971 -2.5903894901 1.5992343426
140.2581939697 -39.1312332153 11.3492422104
141.0861511230 -39.3602790833 11.4152641296
141.6800689697 -40.4128913879 11.5099620819
149.0113067627 -19.4288940430 -4.5681304932
149.8653717041 -19.5394954681 -4.5944170952
150.7719573975 -19.6041889191 -2.7240781784
151.4588470459 -20.9044284821 -3.1836500168
152.3233337402 -21.0094470978 -2.7222270966
153.1768188477 -21.1263656616 -2.7376749516
154.1969604492 -20.0364265442 -2.4229447842
155.7607727051 -21.4424209595 -1.4358738661
156.5908508301 -21.5940666199 -2.7994687557
157.4443969727 -21.7109985352 -2.8149185181
158.2863769531 -21.8403511047 -3.3285489082
166.7917022705 -23.0358085632 -4.5592088699
167.6604003906 -23.1402015686 -4.0552349091
168.5276947021 -23.2442398071 -3.5458972454
169.3671722412 -23.3743133545 -4.0967893600
171.8175048828 -17.8018131256 1.4926224947
172.6744689941 -17.8901252747 1.4997262955
50.4813652039 -2.0546832085 -2.5238609314
51.6442718506 18.4901924133 -1.9229147434
53.5893974304 17.9118118286 3.6018884182
54.3023910522 18.6133422852 2.9281098843
55.2734260559 18.4549446106 2.7895407677
56.2366600037 18.2812519073 2.8322920799
57.4126396179 17.3710556030 -2.9839136600
58.3749313354 17.1561317444 -3.0228276253
59.3436393738 16.9305725098 -2.9156715870
60.1808280945 17.1662044525 -2.7592895031
62.5388908386 -13.6133661270 7.1138572693
63.0929412842 -15.0254116058 7.2466897964
64.9005355835 -14.9227447510 7.2078475952
75.1404647827 -6.4780550003 -4.8678593636
82.8465576172 -8.2332010269 -3.5754539967
87.9185562134 9.9800662994 1.4123687744
88.8320465088 9.5567369461 1.4342502356
104.5359802246 7.4307436943 -3.6712908745
105.4375915527 6.8746643066 -3.6899628639
106.3244323730 6.3013205528 -4.0411939621
120.3707885742 0.8670368791 -0.7733514309
121.2386703491 -0.0527820140 -0.0018377706
122.0998764038 -0.0449862666 0.3788897395
122.9579086304 0.9097725153 0.3604026735
123.8139648438 0.8824464679 -1.1831141710
124.6791992188 -0.0807054713 -1.1705302000
125.5385971069 -0.8132053018 -1.1627409458
125.5020065308 -14.8393621445 -3.0932459831
126.2692108154 -15.6765241623 -3.0943222046
127.2234573364 -15.0306196213 -2.7361307144
129.8132476807 -3.3356888294 0.0682922825
130.6725311279 -3.3389320374 0.8838669658
131.5402984619 2.5354967117 1.8882935047
132.4152221680 2.5106420517 -0.0618354864
140.4973907471 -39.1420555115 10.8851423264
141.3254547119 -39.3711090088 10.9485092163
148.3626251221 -19.5583190918 -3.1448574066
149.2044372559 -19.6816997528 -3.6319575310
153.1692504883 -20.2218399048 -3.2401371002
154.3526611328 -20.3297443390 -2.7877736092
155.9471740723 -21.4522342682 -2.4258751869
156.8006896973 -21.5689754486 -2.4393260479
157.6542968750 -21.6857089996 -2.4527826309
158.5078887939 -21.8024559021 -2.4662373066
166.0472106934 -23.8295917511 -2.9516530037
167.0234527588 -22.9929580688 -3.5192391872
167.9783477783 -22.1581630707 -4.6195802689
168.2458496094 -24.2259559631 -4.5736784935
168.9732513428 -25.5838947296 -1.4957453012
171.6938934326 -17.7499217987 2.4392163754
172.8788757324 -17.9010162354 0.4083315730
50.4782524109 -2.1380829811 -2.8421580791
50.8596725464 18.1321544647 -1.7213747501
51.5253486633 18.8223323822 -1.7513459921
52.3455810547 19.1167030334 -1.4274129868
56.2087745667 18.3042716980 3.2048819065
57.6583099365 16.4838314056 -3.3072140217
58.2939872742 17.5423412323 -2.3070156574
59.1130180359 17.7818965912 -2.5342204571
63.2566223145 -14.1029710770 7.7776865959
64.0362854004 -14.8172750473 7.3263387680
64.8715057373 -15.0075750351 7.4196271896
66.3232269287 -16.2936248779 7.6359796524
74.4352188110 -5.8958873749 -3.0692172050
77.7622680664 -6.6506409645 -4.5459656715
79.4764862061 -6.7957754135 -4.6458549500
81.1833419800 -8.0104799271 -2.8003270626
82.0403900146 -8.0941915512 -2.8300073147
82.8974456787 -8.1778974533 -2.8596885204
87.9226989746 10.0258941650 1.6881804466
88.8492507935 9.4343137741 1.9954335690
89.6990509033 9.5280475616 2.2964017391
104.7414321899 2.5588037968 -4.8047995567
105.6162109375 1.9618659019 -4.8313670158
119.5140914917 1.6611440182 1.3608034849
120.3851852417 0.7378964424 1.3902426958
121.2539215088 0.7204298377 0.3591022491
122.1159439087 0.7170610428 -0.0198075287
122.9717102051 0.6969084740 -1.1715466976
123.8416595459 0.0051964871 -0.0050587091
124.7000656128 -0.9636154175 0.0159595944
125.5608367920 -0.9791162014 -0.3760125041
125.6209182739 -14.0369644165 -2.7212984562
126.2749176025 -15.8513364792 -2.6931409836
128.9628295898 -3.5202281475 -0.7331255674
129.8269653320 -3.5250248909 0.0718229786
130.6878509521 -3.5389301777 0.4797021747
131.5491943359 -3.5622272491 0.4825159609
132.4185180664 2.6157183647 1.8980662823
147.6564178467 -18.5038223267 -2.6896936893
148.5113372803 -18.6103096008 -2.7054350376
149.2447052002 -19.5977420807 -3.1659688950
150.0575561523 -19.7432231903 -4.5986614227
150.9115600586 -19.8549175262 -4.6249217987
152.6883697510 -20.0105323792 -1.9202518463
153.5426940918 -20.1218414307 -1.9311915636
154.4099121094 -20.2078227997 -0.9722700715
156.7228698730 -14.4420309067 -4.4560027122
156.8297119141 -21.4926834106 -2.4423155785
157.6921844482 -21.5962810516 -1.9602208138
168.0080566406 -22.0762405396 -4.6227235794
169.4777526855 -24.4235610962 2.0556960106
172.0473022461 -17.6999835968 1.4799710512
172.9043884277 -17.7877368927 1.4870567322
50.5601844788 -2.2288341522 -3.0040082932
53.1479949951 -2.3377220631 -2.9888436794
50.4516754150 20.2181835175 -2.4318416119
50.9336051941 20.5402698517 -2.4560842514
52.4833641052 18.9045505524 -2.4858000278
57.4794807434 17.5319900513 -2.6588528156
58.4431037903 17.3198318481 -2.6932168007
59.2388725281 17.5451736450 -3.4114916325
59.0719032288 20.8300285339 -3.4806368351
64.7620773315 -15.0226459503 9.0381898880
65.5946807861 -15.2130651474 9.1520204544
66.3035278320 -15.9190721512 9.2827711105
78.6901855469 -7.0092487335 -4.5928468704
87.0105667114 10.8227109909 3.3001616001
87.9632644653 10.4006261826 2.2319586277
88.9540023804 9.2902793884 2.2733945847
98.1845550537 11.4822101593 -4.1614370346
99.0397949219 11.5810127258 -4.1977071762
104.8414535522 2.3849506378 -4.8055210114
105.7151565552 1.7866297960 -4.8320097923
107.5122985840 3.1527040005 -1.0768880844
120.4874343872 0.5253459811 0.7326450944
121.3490982056 0.5289258957 0.7375209332
122.2122879028 0.5242217183 0.3613094389
123.0739364624 0.5277426839 0.3635211587
125.7025604248 -14.2341775894 -2.3257625103
126.3536605835 -16.0494041443 -2.2947869301
127.3059387207 -15.4085168839 -2.0311660767
129.0525512695 -3.7322793007 -0.7325425744
129.9162445068 -3.7289700508 0.4774990678
130.7759094238 -3.7441167831 0.8880664706
131.6021575928 -4.7822580338 1.2252440453
135.5632324219 24.2351799011 0.4095260799
141.5137786865 -38.9633293152 11.3871707916
148.4544372559 -19.7293529510 -3.1452686787
149.2824859619 -19.8649520874 -4.1011581421
153.5971374512 -20.3853816986 -2.4107804298
154.4512786865 -20.4981174469 -2.4243488312
156.7953033447 -14.6985006332 -4.4536623955
156.8483886719 -22.0532722473 -2.4308669567
157.7103729248 -22.1598224640 -1.9486855268
158.5637054443 -22.2790699005 -1.9594056606
167.0872955322 -23.4850978851 -2.5914607048
168.6456451416 -24.7147197723 -2.9879972935
167.9324951172 -23.6144752502 -3.0004789829
50.6101074219 -1.9956516027 -2.8512599468
52.4656219482 19.1581058502 -1.6098728180
53.9345512390 17.5510540009 -1.6232091188
56.1328582764 19.1066532135 -1.8897434473
57.7373657227 16.9022903442 -1.8987945318
58.4161758423 17.5924034119 -2.3136532307
59.3582801819 17.3592758179 -2.9257378578
59.3520622253 20.1724491119 -3.2814118862
63.3115882874 -14.9748849869 6.6254291534
64.0882110596 -15.1355161667 7.3309645653
64.8633117676 -15.2969903946 7.9995055199
65.2551345825 -15.8396167755 10.6509523392
66.0832061768 -16.0378322601 10.7835330963
78.6984481812 -7.1188116074 -4.8390026093
82.1374053955 -8.0400171280 -3.7417094707
82.9942092896 -8.1230812073 -3.7807343006
87.9557723999 10.6340665817 2.7807679176
88.9489059448 9.5269069672 2.8273487091
89.7239685059 9.6416110992 4.7591705322
98.1675186157 11.7238826752 -4.7077684402
99.0223388672 11.8248014450 -4.7487373352
99.8771362305 11.9257154465 -4.7897043228
103.2388992310 2.0574223995 -2.5459380150
104.0823440552 2.0602571964 -3.2173562050
104.6615219116 7.5704813004 -4.0083169937
105.4568099976 8.4530944824 -4.0563917160
108.4407424927 -1.4044858217 -1.6659107208
119.6628799438 -0.5876690149 -0.3693485558
120.5257034302 0.1097271442 -0.3877412677
121.3877105713 0.1269554347 0.3660526276
122.2494201660 0.1277281791 0.3683219254
123.1111297607 0.1285002232 0.3705912530
123.9720611572 -0.6007149220 0.0023181790
124.8337173462 -0.6049745679 0.0020341598
125.6725158691 -0.6611992717 -2.3486063480
125.6104583740 -15.3664979935 -2.0005874634
126.4657669067 -15.4704380035 -2.0144009590
128.1789398193 -4.1756997108 -3.0175237656
129.0707702637 -4.0964531898 1.5893247128
129.9379730225 -4.1404609680 0.8907296062
130.7931823730 -4.1509404182 1.6097971201
131.6427612305 -4.1586236954 2.4407250881
148.4266357422 -20.2099342346 -3.1334679127
149.3831176758 -19.4681472778 -3.6447424889
150.2374114990 -19.5788536072 -3.6656997204
152.7221832275 -20.7545051575 -1.9054677486
153.5760803223 -20.8698940277 -1.9162985086
154.3602600098 -21.0540904999 -4.7149415016
155.2136535645 -21.1698608398 -4.7410836220
156.9915618896 -21.3314971924 -1.9596155882
157.6752014160 -22.6697559357 -1.9359067678
158.6904449463 -21.5750770569 -2.4795007706
166.9382476807 -24.8949317932 1.1241575480
167.7905578613 -25.0213890076 1.1296433210
168.6409912109 -25.1323661804 1.6653544903
169.4933624268 -25.2587490082 1.6735022068
172.0427551270 -18.8273983002 2.9852619171
50.6893424988 -2.0856285095 -3.0130045414
52.5602607727 19.0491218567 -2.6686096191
53.6334838867 18.6018962860 -2.7054560184
54.5833663940 18.4451847076 -3.0153195858
55.4001426697 18.7162246704 -3.0602960587
56.8624839783 16.9933280945 -2.9506869316
57.6882896423 17.2358798981 -2.9934463501
58.5204124451 17.4815349579 -2.8924345970
59.3618888855 17.7320747375 -2.5444107056
59.3531227112 20.5518093109 -2.5985169411
63.4140892029 -15.1028852463 6.2163214684
64.1945953369 -15.2658710480 6.9169816971
65.0291290283 -15.4617595673 7.0051412582
65.8636627197 -15.6576471329 7.0933022499
73.7419586182 -6.1867928505 -3.6139128208
74.5996627808 -6.2580595016 -3.6559062004
77.2291793823 -6.4422922134 -2.4492824078
78.7942581177 -7.2453236580 -4.5923876762
83.0326995850 -8.1215381622 -4.8287153244
87.1569137573 11.0502433777 1.6437567472
88.0754776001 10.6442317963 1.6676921844
89.0744171143 9.5319366455 1.4238060713
89.9685897827 8.9447975159 2.8612098694
103.9160308838 7.5531225204 -3.3302874565
104.7281951904 8.2258424759 -3.3691856861
107.6668624878 -1.3691991568 -1.9931138754
108.5232009888 -1.3858153820 -2.2630312443
121.4814605713 0.1547267586 -0.0173960999
122.3431091309 0.1557247490 -0.0177951325
126.4836120605 -15.7238454819 -3.8982784748
128.2599792480 -3.4174973965 -4.2387123108
129.1602630615 -4.0483427048 1.9865530729
129.9970092773 -5.1091241837 0.9092978835
130.8520507812 -5.1256690025 1.6285063028
148.4872436523 -20.4528083801 -3.1308889389
149.3408355713 -20.5697689056 -3.1490085125
152.7819519043 -21.0041580200 -1.9027025700
153.6357269287 -21.1209201813 -1.9134969711
154.4807586670 -21.2501392365 -2.4091916084
155.1624145508 -22.3147068024 -4.2252674103
157.0417938232 -21.6006431580 -2.4495625496
157.7595062256 -22.6440925598 -2.8087401390
168.0304565430 -24.0398349762 -0.4866529107
172.1542053223 -18.8050212860 1.9031616449
50.0827751160 -2.1879081726 -2.8131268024
50.6985206604 -2.2218532562 -2.8503072262
53.2632331848 -2.6469562054 -2.9872858524
51.8485107422 19.2209606171 -2.7722246647
52.5021171570 19.9277191162 -2.8173584938
54.0024337769 18.3486251831 -2.5378067493
54.8186302185 18.6223468781 -2.5761435032
58.0442543030 16.9635410309 -2.8614878654
58.8792190552 17.2063465118 -2.7105000019
59.5678634644 17.9105434418 -2.7524950504
61.4533615112 -16.7004127502 3.1780483723
63.2273178101 -15.1870050430 7.8027901649
64.1581039429 -15.4402322769 6.9224600792
74.6246032715 -6.1650657654 -3.4242067337
75.4709320068 -6.2403702736 -3.7004656792
77.9654464722 -6.9231820107 -4.5491995811
80.4638595581 -7.7827000618 -4.9351720810
82.2477874756 -7.9196958542 -3.7493529320
88.2378692627 10.7747402191 4.0785565376
89.9038162231 8.7306251526 5.0524830818
107.6935424805 -1.2120559216 -0.6533137560
120.8563003540 1.9379961491 0.3090713322
121.4893188477 0.3065283597 0.3575077653
122.3510818481 0.3086095154 0.3597458303
123.2073974609 0.2771738470 -1.1730262041
124.0689315796 -0.4427763820 -1.1656084061
127.2196655273 -17.1219310760 -2.2898430824
129.1321258545 -4.7545957565 -2.6271107197
129.9893188477 -5.4518165588 1.2210137844
131.6957244873 -5.4937028885 2.4676046371
148.5769653320 -19.9686012268 -2.3284242153
149.4238433838 -20.0916576385 -2.6936328411
150.1584320068 -21.0790805817 -2.6845977306
152.8556976318 -20.5271739960 -1.9165072441
153.7098083496 -20.6412773132 -1.9273751974
154.5478668213 -20.7769870758 -2.7868144512
155.2401123047 -21.8299789429 -4.2394213676
156.2792968750 -20.9708309174 -1.4697257280
157.2536926270 -22.0005970001 -1.4632971287
157.8459930420 -22.1420364380 -2.4514651299
158.6994323730 -22.2611255646 -2.4648618698
167.2607421875 -23.3967132568 -0.4992154241
168.1097717285 -23.5298099518 -1.0295323133
168.7830352783 -24.9267482758 0.0627342463
169.8242492676 -23.7385349274 0.0254897084
50.8274116516 -2.2244911194 -2.3756868839
51.7971916199 19.1308917999 -1.5969855785
52.6068191528 19.4250736237 -1.6221295595
57.8051033020 17.2887783051 -2.9999024868
58.6306915283 17.5321559906 -3.0426702499
59.1855506897 21.4183483124 -2.6099250317
61.7715225220 -15.4246654510 5.0771946907
63.5190086365 -14.8883457184 6.8176312447
64.3541641235 -15.0818090439 6.9057102203
65.2269210815 -15.2977685928 6.5749096870
74.7440948486 -6.1750583649 -3.0770978928
75.5745239258 -6.2582387924 -3.7047705650
77.2508621216 -6.9959721565 -3.5310554504
78.9124450684 -7.1708793640 -4.5993785858
80.6460876465 -7.7708959579 -3.4858307838
81.5031890869 -7.8527827263 -3.5228931904
87.1845550537 11.1614379883 4.0378742218
88.0385894775 11.2697238922 4.0767350197
90.0306777954 9.2151489258 3.6278395653
120.7303009033 0.9711769819 -0.0399351269
121.5916595459 0.9861666560 0.3379617631
122.4570999146 0.2815848887 0.3555319607
123.3096466064 0.9667814970 -1.1927866936
124.1751403809 0.2516480088 -1.1856539249
126.5781784058 -16.2823448181 -1.6041642427
127.3359756470 -17.1321258545 -1.5945312977
129.2205810547 -5.5180449486 -1.9093459845
130.0635528564 -6.2528290749 0.5261750817
130.9115753174 -6.2565488815 2.0582802296
134.8756256104 24.6111469269 1.1346744299
148.6619873047 -20.0212459564 -3.1482760906
149.5158996582 -20.1356983185 -3.1664655209
150.3698577881 -20.2501392365 -3.1846573353
154.6127014160 -20.8459758759 -4.2452354431
155.3006896973 -22.1643199921 -4.2348346710
157.2419586182 -21.1056900024 -0.9889134765
157.9146575928 -22.4689140320 -1.9511681795
166.6449890137 -22.3328533173 -0.0052861543
168.8827514648 -24.9776268005 -0.4713717401
172.1734161377 -19.6213283539 2.4585201740
49.9784088135 -1.9224978685 -2.3418171406
50.8307723999 -1.9586825371 -2.5418076515
51.1433258057 18.4135017395 -1.1000279188
51.9452476501 18.6946506500 -1.5941303968
52.7472267151 18.9765167236 -1.9709085226
54.5552139282 16.2259426117 2.1715304852
55.3817062378 16.4680137634 2.2033889294
55.1724662781 19.8601589203 2.2131159306
57.9254684448 16.7951850891 -3.3261551857
58.6608085632 17.3806266785 -3.1848378181
59.4869079590 17.6219158173 -3.2295846939
63.7505302429 -15.0825052261 6.2006211281
64.5683212280 -15.2674942017 6.4876918793
65.4212875366 -15.4743957520 6.3610043526
74.7016830444 -6.3757905960 -3.6579494476
77.2229080200 -7.0500969887 -4.0143504143
78.9090118408 -7.2155461311 -4.5982432365
81.5077438354 -7.8946032524 -3.3300149441
82.3648757935 -7.9769129753 -3.3650677204
83.1575012207 -8.7068462372 -3.3829925060
89.9141387939 9.0208482742 6.1706738472
90.7162857056 9.8054342270 5.9318718910
104.8418426514 8.2671918869 -3.3752450943
105.6497116089 8.9499340057 -3.4141683578
121.5976181030 -0.0319145471 -0.0185689908
123.3148574829 0.9063370824 -0.8076264858
124.1802062988 -0.0496995375 -0.7925366759
125.0398101807 -0.7767727971 -0.7822082043
125.8563613892 -0.8405841589 -3.4316835403
125.6826324463 -16.2799453735 -3.0698397160
126.5371322632 -16.3899898529 -3.0908207893
129.2059631348 -5.6062765121 -2.6117784977
130.0492706299 -6.5769758224 0.5339318514
131.7260437012 7.1587834358 2.1887314320
148.7653503418 -19.2398586273 -3.1701004505
149.4664154053 -20.5082530975 -3.1560513973
150.3199768066 -20.6248168945 -3.1741786003
154.5995635986 -21.1955394745 -2.7799785137
155.4532928467 -21.3120384216 -2.7954463959
165.6860198975 -22.7229785919 -3.5005536079
166.5690002441 -22.8031845093 -2.0826816559
168.2904815674 -23.0081768036 -1.0491657257
169.1517944336 -23.0956382751 0.0058556292
50.0680580139 -1.8609005213 -2.2291295528
50.9149894714 -1.8986302614 -2.5469429493
51.9695663452 18.7343635559 -2.7670409679
52.7806358337 19.0224857330 -2.8101317883
53.3064193726 20.0356311798 -3.1691281796
57.8395881653 17.5678005219 -2.1074991226
58.7551269531 17.4641571045 -2.5183656216
58.6725387573 20.6090087891 -1.6022099257
59.4865150452 20.8912429810 -1.6246205568
63.6265640259 -14.5808591843 7.2127470970
64.5018005371 -14.7928113937 6.8926782608
73.1552200317 -5.6943430901 -2.5605492592
74.0139007568 -5.7606158257 -2.5906865597
74.8288040161 -6.2690730095 -2.8440065384
78.1573791504 -7.0399999619 -4.3098130226
79.8715286255 -7.1931529045 -4.4041857719
81.5845108032 -7.9563941956 -3.3321397305
82.4330291748 -8.0435991287 -3.5608642101
87.3966140747 10.5241804123 2.7412052155
88.1243820190 10.6557989120 5.4671692848
89.2352218628 8.3449239731 5.5607228279
90.0917434692 8.4243488312 5.6133813858
105.0108489990 6.9594335556 -3.6824831963
105.8027420044 7.6180672646 -4.3847084045
107.8065490723 4.2727608681 -0.4427106678
120.8149337769 0.8299332857 0.7111169696
121.6794967651 0.1293966919 0.7313040495
122.5355987549 0.1448666006 1.4031221867
123.3945388794 0.8619697690 1.3971357346
124.2578277588 -0.5742782354 1.4381806850
125.1245651245 -0.6278609037 -0.7893170714
125.9863204956 -0.6321963072 -0.7949366570
125.9149017334 -15.3520069122 -1.2250269651
126.6518173218 -16.4266147614 -0.8093984723
129.3091735840 -5.6676244736 -1.1044712067
130.1412811279 -6.4319300652 0.1213279888
132.0048217773 1.9338957071 1.0596874952
132.8372955322 2.7430100441 2.2892110348
148.2005462646 -6.5553188324 -3.9203741550
148.8232727051 -19.3618431091 -3.6370379925
149.6899261475 -19.4610729218 -3.1891512871
150.4288635254 -20.4454479218 -3.1830489635
154.7446899414 -20.9376697540 -0.0006536510
156.2915039062 -22.1495628357 -2.7943968773
167.4082489014 -23.6775016785 -1.5506627560
168.5362854004 -21.8162784576 -0.5583537221
169.3910064697 -21.9264869690 -0.5613332987
50.1392669678 -2.2834210396 -1.9475187063
51.0156631470 -1.9240450859 -1.9904631376
58.0427169800 17.1859970093 -2.1083343029
58.8630256653 17.4245090485 -2.3302297592
58.7578887939 20.5531883240 -2.3840739727
62.1667137146 -14.7560214996 4.0994758606
63.6178970337 -14.5838832855 7.9748158455
64.4291839600 -14.7613115311 8.2842931747
65.2632598877 -14.9506053925 8.3901376724
69.4398880005 4.3607096672 8.1957616806
70.2656021118 5.2258276939 8.0601921082
74.8642883301 -6.3414220810 -3.6660754681
77.4549407959 -6.9797067642 -2.4477312565
78.2765808105 -7.0770654678 -3.3936209679
79.9916458130 -7.2309913635 -3.4680013657
81.6668319702 -8.0097856522 -3.0784792900
82.5239791870 -8.0932598114 -3.1108386517
83.3810806274 -8.1767330170 -3.1431958675
87.3819732666 10.9809532166 3.7591197491
88.6915664673 6.4661068916 3.8760645390
90.0369949341 9.0677194595 6.6557812691
104.2622756958 6.8483848572 -2.6793978214
105.1219406128 6.9044914246 -2.7015886307
105.9304962158 7.5699186325 -3.0657193661
125.9898757935 -15.4212608337 -0.4373852611
148.8114318848 -20.2878265381 -1.8651597500
149.6721496582 -20.3915462494 -1.4070369005
150.4666137695 -20.5754909515 -4.1265816689
151.3202056885 -20.6917533875 -4.1500544548
152.2111968994 -20.7729282379 -2.7430136204
153.2155303955 -19.9414234161 -0.5052483082
153.9553833008 -20.9186286926 0.4813283086
158.2173004150 -21.5372333527 -0.9929808974
50.2041435242 -2.1230697632 -2.6625888348
51.0723495483 -2.1556315422 -2.5484404564
52.7514038086 -2.5466911793 -3.1217350960
58.0548210144 17.3784942627 -2.6815705299
59.0300979614 17.1717071533 -2.3322598934
58.6379318237 21.2284736633 -1.6142271757
59.6146240234 21.0560188293 -1.6340425014
62.0128974915 -15.8899631500 3.5336449146
63.8306350708 -14.8192558289 6.3948931694
64.7012710571 -15.0332937241 6.0637989044
65.5542678833 -15.2367477417 5.9315729141
66.4634017944 -15.0338401794 6.2061634064
69.5652542114 4.5970392227 7.7527203560
70.3198318481 6.0108437538 7.8217391968
78.3300247192 -6.8276782036 -4.5678229332
81.6851425171 -8.2248373032 -4.2275886536
83.4421234131 -8.3764848709 -3.4031417370
87.3841857910 11.9502372742 2.7104918957
88.8370361328 6.2439570427 2.8370995522
90.2436904907 9.8595905304 2.8286740780
104.5140075684 2.3298044205 -3.8940289021
105.3750076294 2.3488843441 -3.9261429310
125.9940109253 -15.9969768524 -2.0041487217
126.8559188843 -16.0949935913 -1.6208651066
129.4177551270 -6.8191151619 -1.4869245291
130.2883758545 -6.8352856636 -0.2818013132
135.1331634521 19.1972789764 1.6167109013
135.9487457275 24.9606342316 0.6979792118
147.1227111816 -20.4276161194 -3.1056063175
147.8050537109 -20.5447654724 -3.1159574986
148.7860717773 -19.7877082825 -2.6920676231
149.6475372314 -19.8919219971 -2.3559591770
150.5017395020 -20.0049571991 -2.3695237637
151.1926879883 -21.0402297974 -4.1366300583
152.3365631104 -20.2759914398 -4.1925745010
153.2440490723 -20.3327560425 -1.9383782148
154.0983886719 -20.4457321167 -1.9492809772
154.9526519775 -20.5587005615 -1.9601814747
165.9361419678 -22.9757728577 -1.5553510189
166.6247711182 -23.0787906647 -1.0334720612
167.4784088135 -23.1965541840 -1.0389034748
168.4971618652 -23.3292846680 -1.5796487331
169.1651153564 -24.7547836304 -1.5506474972
50.2586936951 -1.7168409824 -1.9653594494
51.1217193604 -1.4507671595 -2.1657900810
52.7527694702 -2.8523712158 -2.9496293068
58.2116889954 16.9324169159 -2.2999157906
59.0391883850 17.1708812714 -2.3326537609
58.9612541199 20.3065681458 -1.9982540607
62.5307731628 -13.7116365433 3.6616747379
63.2015762329 -13.3661117554 7.0783901215
63.7627906799 -14.7758188248 7.2108469009
69.6440811157 3.6539647579 7.6076560020
70.3099899292 6.4156370163 7.6491546631
74.9748535156 -6.5039463043 -3.0803463459
77.5485916138 -6.7257137299 -3.1861631870
78.3898391724 -6.8076953888 -3.5888245106
79.2475509644 -6.8817057610 -3.6280891895
81.7271270752 -8.2105102539 -3.5252001286
82.6031341553 -8.2860136032 -3.1101996899
83.4600906372 -8.3714523315 -3.1425070763
103.6714935303 2.3169314861 -3.5399568081
104.5325622559 2.3360705376 -3.5694065094
104.3074493408 7.1918802261 -3.6656997204
105.2028274536 7.2779536247 -2.3852424622
106.1190795898 6.7392582893 -1.4845228195
107.9931564331 3.9653389454 0.5633634925
126.1616897583 0.4490333796 -0.8266016245
126.1413345337 -14.9819440842 -0.4538870752
126.8770217896 -16.0645923615 -0.4301418960
128.6436157227 -5.2547812462 -0.3139390945
129.4347839355 -6.7910871506 -0.2800924182
130.2954559326 -6.8360733986 -0.2821055353
130.9924621582 9.1564168930 2.5316820145
131.9028930664 8.4524564743 2.5625200272
132.7627868652 8.5073328018 2.5790061951
135.1344146729 19.2021541595 2.0401253700
147.2780761719 -19.5307807922 -1.4014338255
148.0163726807 -20.5020370483 -1.3855850697
148.8478088379 -20.6529350281 -2.6758899689
149.8258972168 -19.8936653137 -2.3640072346
154.7987365723 -21.5031375885 -3.7535634041
165.0652618408 -22.8953914642 -2.9689888954
165.9187774658 -23.0134124756 -2.9844136238
166.7803039551 -23.1215057373 -2.6082003117
50.2797393799 -1.9584790468 -2.3546895981
51.1321258545 -1.9951572418 -2.5546700954
58.2129325867 17.1194000244 -2.1145908833
59.1400566101 17.0159263611 -2.1416773796
58.7795791626 20.9469337463 -2.1988732815
59.7549705505 20.7698326111 -2.2265331745
69.7686767578 3.8597557545 6.7315974236
70.5082702637 5.6766934395 6.7799153328
71.2810821533 6.7082109451 6.8439540863
77.5355987549 -7.0965809822 -3.7846348286
79.2234725952 -7.2630338669 -4.3632636070
80.9207839966 -7.8796606064 -3.9396173954
82.5704498291 -8.6865234375 -4.0060539246
88.6528167725 8.7627639771 3.5509521961
90.2470779419 10.1494636536 3.3861255646
91.1604461670 9.7171640396 3.4268412590
98.8002319336 10.9731836319 -4.1781854630
99.5667495728 11.8397855759 -4.2272734642
103.4370727539 8.0663785934 -3.3325068951
104.2853851318 8.1262464523 -3.6851923466
104.5856323242 2.0576806068 -3.5657067299
121.0315246582 1.5370076895 0.3099220693
122.7631988525 0.1442319155 0.7258658409
123.6250457764 0.1452393234 0.7307892442
125.3279571533 0.0791135132 -2.3719055653
125.2429122925 -15.4960174561 -2.0037670135
126.0980987549 -15.6014299393 -2.0175430775
126.8780212402 -16.4120407104 -0.8199734092
128.6743316650 -5.6057705879 -0.7076591849
129.4475097656 -7.3945288658 -0.6701276302
130.3087463379 -7.4038424492 0.9454934001
131.0297088623 9.5462198257 1.2986629009
131.9374084473 8.8519678116 1.7317551374
132.7371063232 9.6855678558 2.1414868832
134.3854827881 18.7194671631 1.6097398996
135.1136932373 19.6318264008 2.4551384449
136.1212310791 24.3264007568 -0.0469547659
148.0947265625 -20.0809936523 -3.1392626762
148.9593200684 -20.1847877502 -2.6912133694
149.8132324219 -20.3001270294 -2.7067143917
150.6671447754 -20.4154701233 -2.7222161293
154.0988006592 -20.8553276062 -1.9403163195
154.7866821289 -22.1671581268 -1.9173796177
166.0548706055 -22.4684696198 -2.0920658112
166.9088439941 -22.5836906433 -2.1029028893
50.3245582581 -2.1588976383 -2.5097954273
51.2478523254 19.1653156281 -1.7616333961
55.1000633240 18.4607944489 3.0758669376
55.9259872437 18.7340774536 2.9371209145
56.8836479187 18.6471023560 -2.4741418362
58.3289031982 16.8845157623 -2.4936683178
59.1696052551 17.1295108795 -2.1455080509
58.9755249023 20.6086311340 -1.8107259274
68.9624938965 4.3401794434 6.4218354225
69.8425292969 3.9898862839 6.5086765289
74.2649993896 -6.0486755371 -2.8279497623
75.0568618774 -6.7096190453 -3.2557070255
78.4404449463 -7.0342431068 -4.3227725029
81.8656997681 -7.7998871803 -3.7326560020
82.6600112915 -8.5222368240 -3.7548267841
87.6218566895 10.7126693726 3.7541282177
98.5698165894 13.0579977036 -4.9874701500
99.5325927734 12.6095008850 -4.2426066399
103.5067825317 7.6505532265 -3.9723999500
105.2876815796 7.8288578987 -1.4987466335
106.2445678711 6.4552850723 -1.4839837551
107.0938034058 4.4693942070 0.2158470750
122.8245162964 0.3546882570 -0.4252932072
123.6871032715 0.3655404150 -0.0446422026
124.5489044189 0.3680832386 -0.0450822487
125.4079589844 0.3536554277 -0.8236920238
125.3400115967 -15.2457189560 -1.6214687824
126.1954727173 -15.3494300842 -1.6326262951
126.8744277954 -16.9040565491 -0.8090192676
128.6636199951 -7.0892329216 -0.2746118903
129.5228729248 -7.1069421768 0.9305911064
130.3833465576 -7.1540045738 0.9366318583
131.3839721680 3.7184755802 1.4104174376
131.9809265137 9.1048288345 1.7242361307
134.4156341553 18.9711780548 1.1818598509
135.1447753906 19.8853321075 2.0246722698
148.1937103271 -19.7966785431 -3.1499857903
149.0477752686 -19.9104461670 -3.1681973934
149.9126892090 -20.0125446320 -2.7175309658
150.7668151855 -20.1262588501 -2.7330780029
154.0205535889 -21.7715911865 -2.7617764473
154.8737792969 -21.8918838501 -2.7771379948
156.5641632080 -14.7846136093 -3.4772746563
167.5681304932 -24.5296859741 2.0065457821
168.4208374023 -24.6541996002 2.0166356564
50.3476829529 -1.9891451597 -2.8294963837
54.4266090393 18.0536804199 -1.4777635336
55.1687469482 18.3313121796 3.2561111450
55.9859313965 18.6009120941 3.3037281036
58.3045463562 17.0888633728 -2.4970459938
59.1313171387 17.3295745850 -2.5324690342
59.0272674561 20.4545040131 -2.7837810516
59.8413658142 20.7347297668 -2.8221652508
69.9382476807 1.9466446638 6.7658681870
70.5450668335 7.0023875237 6.0908074379
77.6005630493 -7.1373982430 -4.2724237442
79.3144607544 -7.2942318916 -4.3667039871
87.5922317505 11.0239152908 4.2960925102
88.7612915039 8.2256660461 4.3870744705
89.7175140381 7.6012077332 3.6027963161
99.5444335938 12.9707775116 -3.6265454292
103.5521850586 8.0394906998 -2.6913423538
104.4111709595 8.1059436798 -2.7137291431
115.9526901245 -1.5078065395 -0.7210866213
121.9973907471 -0.1557693332 -0.0339772925
122.8591995239 -0.1568558663 -0.0343378298
123.7185592651 0.7974526882 -0.0555412918
124.5828399658 -0.1590301394 -0.0350599103
126.2904510498 -0.2042530179 -1.9944534302
126.1936416626 -15.6399288177 -1.6261719465
126.9616775513 -16.4712352753 -1.2199182510
128.8529815674 -3.1589272022 -0.3693978786
129.7428283691 -1.6591935158 0.3986126184
130.6028900146 -1.6610317230 0.8062044978
131.4076843262 4.1687355042 0.9917262793
133.1264953613 4.2315926552 1.4175299406
148.2833404541 -19.2900104523 -3.6294806004
148.9842834473 -20.5526294708 -3.6182210445
149.8501281738 -20.6585502625 -3.1701514721
150.7370910645 -20.7307243347 -1.4198606014
151.5908966064 -20.8478450775 -1.4279813766
154.1054840088 -21.2572402954 -3.7428719997
154.9590301514 -21.3746738434 -3.7636480331
156.6355285645 -14.2489748001 -3.9805932045
157.7060852051 -20.4851589203 -2.8743510246
167.5015411377 -25.2796230316 0.5818301439
172.6686553955 -18.9160385132 1.4784715176
50.3445281982 -2.1571543217 -3.1405756474
52.9239654541 -2.6710028648 -2.9613685608
50.3270225525 19.1459522247 -3.1639976501
51.4113426208 19.1837978363 -1.5986670256
53.1330451965 16.8297328949 -1.6070797443
53.8109970093 17.5275840759 1.7510051727
54.4573898315 18.2094478607 2.6666975021
56.1068840027 18.7557659149 2.3784198761
58.4157562256 16.7889671326 -2.4955105782
58.5159835815 16.7894287109 -2.5000646114
59.3508033752 17.0295944214 -2.3436827660
59.2173767090 20.1316471100 -3.6620762348
60.0323219299 20.4074440002 -3.7124121189
63.1156539917 -14.7666368484 6.5106883049
64.0374298096 -14.5910263062 6.5841026306
64.8044891357 -15.1662311554 6.4747638702
65.6400070190 -15.3606405258 6.5575604439
69.9434051514 3.8703022003 6.0730123520
70.5778884888 6.2409386635 6.7643837929
71.2462310791 6.3311638832 8.5708560944
75.0928573608 -6.2732882500 -4.3825092316
77.6543807983 -6.9285240173 -4.0365781784
79.3255767822 -7.0961809158 -4.8679308891
98.1349563599 -10.0726766586 -4.4584431648
103.5914230347 7.7034668922 -3.0086393356
122.0170059204 0.1470148563 -0.7988399267
122.8788299561 0.1480651945 -0.8045815229
126.3000106812 0.1115371659 -2.6881668568
126.2435607910 -15.3267145157 -2.3263278008
126.8929672241 -17.1296806335 -1.5998516083
128.8289642334 -3.8692297935 -2.6534667015
129.7454681396 -2.8312020302 0.0216127932
130.6312561035 -1.3374478817 -0.0126200933
131.4230194092 4.4898314476 -0.1376351267
132.3061065674 3.7701199055 0.6979057789
148.2062072754 -20.0470161438 -3.6093802452
149.0600128174 -20.1622200012 -3.6302168369
149.9138641357 -20.2774200439 -3.6510558128
150.7676849365 -20.3926219940 -3.6718924046
157.6112823486 -21.3021488190 -3.3457751274
158.3261566162 -22.3470249176 -3.8335943222
166.8322143555 -24.6844997406 1.6054792404
167.5886688232 -24.8561210632 0.0432922691
168.4425048828 -24.9673614502 0.5710083246
171.7347412109 -19.7557716370 -0.6484920979
172.6912536621 -19.8102169037 0.9585807323
50.4241638184 -1.9735476971 -2.8333060741
50.3899040222 19.3601055145 -1.1119829416
52.2728042603 19.2727127075 -0.6245766282
53.5926628113 18.1226387024 -0.6258373260
54.3753700256 18.4033985138 1.9982995987
55.3293266296 18.2502956390 2.1666741371
58.2636833191 17.4385681152 -2.8818545341
59.2178535461 17.2222518921 -3.0624935627
59.1208267212 20.3478393555 -3.2727735043
59.9350891113 20.6266040802 -3.3178055286
62.6380958557 -14.1082248688 4.0638971329
63.9766731262 -15.2527236938 6.1941018105
64.7758178711 -15.4285850525 6.6880526543
70.0244827271 3.7064049244 5.8559389114
70.7062759399 6.0720634460 6.1039028168
71.5618515015 6.1452512741 6.1772756577
75.1029510498 -6.4562692642 -4.8486218452
78.5615234375 -6.7396187782 -4.5802502632
96.4386444092 -10.1262025833 -4.6779541969
104.4330215454 8.1052780151 -4.3426361084
105.3262100220 8.1925182343 -3.3955671787
120.3147659302 2.1672732830 -1.9530085325
121.1999588013 1.5050626993 -0.8249371648
122.0682144165 -0.1416803598 -1.1735666990
122.9300079346 -0.1426601708 -1.1819292307
125.5153503418 -0.1456009448 -1.2070156336
126.3757171631 0.5851684213 -1.2313629389
126.2756729126 -15.5995063782 -1.6307774782
127.0064010620 -16.6860446930 -1.6147245169
129.8203582764 -1.6266906261 -0.0082002906
130.6894073486 -0.8811321259 -0.0252643991
131.4830627441 4.2108316422 0.9873859286
132.3210906982 4.2712626457 2.6352632046
134.3433837891 20.2549037933 0.7359142900
135.4582366943 18.5562725067 0.7686437368
149.3871917725 -7.7488484383 -4.3969941139
149.0547027588 -20.5159530640 -4.0892300606
149.9218444824 -20.6218605042 -3.6438627243
150.7754669189 -20.7390079498 -3.6646482944
154.1600952148 -21.2307033539 -4.7120008469
155.0134887695 -21.3479900360 -4.7381105423
170.1439208984 -25.5944404602 1.1182239056
171.7474975586 -20.1064758301 0.9665122628
172.6038818359 -20.2212028503 0.4329985380
54.7096481323 17.5885581970 1.7782443762
55.5301094055 17.8511180878 1.8046077490
57.8420295715 15.9927358627 -2.8330290318
58.4465065002 17.0153865814 -2.8808617592
59.2733497620 17.2550811768 -2.9216039181
59.1823921204 20.3839073181 -2.9841008186
63.1735839844 -15.5691013336 4.9662051201
64.0055847168 -15.1989374161 6.5988793373
64.8213195801 -15.3849830627 6.8911805153
70.0564575195 4.1458244324 5.8448514938
70.8033676147 5.5626592636 6.1106734276
71.6594772339 5.6297111511 6.1841568947
78.5818939209 -7.3036360741 -4.3232769966
96.4649353027 -10.2707176208 -4.9775657654
103.6426849365 7.8905386925 -4.3067655563
104.5013198853 7.9557719231 -4.3424534798
105.3840789795 8.0349473953 -3.7229928970
107.3988876343 4.0830302238 -0.7894425988
122.1264114380 0.6346455812 -0.8144951463
122.9882431030 0.6391339898 -0.8203125596
126.3104248047 -15.7798843384 -1.6283969879
127.0718383789 -16.6223068237 -1.6190890074
128.9103393555 -3.3898408413 -4.2688045502
129.8780975342 -1.5615833998 -0.0122458860
130.7468414307 -0.8155878186 -0.0293060206
131.5481262207 4.0169744492 0.6828375459
132.3632812500 5.0864982605 1.7950328588
134.5455780029 19.2808265686 0.4322662055
135.3987426758 19.4028759003 0.4349285662
135.3505096436 25.0236320496 0.3578581214
148.5866546631 -7.9060435295 -3.9082548618
149.4469909668 -7.9517264366 -3.9309117794
149.2512512207 -19.5660495758 -3.6519625187
149.9363250732 -20.8473224640 -4.1092557907
150.7896881104 -20.9657630920 -4.1326699257
152.5495910645 -21.1461219788 -1.9144054651
151.6959228516 -21.0279998779 -1.9036453962
153.3947753906 -21.2765789032 -2.4047439098
154.2483215332 -21.3947734833 -2.4181652069
157.6308898926 -21.9013442993 -3.8271937370
167.8007049561 -24.1719093323 0.5439722538
171.9277191162 -19.0555896759 -0.1365635246
172.7850799561 -19.1214561462 0.9392206073
52.2587890625 -2.0911891460 -2.6083142757
54.8027915955 17.5009994507 0.9288080931
55.6292152405 17.7611885071 0.5800375938
56.4523162842 18.0216217041 0.4045055211
57.3160629272 17.9046955109 -2.9912393093
58.3791084290 17.3709144592 -3.0277276039
59.2043914795 17.6156120300 -3.0705103874
59.0941429138 20.7438125610 -3.1341209412
62.6986885071 -17.7800464630 4.0277862549
64.0063781738 -15.2899236679 6.8043427467
64.8404083252 -15.4884576797 6.8925843239
65.6343917847 -15.6635513306 7.3994274139
69.0714950562 6.7731385231 5.2918152809
70.1177978516 4.1655559540 5.6245589256
70.9679794312 4.6227135658 5.4646487236
78.6549148560 -6.8264636993 -4.5825791359
96.5290222168 -10.2326231003 -4.6797175407
123.0207977295 0.6546353698 -1.9664610624
125.5377807617 -14.9604139328 -3.8921580315
126.3481216431 -15.7558336258 -2.3216567039
127.2093124390 -15.8548231125 -2.0396809578
128.9527130127 -4.3252754211 -3.4495983124
129.9203338623 -0.8033062220 -1.6416506767
130.7920837402 -0.7816911340 -0.4374077618
131.5670623779 4.8208122253 0.6643486023
132.2959747314 7.6582670212 0.6130893826
148.6494750977 -7.0175971985 -4.8539605141
149.4672088623 -7.9236989021 -4.8611521721
149.2522125244 -19.8162822723 -4.1135301590
150.1322326660 -19.9067554474 -3.1994297504
150.8686218262 -20.8932781219 -3.1931641102
152.5632476807 -21.1410484314 -3.7061917782
153.4167633057 -21.2591381073 -3.7269520760
154.2405700684 -21.4003124237 -4.7119297981
155.0938873291 -21.5185317993 -4.7380151749
156.6764068604 -15.5920238495 -4.4413518906
156.8005371094 -21.7549629211 -4.7901873589
157.6697692871 -21.8614921570 -4.3235292435
171.8288421631 -20.3241863251 -0.1042573005
54.6384658813 18.3158931732 0.7399308681
55.6014862061 18.1599407196 0.3913628161
57.2594795227 18.3054656982 -3.5112392902
58.4615249634 17.3274974823 -3.5516271591
59.2760734558 17.5668163300 -3.7933030128
63.4709091187 -15.1612062454 3.5315148830
69.1364746094 6.8661332130 5.0722312927
70.0613327026 6.0111107826 5.3694772720
71.1340637207 3.2108156681 5.0482110977
104.6276855469 7.3142113686 -4.9039397240
105.5109863281 7.3866448402 -4.3710761070
121.3273849487 1.4924837351 -2.9933397770
122.1989059448 0.0888110399 -2.9840519428
123.0750198364 0.1040572599 -2.3383624554
124.7984771729 0.1055465341 -2.3711638451
125.6327972412 -0.8866217732 -3.4358839989
125.5245132446 -15.7375440598 -3.0899131298
126.2746429443 -16.5851268768 -3.4849460125
127.1404800415 -16.6876335144 -3.1116468906
128.9613037109 -5.8799138069 -3.0156161785
129.7952423096 -6.6608924866 -2.6153647900
130.8437347412 -1.6099318266 -0.4215843678
131.6441040039 4.2476572990 0.9792768955
148.6772460938 -7.6730909348 -4.8408422470
148.4700622559 -19.5092506409 -4.5618462563
150.0623931885 -20.6022605896 -4.5900487900
150.9158782959 -20.7193012238 -4.6161680222
154.3299102783 -21.1874809265 -4.7206478119
155.1834106445 -21.3045234680 -4.7467675209
169.0160522461 -22.1618156433 -3.6097929478
169.7393798828 -23.2559089661 -3.6005754471
53.6464042664 18.6162166595 1.0758558512
54.8105010986 17.8459911346 1.2776901722
55.7632827759 17.6833057404 1.4810652733
57.6097602844 17.3810329437 -2.8529474735
58.5291481018 17.2873497009 -3.0326974392
59.3548278809 17.5308551788 -3.0754718781
61.3995399475 -16.6026344299 3.3004443645
64.5742034912 -13.6952743530 5.9290924072
69.3684387207 4.0191707611 5.7677006721
70.2888870239 2.7200853825 5.8655838966
71.1066894531 2.2188193798 6.6092634201
89.0093154907 9.6996746063 1.3690663576
89.8184814453 10.2989006042 0.5339329839
104.6423339844 8.4526271820 -4.0341348648
105.7784271240 3.8332974911 -3.9769892693
121.3918533325 1.3848000765 -2.9939007759
122.2598342896 0.6875025630 -2.9999449253
123.1425933838 0.7151733041 -1.9733105898
125.7085494995 -0.2625150979 -3.0634059906
125.5843811035 -15.8394336700 -2.6981236935
126.4393234253 -15.9471740723 -2.7165071964
127.2722854614 -16.0740852356 -3.5287075043
130.0460510254 -0.9811008573 -1.2406654358
130.9078674316 -0.9875877500 -1.2489088774
131.6864929199 4.8523426056 -0.9735302925
148.5166931152 -19.6412029266 -4.5610661507
149.3707427979 -19.7540740967 -4.5873022079
150.0969543457 -21.0025768280 -3.6434516907
151.0081024170 -21.0267314911 -0.0093986224
153.5702819824 -21.3697013855 0.4699929655
154.4951629639 -20.4313011169 -4.7447247505
155.4646759033 -19.6451854706 -4.7959132195
54.8037452698 17.9982509613 1.9877641201
57.8779563904 16.7745456696 -2.2913312912
58.6833038330 17.0028514862 -2.8913226128
59.5039024353 17.2392292023 -3.0758345127
59.4164199829 20.3680629730 -3.1404910088
69.2653579712 6.4718775749 5.5041489601
70.1682968140 6.0135536194 5.5817384720
78.8067092896 -7.1742630005 -4.5818333626
88.2859573364 8.6816835403 2.4671936035
103.8701934814 8.0738143921 -3.9981594086
104.7403411865 8.1474151611 -3.7062828541
121.4656982422 1.0310697556 -2.6132571697
123.2192001343 0.1358934343 -0.8197460175
127.0654525757 -18.1595554352 -3.0759627819
129.0594635010 -6.6184868813 -2.6036190987
130.9113616943 4.2037425041 0.2584000528
131.7711181641 4.2396979332 0.6678427458
149.3346862793 -20.4874496460 -4.5695829391
150.2473144531 -20.5499668121 -2.3687193394
154.4713439941 -21.1784248352 -4.2442121506
155.4835815430 -20.0974521637 -4.3011350632
157.7586364746 -22.5588951111 -4.3122630119
158.5955657959 -22.6926174164 -4.8309869766
3.8930697441 -0.2043637037 -0.9736277461
3.3246037960 -0.4357715845 -1.0087653399
3.4250299931 -0.4467853904 -1.0477640629
2.7845013142 -2.3720505238 -0.9974820614
3.8501060009 -1.2729049921 -1.0911302567
5.0051360130 -1.7847859859 -1.2682013512
5.4856200218 -0.2990034521 -1.2523775101
5.2839388847 -0.4237720072 -1.1689897776
5.3817105293 -1.0806369781 -1.1538480520
5.2355594635 -1.8392467499 -1.1524082422
5.0287466049 -2.0550730228 -1.1481200457
5.1324129105 -2.0896999836 -1.1474833488
5.1820321083 -0.1871501654 -1.1449784040
4.8318858147 -1.6026400328 -1.1397902966
5.1697812080 -2.1070387363 -1.1333032846
5.1341886520 -1.8094732761 -1.1333005428
4.9479913712 -2.5078160763 -1.1299519539
5.0623149872 -2.0828349590 -1.1289619207
5.0902872086 -1.7775452137 -1.1286031008
4.6293501854 -0.2059169412 -1.1263631582
4.5288834572 -0.1996874809 -1.1222885847
4.9193906784 -1.7012028694 -1.1192772388
5.0211448669 -1.8156464100 -1.1128752232
4.6605091095 -1.0617871284 -1.1109215021
4.9782032967 -2.4383008480 -1.1102732420
5.1662802696 -1.8474113941 -1.1078507900
5.2745857239 -0.7996022105 -1.1076860428
4.9782242775 -1.7802371979 -1.1073114872
4.6999597549 -2.5471539497 -1.1065982580
4.9298501015 -2.1294491291 -1.1064399481
5.3043284416 -1.0961158276 -1.1047967672
5.0359983444 -2.1094961166 -1.1027094126
5.1118521690 -2.1834924221 -1.1016021967
4.9503145218 -2.2690315247 -1.0975826979
4.8755264282 -2.4213628769 -1.0929886103
4.0989437103 -0.6615284681 -1.0873932838
4.4143333435 -0.7768043876 -1.0870538950
4.5268087387 -0.2337809205 -1.0866396427
5.0311613083 -2.1020424366 -1.0839072466
4.8499817848 -1.7418689728 -1.0803315639
4.7678513527 -1.1160838604 -1.0748389959
4.8651275635 -1.1830127239 -1.0741826296
4.8413739204 -1.3073741198 -1.0703781843
5.0573019981 -1.8503644466 -1.0682586432
5.0872807503 -0.1825395226 -1.0679869652
4.8417639732 -1.7962616682 -1.0666499138
4.4294824600 -0.2373725176 -1.0654213428
4.8524980545 -2.3209931850 -1.0638163090
4.9540100098 -2.3611853123 -1.0629421473
4.8745145798 -2.1874411106 -1.0613749027
4.3281488419 -3.5122723579 -1.0585889816
4.8143272400 -1.3907663822 -1.0575723648
4.9565973282 -1.8183054924 -1.0492314100
5.1630187035 -2.0360591412 -1.0452746153
4.9206056595 -1.8909033537 -1.0420711040
4.2727193832 -3.3831489086 -1.0372470617
4.9809341431 -1.9877164364 -1.0314543247
4.5932869911 -2.7068743706 -1.0210806131
3.3888103962 -4.1794681549 -1.0180869102
4.8309583664 -1.7759734392 -0.9970224500
5.0232276917 -1.8116983175 -0.9960579872
4.5933299065 -1.9711998701 -0.9861961007
4.6809072495 -1.9344110489 -0.9821285009
3.4960241318 -3.6054890156 -0.9813344479
3.5725402832 -3.8763539791 -0.9802127481
4.5338954926 -2.6318223476 -0.9601675272
4.6544556618 -2.5863976479 -0.9521236420
4.9607100487 -1.7604281902 -0.9378764629
3.4975380898 -4.1740698814 -0.9176043272
3.6968545914 -3.5572245121 -0.8907015920
3.9101266861 -5.7509045601 -0.1371962279
3.7985379696 -5.8654999733 -0.1358595043
4.2041754723 -5.7471990585 -0.1285766214
4.0485901833 -5.7725033760 -0.1209678352
4.0423450470 -5.7882595062 -0.1203391254
3.9279549122 -5.8200607300 -0.1153701022
3.8588836193 -5.7378611565 -0.1131268665
3.7292768955 -5.7848830223 -0.0846856087
6.6025824547 -2.5568859577 -0.0771524683
4.1065607071 -5.8022675514 -0.0768817514
3.9966819286 -5.7875175476 -0.0712259337
4.2732176781 -5.8294262886 -0.1308179349
4.1171994209 -5.8550896645 -0.1231816411
4.2992992401 -5.8608803749 -0.0848333240
4.2069516182 -5.8408126831 -0.0800889507
4.1138238907 -5.8698463440 -0.0577696264
6.8048672676 -2.9421660900 0.2927444577
7.9265370369 -3.0433628559 0.3519808054
7.5701055527 -3.0259613991 0.5500944853
6.5541839600 -6.0330038071 0.5227668881
6.6887755394 -6.0393447876 0.5842257142
14.1242904663 -8.4828262329 -1.5913254023
14.8807849884 -7.7204418182 -1.5687175989
14.4517469406 -8.1004428864 -1.5409318209
14.9986371994 -6.9995117188 -1.4726351500
15.1801252365 -6.7929515839 -1.4681907892
14.3700132370 -8.0323038101 -1.4641437531
16.1917762756 -7.0580959320 -1.4295346737
14.2428560257 -8.6953496933 -1.4195712805
14.2798690796 -7.9408154488 -1.3792632818
15.8676395416 -8.0783634186 -1.3665705919
15.7974348068 -8.1549873352 -1.3376032114
14.6016492844 -6.6204886436 -1.2881201506
14.9974536896 -6.4793367386 -1.2754150629
14.8491601944 -6.5523176193 -1.2622704506
14.7511415482 -6.5092163086 -1.2539510727
14.7627296448 -6.5385732651 -1.1950433254
14.1490068436 -8.3342285156 -1.1768494844
14.2493658066 -7.9088521004 -1.1593093872
14.8221511841 -7.6720452309 -1.1562528610
15.4987306595 -5.5444350243 -1.1327183247
14.1747722626 -8.0800571442 -1.1262662411
14.7188291550 -5.9069333076 -1.1189832687
14.2443513870 -7.2472953796 -1.1144355536
16.1252918243 -8.0335903168 -1.1077132225
14.1485576630 -7.1993174553 -1.1069885492
14.9499721527 -5.6602554321 -1.0983159542
14.9990186691 -5.6377477646 -1.0905588865
14.8739719391 -5.8030796051 -1.0812634230
14.7917232513 -6.0990438461 -1.0710433722
15.3685684204 -5.6007018089 -1.0699015856
14.7615585327 -6.3025741577 -1.0582289696
15.0546379089 -5.6959910393 -1.0535789728
14.5227670670 -8.6320409775 -1.0521756411
13.9759683609 -6.9019336700 -1.0520098209
14.4028053284 -7.0384793282 -1.0328068733
14.9404087067 -6.5099473000 -1.0273890495
14.4645118713 -8.7311029434 -1.0264130831
14.1525917053 -7.9133276939 -1.0197328329
14.5064487457 -7.1844387054 -0.9960804582
15.9046611786 -3.6843729019 -0.9926906824
15.8000717163 -3.6608858109 -0.9862192273
14.9346904755 -7.9438247681 -0.9777384996
14.7900686264 -7.9890413284 -0.9673634768
15.0227680206 -6.5525646210 -0.9548900723
16.1842613220 -8.1763257980 -0.9494981766
14.3990354538 -7.6051788330 -0.9410945177
14.3204765320 -6.4044666290 -0.9384279251
13.9160366058 -8.1937103271 -0.9345409274
14.3965749741 -8.7078170776 -0.9337591529
15.2688684464 -5.7026147842 -0.9173561335
14.2010564804 -6.1898341179 -0.8972417712
15.1801261902 -6.6645679474 -0.8944796324
14.4390363693 -8.5985641479 -0.8938606977
14.8818082809 -5.6484971046 -0.8920158744
14.3137283325 -7.3412485123 -0.8899830580
15.1012363434 -4.6896829605 -0.8820117116
14.8416194916 -7.6365742683 -0.8757723570
14.9786872864 -7.7581248283 -0.8225431442
13.7583637238 -8.0676746368 -0.8014923334
15.3530092239 -7.7833685875 -0.7891634703
14.4847154617 -7.7813792229 -0.7881644964
14.5617971420 -8.4558477402 -0.7826031446
14.2697219849 -7.3586606979 -0.7819517851
14.4507083893 -8.5071086884 -0.7783546448
15.0740833282 -4.8193154335 -0.7660360932
14.3805599213 -6.1140608788 -0.7564120293
14.1531171799 -7.4035644531 -0.7272967696
15.0567293167 -4.6504559517 -0.7223941684
16.1738052368 -7.7498569489 -0.7169517279
14.4195146561 -5.5927443504 -0.7131609917
13.9433174133 -7.5041508675 -0.7013617158
14.1128435135 -6.4571900368 -0.6840395331
15.1635417938 -4.5778956413 -0.6755335927
13.9134283066 -7.1065726280 -0.6084605455
14.6636257172 -4.9383749962 -0.5941616297
14.8633279800 -5.9831843376 -0.5810486674
13.5626926422 -8.4751081467 -0.5707752705
15.5002422333 -8.4833259583 -0.5583332777
14.4867324829 -6.5183382034 -0.5507411361
14.4398040771 -6.5903677940 -0.5490292311
15.7932853699 -7.9865012169 -0.5408600569
16.2846412659 -7.1471071243 -0.5388932824
16.2002716064 -7.1718444824 -0.5342761874
14.2505264282 -6.7771492004 -0.4974396229
15.5673646927 -8.4150199890 -0.4775679708
15.2327499390 -8.4326105118 -0.4647555053
15.0805301666 -4.2713270187 -0.4564991593
15.9888410568 -7.8422050476 -0.4516207874
15.8914642334 -7.7970438004 -0.4487784803
15.4117298126 -8.4294214249 -0.4172332287
15.4235630035 -8.5341024399 -0.4154738486
15.3292961121 -8.4827108383 -0.4129091799
15.1936025620 -8.4492540359 -0.4074909985
15.5056409836 -8.4777421951 -0.3661388755
15.6068716049 -8.4851217270 -0.3641644716
15.3192720413 -8.3772773743 -0.3598929048
15.4761972427 -8.3639173508 -0.3590691686
15.4511690140 -8.4180097580 -0.3576626778
15.5227613449 -8.4910287857 -0.3574778736
15.4884099960 -8.5065431595 -0.3564947546
15.2901306152 -8.4990558624 -0.3549862206
15.4605989456 -8.3814983368 -0.3113348782
15.4133377075 -8.4249124527 -0.3094871342
15.3659877777 -8.3307151794 -0.3094063699
15.5083351135 -8.4505100250 -0.3082440495
15.4307298660 -8.5151567459 -0.3070492446
15.3188991547 -8.3687162399 -0.3051909208
15.5136327744 -8.4341888428 -0.3051007688
15.5418643951 -8.5088748932 -0.3047426641
15.4845161438 -8.4067621231 -0.3043822348
15.3865385056 -8.5487556458 -0.3018145263
15.3771877289 -4.2407088280 -0.3001046479
15.4339408875 -8.4516077042 -0.2998585701
15.2991638184 -8.4295063019 -0.2992214859
15.4292182922 -8.4407567978 -0.2973881662
15.2619953156 -8.3189134598 -0.2962205112
15.3335657120 -8.3920269012 -0.2953674197
15.3313798904 -8.4098081589 -0.2948783636
15.2382192612 -8.4511919022 -0.2947356701
15.3057146072 -8.4625692368 -0.2938047647
13.9251689911 -7.3371915817 -0.2870755196
14.2805824280 -6.3772320747 -0.2706190944
15.4950342178 -8.3711051941 -0.2598328888
15.5570707321 -8.4307317734 -0.2581782341
15.3208646774 -8.3720207214 -0.2534961104
15.4154052734 -8.4178752899 -0.2520375252
15.3383941650 -8.4620227814 -0.2507371902
15.4994926453 -8.3639154434 -0.2507145107
15.4982194901 -8.4243202209 -0.2477522641
15.3909864426 -8.3559675217 -0.2459694892
15.2427501678 -8.3996219635 -0.2446101308
15.3351078033 -8.4996633530 -0.2402844727
15.3969507217 -8.4543542862 -0.2393428981
15.3014545441 -8.4053096771 -0.2376687080
15.2376890182 -8.3593997955 -0.2357846797
15.4022302628 -8.3184576035 -0.2041564733
15.3077392578 -8.2674245834 -0.2029040456
15.5117826462 -8.4669370651 -0.1982178539
15.4170541763 -8.3970232010 -0.1954565048
15.2458896637 -8.4088287354 -0.1950863898
14.6563138962 -3.1322767735 -0.1944003254
15.4926404953 -8.5266723633 -0.1903031617
15.3977088928 -8.4764862061 -0.1890121549
15.3495235443 -8.4754333496 -0.1887629032
15.2972869873 -8.3051099777 -0.1882179976
15.3421878815 -8.3991222382 -0.1843673140
15.4934806824 -8.5223999023 -0.1827860326
15.3980226517 -8.4732627869 -0.1814481467
14.1065864563 -6.5949921608 -0.1694204807
15.3438625336 -3.1417746544 -0.1623603404
13.7194576263 -4.5535240173 -0.1484314501
14.3174066544 -6.8704972267 -0.1459990144
15.4216823578 -8.3621120453 -0.1409016252
15.3237180710 -8.3450412750 -0.1390793622
15.4074048996 -8.3112850189 -0.1368796229
15.3407449722 -8.4468660355 -0.1353733391
15.4263315201 -8.4613962173 -0.1344453990
15.3313350677 -8.4113130569 -0.1334816962
15.2483491898 -8.3481750488 -0.1266146153
15.3041677475 -8.4223690033 -0.1230285540
16.0973186493 -7.9755883217 -0.1115974113
16.0069103241 -7.8513231277 -0.1102239937
15.8169002533 -7.9450120926 -0.1047091708
15.4981498718 -8.4296846390 -0.0822051838
15.4282131195 -8.4219207764 -0.0817819834
15.3332462311 -8.3717842102 -0.0811532959
15.4368972778 -8.4956340790 -0.0805589929
13.7525587082 -4.5424180031 -0.0689728707
13.8514461517 -4.4960803986 -0.0681543499
15.6104183197 -8.5126676559 -0.0461605899
15.6457586288 -8.5390243530 -0.0415315479
15.5508451462 -8.4887857437 -0.0411569141
15.4559335709 -8.4385375977 -0.0407825448
15.5953845978 -8.4761953354 0.0158908479
14.7361135483 -5.3144335747 0.0411622711
15.3631668091 -8.3843383789 0.0704413429
15.1825103760 -4.5659041405 0.1209949180
15.0513238907 -4.6303610802 0.1238676980
14.7116823196 -6.0246720314 0.2123710215
14.5575437546 -6.2032113075 0.6426506042
14.9599399567 -6.4349145889 0.6607282162
14.3706464767 -6.3589954376 0.6965672374
15.1629915237 -6.2046670914 0.7079429626
14.9211339951 -5.6961774826 0.7739261389
14.8178577423 -6.2882790565 0.7832055092
15.1068716049 -6.3399491310 0.8621004820
14.9797925949 -7.4241657257 0.9089167714
14.7638301849 -6.1213288307 0.9157969356
14.3113117218 -7.9064159393 0.9366941452
15.3262443542 -6.9559392929 1.0816926956
14.9537000656 -6.9092512131 1.0875957012
14.2938976288 -7.5359573364 1.1212913990
14.8730964661 -7.3629331589 1.1754270792
15.1942682266 -6.3611807823 1.1931797266
14.3332662582 -8.5671129227 1.3018466234
15.1412134171 -6.7393593788 1.3236844540
14.7836551666 -5.6410822868 1.3812135458
15.0113496780 -5.5385856628 1.4325951338
15.0294218063 -6.1229734421 1.4821720123
14.4643135071 -8.4557371140 1.4942593575
14.9108438492 -5.5782818794 1.5008776188
14.5331039429 -6.4766812325 1.5273625851
14.8748769760 -5.6681842804 1.5334395170
14.8295536041 -5.6662840843 1.6423498392
14.0935010910 -7.6148438454 1.6465880871
14.8758468628 -5.8128833771 1.7581095695
15.0082683563 -5.7694764137 1.7670646906
15.0818881989 -7.6926980019 1.7696446180
15.1780061722 -7.7394080162 1.7801578045
14.2764568329 -7.6461501122 1.7978849411
14.8419713974 -6.1970853806 1.8287310600
14.2343149185 -7.4749574661 1.8843071461
14.9895086288 -5.5729045868 1.9061868191
14.2172365189 -8.1646919250 1.9457033873
15.0361022949 -5.8903794289 2.0479500294
14.3516244888 -8.5497446060 2.0542092323
14.6171245575 -6.6125516891 2.0666325092
14.9900083542 -6.2597355843 2.1674704552
13.8408193588 -8.1525573730 2.2276313305
14.8610086441 -6.7759752274 2.3402111530
14.3256511688 -6.9439225197 2.3891921043
23.2810459137 -8.4428777695 -0.1891138703
23.2159729004 -8.8300590515 -0.1133466214
22.9540653229 -9.3646841049 -0.0771106705
23.7609176636 -7.3553004265 -0.0709977373
22.9251613617 -9.1600580215 -0.0249475725
22.9709854126 -9.3342475891 -0.0197132714
22.8244628906 -7.4101033211 -0.0157314092
22.8708934784 -10.0103302002 0.0275844056
23.1855297089 -9.3072156906 0.0821602196
22.7887496948 -9.4783992767 0.0886082202
23.2671890259 -7.8725285530 0.0986596346
22.7729854584 -9.9660377502 0.1076656356
23.1937313080 -8.9375972748 0.1087246910
22.9836196899 -9.1536674500 0.1229894236
22.6804618835 -7.5034170151 0.1372392476
23.7717933655 -7.5898518562 0.1390307397
22.8650074005 -9.5239458084 0.1489566863
23.0861473083 -9.2659282684 0.1623654217
22.8598899841 -7.2755064964 0.1689911187
22.6913204193 -7.1801996231 0.1700547785
23.4244461060 -9.9633169174 0.1706355959
21.4559173584 -10.2360134125 0.1785836220
21.6398410797 -10.4015188217 0.1904997826
22.6327190399 -7.6150989532 0.2207696438
23.3775901794 -7.8319249153 0.2303211093
23.6611480713 -9.3393707275 0.2317919731
23.0377998352 -9.1094760895 0.2370565683
22.1298751831 -10.4799470901 0.2499261945
22.6619224548 -9.8818254471 0.2530831397
22.5599517822 -7.9941782951 0.2661283910
22.8847217560 -9.1085071564 0.2758440673
22.8301334381 -7.6218128204 0.2915373743
24.1289596558 -7.5851449966 0.3039901257
22.6125411987 -9.2896089554 0.3259014189
22.8132381439 -9.6932411194 0.3352965117
23.2826843262 -8.5617971420 0.3586251140
22.4986000061 -8.2023458481 0.3830689192
22.4927253723 -7.7846045494 0.4125696123
22.4583206177 -7.9537892342 0.4178400040
23.2677707672 -7.7521815300 0.4206015170
22.6411266327 -7.9922237396 0.4323357046
22.0493412018 -8.9970541000 0.4428075850
22.9960517883 -9.0906429291 0.4458205402
21.8185462952 -8.7199192047 0.4526782036
22.2122821808 -8.8047285080 0.4586280882
22.1431388855 -8.9559307098 0.4650790095
22.6613311768 -8.0208444595 0.4788671434
23.7627449036 -7.7709779739 0.4807947576
22.5865001678 -7.8188199997 0.4835631251
22.0763149261 -8.9562406540 0.4857656360
23.3449535370 -7.9382796288 0.4919369221
22.6777076721 -8.2078866959 0.4994297624
23.6932353973 -8.3011846542 0.5013089776
21.6862678528 -10.0874347687 0.5160939693
23.3084201813 -9.5390453339 0.5172333121
22.6557235718 -8.1247959137 0.5220453143
22.5907459259 -7.4631743431 0.5468783975
22.5679111481 -7.9467215538 0.5585189462
22.5273189545 -9.3049116135 0.5598158836
22.4526710510 -8.0498399734 0.5918470025
22.5538520813 -8.0857658386 0.5944460034
22.3119945526 -8.8372430801 0.5957190990
22.0423641205 -8.9116506577 0.5974425673
22.5181007385 -7.7484774590 0.6270595193
22.0849189758 -8.6834573746 0.6288148761
22.4654712677 -7.9092631340 0.6329720020
22.7854728699 -8.2318124771 0.6447334886
22.4121856689 -7.8370814323 0.6566446424
22.2583236694 -9.6681432724 0.6745415926
23.0538444519 -7.8533048630 0.6750217676
22.8903732300 -7.9981431961 0.6788794994
23.0872192383 -7.0422124863 0.6826409101
23.1472167969 -7.2118721008 0.6903721690
23.0206069946 -6.9528989792 0.6907431483
22.7261886597 -7.4600553513 0.6947126389
22.3883972168 -7.7393245697 0.6959611773
21.8749599457 -8.8669977188 0.7035894394
22.0640029907 -8.8789682388 0.7087419629
22.9922199249 -10.1946249008 0.7104010582
23.1481533051 -9.1924381256 0.7135771513
22.6193447113 -8.1112136841 0.7205682993
22.0486736298 -8.8527164459 0.7223218083
23.2410831451 -7.9600291252 0.7227163315
22.3730640411 -9.2684888840 0.7234640718
22.0536422729 -8.7076702118 0.7323760986
23.1056289673 -6.9074530602 0.7494518161
22.3313274384 -7.5682559013 0.7637382150
23.2247161865 -7.0118689537 0.7719001174
21.9827861786 -8.6382484436 0.7747585773
23.0979824066 -8.1851091385 0.7778205276
22.2318115234 -8.7413148880 0.7798534632
22.1730422974 -8.9828147888 0.7878146172
23.5738925934 -9.4700088501 0.7878573537
22.3697414398 -8.6184663773 0.7920925021
21.9475879669 -8.8103027344 0.7942524552
23.1992435455 -7.6721100807 0.7972894311
22.1475849152 -8.8882999420 0.8010202646
21.9384860992 -10.6604938507 0.8140785098
24.0829486847 -7.7120823860 0.8145992160
22.9920806885 -8.0150814056 0.8192381263
23.1685714722 -7.7408752441 0.8200106025
22.7527675629 -8.1477928162 0.8256044388
22.4623394012 -8.7295837402 0.8256425261
23.0890884399 -8.5638847351 0.8289043903
22.3560504913 -7.8218984604 0.8290488124
23.4696159363 -8.5841979980 0.8332846761
22.9114570618 -9.0551128387 0.8477314711
23.4608821869 -8.3989686966 0.8507677317
22.0896358490 -8.7728290558 0.8545894027
22.0614070892 -11.2042436600 0.8608133793
22.9884376526 -7.1684050560 0.8610224724
23.0954246521 -7.6364049911 0.8727939129
23.2147789001 -7.9027824402 0.8806191087
23.0652847290 -8.0087032318 0.8823257685
22.3968887329 -9.4765672684 0.8856702447
23.8599395752 -7.7869315147 0.8857987523
24.2141246796 -7.7380137444 0.8908502460
22.0068092346 -8.7096223831 0.8939284682
23.0606594086 -7.6695265770 0.8996421099
23.1626663208 -7.7028679848 0.9034745097
22.2817707062 -7.7181220055 0.9128431678
21.7499237061 -9.4186849594 0.9211263657
23.0299606323 -7.1918845177 0.9214613438
22.8836212158 -7.2989892960 0.9227193594
23.0639114380 -7.1518778801 0.9241409898
22.9132575989 -7.5796866417 0.9275320768
22.1881198883 -8.8082475662 0.9332721829
23.0009918213 -8.2424993515 0.9380914569
22.2597293854 -8.5498065948 0.9475347996
22.1403160095 -9.0952625275 0.9494602084
22.5844459534 -8.0536746979 0.9817720652
22.3908119202 -9.5030155182 0.9856755137
23.3652153015 -8.5414762497 0.9899423122
21.6492958069 -9.3739099503 0.9932846427
22.4742832184 -8.4125852585 1.0026957989
22.0044212341 -7.8883843422 1.0044436455
23.2167072296 -7.1790466309 1.0064419508
23.0706710815 -7.2877068520 1.0073884726
23.3987197876 -8.3706417084 1.0082094669
23.2601318359 -8.1338901520 1.0093001127
22.5526409149 -9.9384450912 1.0110659599
24.0188980103 -8.1260890961 1.0311311483
22.9526863098 -6.8244667053 1.0385594368
23.2341346741 -7.8818397522 1.0452381372
23.4121360779 -6.2360363007 1.0467691422
22.4818649292 -9.3840780258 1.0478316545
22.9113998413 -7.9957113266 1.0493412018
23.0507526398 -6.9654183388 1.0771191120
23.0717639923 -7.4213285446 1.0798077583
23.0980453491 -7.1766977310 1.0882465839
22.7836475372 -7.5983304977 1.0944724083
23.1963214874 -7.2748389244 1.0961152315
23.0903034210 -7.0377974510 1.1114646196
23.2730331421 -9.6593513489 1.1227470636
23.4960746765 -8.3998632431 1.1488544941
23.2715854645 -6.8481912613 1.1499478817
23.1431503296 -7.0728688240 1.1516464949
24.1153316498 -7.9238443375 1.1525750160
22.1110801697 -9.9565410614 1.1705764532
22.8470096588 -8.3792238235 1.1864664555
22.9560070038 -7.3215832710 1.1927422285
23.0507698059 -6.8473467827 1.1961489916
23.0800952911 -7.1838545799 1.2224066257
22.5763950348 -8.4577255249 1.2439230680
22.5209674835 -8.8349704742 1.2456579208
23.1134548187 -7.1697697639 1.2484868765
22.6173458099 -7.9977059364 1.2500814199
22.5679969788 -9.6079416275 1.2519779205
23.1517276764 -6.8743844032 1.2588746548
23.2687358856 -7.2899489403 1.2719846964
23.5431022644 -8.4775886536 1.2729474306
22.5315494537 -8.7930240631 1.2918695211
22.9187526703 -7.7686810493 1.3262532949
22.7859897614 -8.0751647949 1.3296937943
23.0203609467 -6.8598575592 1.3317387104
23.5777778625 -9.4962787628 1.3435658216
23.4786911011 -8.4462833405 1.3622317314
22.1892719269 -10.4388208389 1.3682886362
22.9525489807 -8.0289659500 1.3700863123
23.2467193604 -6.9935684204 1.3725683689
22.2978935242 -8.9317226410 1.4099341631
22.5075740814 -7.7418546677 1.4309113026
23.3650321960 -7.3137602806 1.4324630499
22.6092948914 -7.7757005692 1.4370052814
24.0113945007 -7.9890875816 1.4378963709
24.2289142609 -7.8079423904 1.4518502951
22.0583972931 -8.1720628738 1.4607112408
23.1002922058 -7.6201200485 1.4611479044
24.1362476349 -8.0710897446 1.4639236927
23.8462562561 -8.0904121399 1.4675318003
23.9479446411 -8.1243915558 1.4736298323
21.8253383636 -10.5781297684 1.4867317677
23.5047035217 -9.3264961243 1.5200901031
22.8672657013 -8.5527172089 1.5493869781
23.3628215790 -8.6103162766 1.5693598986
23.4931564331 -9.2474870682 1.5786592960
24.0890979767 -7.8429908752 1.6086760759
23.4144229889 -9.5831947327 1.6192402840
23.4735908508 -8.3421220779 1.6262780428
22.9499530792 -8.0080471039 1.6426912546
23.9939098358 -7.1529011726 1.6616073847
21.9468288422 -8.1238546371 1.6811540127
24.1348915100 -7.7438316345 1.7050914764
24.0935497284 -8.1247901917 1.7372332811
22.5118007660 -9.9406986237 1.7474442720
23.3599319458 -8.3901014328 1.7544001341
23.1572875977 -7.1885890961 1.7565809488
23.6136379242 -7.6720523834 1.7726798058
23.4961452484 -8.4240369797 1.8283599615
22.4885940552 -7.9316649437 1.8380477428
21.9103393555 -8.2660903931 1.8483637571
22.8426380157 -10.4930706024 1.8568440676
24.0591316223 -7.9297738075 1.8597167730
24.0968952179 -8.1554155350 1.8742403984
21.7930030823 -8.3010759354 1.9062564373
24.0468063354 -7.6296982765 1.9207801819
23.4416980743 -8.4440641403 1.9454855919
24.2235565186 -7.7630805969 1.9515366554
23.2454624176 -8.3415346146 1.9846712351
23.3960876465 -9.1765689850 1.9868540764
23.4975795746 -7.6266813278 1.9997073412
22.8424663544 -7.5145902634 2.0146713257
23.4365406036 -9.7364597321 2.0304985046
23.3938694000 -8.8835000992 2.0688099861
23.4072608948 -8.4968776703 2.1064140797
22.8903732300 -9.0510807037 2.1169502735
23.3772811890 -8.3714990616 2.1175496578
23.5733757019 -7.6729111671 2.1465551853
22.5288982391 -9.3205442429 2.1517751217
23.0060806274 -8.0753765106 2.1682453156
22.8705081940 -6.3780808449 2.1769564152
22.0679111481 -8.4997587204 2.1866447926
23.5194206238 -7.7420721054 2.2815067768
21.7128906250 -8.1065111160 2.3227345943
23.9685230255 -7.8644657135 2.3839118481
23.5508956909 -7.5381169319 2.4574010372
21.8212242126 -10.6731567383 2.4911668301
23.6395282745 -8.7055549622 2.5254576206
22.7976417542 -8.1640033722 2.5543837547
23.5111827850 -7.1494517326 2.5623722076
22.4758758545 -9.8996553421 2.5721096992
22.8078498840 -8.4915523529 2.5901167393
23.3835582733 -7.6296257973 2.6860818863
22.4799118042 -10.4636478424 2.8195371628
22.7528991699 -9.8120613098 2.8867092133
22.7009334564 -10.1760282516 3.0542902946
23.4347171783 -7.9693040848 6.7499032021
23.2983379364 -7.9178285599 6.8781437874
23.1416950226 -7.8565897942 7.0821876526
22.6661968231 -7.8581390381 7.1206665039
22.8737163544 -7.9509496689 7.4630889893
21.9496250153 -8.1135206223 7.5250868797
23.0165843964 -7.5596528053 7.8883166313
28.5410099030 10.5869855881 -2.4296541214
28.5841808319 10.4060382843 -2.4276425838
28.7966423035 10.3205032349 -2.3459713459
28.6562328339 10.6360130310 -2.3408722878
28.6349029541 10.4155960083 -2.3378975391
28.5182285309 10.5075387955 -2.3346242905
28.6169567108 10.4328060150 -2.3318080902
28.5744552612 10.3614406586 -2.3283159733
28.5818500519 10.7036466599 -2.2753992081
28.6508693695 10.5314331055 -2.2644424438
28.5503406525 10.4944810867 -2.2564971447
28.6595039368 10.6320285797 -2.1767685413
28.5626983643 10.5970401764 -2.1738569736
28.6429634094 10.4500188828 -2.0804185867
28.5452766418 10.6952018738 -2.0794548988
28.6924114227 10.4054784775 -2.0759470463
35.8642578125 -8.1553010941 -2.6516759396
35.7271957397 -7.1990599632 -2.5770220757
36.0719566345 -7.6358094215 -2.5609600544
36.0103683472 -7.4041185379 -2.5600903034
34.7705383301 -12.1499767303 -2.5424089432
35.8308944702 -8.0924825668 -2.5336968899
36.0560455322 -7.5778241158 -2.4493093491
36.0673065186 -7.9040608406 -2.4426646233
36.0074310303 -7.6713347435 -2.4422278404
35.9857292175 -8.1753797531 -2.4301888943
35.9249382019 -8.0015516281 -2.4255921841
35.8474235535 -8.1349229813 -2.4163260460
35.9648818970 -7.5525498390 -2.2415833473
35.9162979126 -7.6457538605 -2.2350916862
35.9655838013 -8.1553001404 -2.2239058018
35.5723228455 -8.9747714996 -1.3298554420
35.1419372559 -11.8695230484 -0.6540672183
34.9411239624 -11.7992315292 -0.5329504013
35.0459480286 -11.8293294907 -0.4170946479
24.1494369507 -8.2895145416 -1.2098789215
23.3339710236 -11.5926971436 -0.7405341268
25.0623149872 -17.8712291718 -0.3838714361
33.1198425293 -11.8559141159 -0.2861410677
35.2942314148 -9.9953145981 -0.1798537523
23.7839832306 -9.7704677582 -0.1686655283
35.0680618286 -11.8929653168 -0.0930653512
34.9852905273 -12.1265172958 0.0334747210
35.8574714661 -10.3710346222 0.0564576983
35.1623306274 -11.7994079590 0.2580522895
24.3772106171 -7.9642076492 0.4915802479
23.8720569611 -9.0824928284 0.4988691509
35.7509078979 -10.5654563904 0.5252081156
34.7932395935 -10.0806713104 0.5470232964
24.4141883850 -8.1891031265 0.5832579136
23.4443473816 -10.1761465073 0.6283439398
24.3248825073 -9.6722002029 0.6441001296
23.2094058990 -10.6471414566 0.6796572804
24.4535541534 -7.9036450386 0.7405433059
24.4907817841 -8.1288328171 0.8334984183
34.7742195129 -9.9076147079 0.8545697927
25.2671928406 -17.8138713837 0.8577998877
34.4019355774 -9.9572105408 0.8597390056
34.2412376404 -11.6157436371 0.9161969423
26.3855304718 -18.2434806824 0.9700335264
23.4787750244 -11.4789981842 0.9740436077
24.3463859558 -7.8614263535 0.9846243858
25.3838157654 -17.9419937134 1.0019220114
25.5524997711 -18.0601253510 1.0453960896
23.9594421387 -9.6481170654 1.0645309687
24.0230312347 -8.6065778732 1.0898270607
24.3425178528 -8.1221227646 1.0962890387
26.3867721558 -18.1026668549 1.1138460636
26.3504695892 -18.2405319214 1.1185156107
26.3664760590 -18.0097217560 1.1255244017
26.4555759430 -18.0695571899 1.1291954517
25.3556919098 -17.8601608276 1.1296800375
25.1307086945 -17.8368949890 1.1329714060
25.4442825317 -17.9207439423 1.1333906651
26.4527282715 -18.3193912506 1.1348040104
26.2538280487 -18.3275318146 1.1631953716
26.1168155670 -18.0547771454 1.1634249687
26.4500789642 -18.1231193542 1.1690098047
23.7356281281 -9.4160137177 1.1773490906
25.2954540253 -17.8693237305 1.1901578903
24.1970672607 -17.7502861023 1.1902326345
25.3604335785 -18.0412750244 1.1977134943
25.2789287567 -17.9940109253 1.2003722191
25.2617301941 -17.9258975983 1.2063883543
25.3496112823 -17.9874916077 1.2104853392
26.2616691589 -18.1739177704 1.2136058807
26.3557510376 -18.0736808777 1.2138723135
26.4748954773 -18.1575851440 1.2170412540
26.4444351196 -18.1341209412 1.2179076672
26.4287376404 -18.1218109131 1.2250796556
26.5175800323 -18.1820220947 1.2291026115
26.3636703491 -18.2530841827 1.2309087515
24.1011199951 -17.7243728638 1.2343963385
24.2872982025 -17.6737594604 1.2383059263
26.1100940704 -18.2967586517 1.2433631420
25.1896820068 -17.8450679779 1.2482640743
25.1806201935 -17.8764057159 1.2493622303
25.3702335358 -17.8163642883 1.2529094219
25.1138000488 -17.9809913635 1.2546855211
26.2701206207 -17.9996128082 1.2632424831
26.2951526642 -18.1676521301 1.2725235224
24.1879978180 -17.6036987305 1.2739608288
24.1852283478 -17.7845897675 1.2780537605
24.2751121521 -17.6663379669 1.2784473896
26.3137760162 -18.2965278625 1.2812359333
25.1848678589 -17.9111919403 1.2849452496
25.2723178864 -17.9733829498 1.2894066572
25.2298622131 -17.8814620972 1.2963776588
25.1731529236 -17.8586425781 1.2984482050
25.3176898956 -17.9431133270 1.3008103371
23.9984645844 -17.5023956299 1.3156429529
24.2671966553 -17.7852535248 1.3167254925
24.0865249634 -17.5636711121 1.3200567961
24.1745758057 -17.6249618530 1.3244713545
23.9785175323 -17.5592556000 1.3248566389
24.0126171112 -17.6571235657 1.3254570961
24.1101722717 -17.5459938049 1.3256592751
26.2743682861 -18.1866474152 1.3263384104
24.1091289520 -17.6885433197 1.3288329840
24.0665493011 -17.6205749512 1.3292727470
24.1983795166 -17.6070594788 1.3300615549
26.1950378418 -18.2713069916 1.3317917585
25.2179756165 -17.8863525391 1.3323348761
24.1970100403 -17.7500686646 1.3332601786
24.1545906067 -17.6818943024 1.3336881399
26.3394279480 -18.3560123444 1.3341655731
26.2833881378 -18.3322029114 1.3361841440
25.3064746857 -17.9470233917 1.3367155790
25.1683063507 -17.7129135132 1.3378452063
26.3454647064 -18.1683788300 1.3439010382
26.5301952362 -18.0371837616 1.3467731476
25.1469078064 -17.7687873840 1.3471028805
24.2624969482 -17.5326309204 1.3474798203
26.1977806091 -18.3516960144 1.3475551605
25.2803077698 -17.7509307861 1.3477256298
26.4344463348 -18.2283496857 1.3482445478
26.3074474335 -18.0477886200 1.3500422239
26.6197052002 -18.0963478088 1.3510746956
25.2777347565 -17.8995304108 1.3511013985
25.2686061859 -17.9309520721 1.3522043228
26.3931713104 -18.0762348175 1.3538419008
24.0977420807 -17.7155761719 1.3663558960
26.3684577942 -18.0201492310 1.3678566217
24.0448722839 -17.6816082001 1.3680078983
26.3589687347 -18.0526962280 1.3690006733
26.2048683167 -18.1025600433 1.3700184822
24.1086807251 -17.6760597229 1.3723874092
24.1316127777 -17.7447452545 1.3728541136
26.3708610535 -18.2487430573 1.3868856430
25.1897678375 -17.9204578400 1.3878866434
26.3616065979 -18.2766017914 1.3879162073
25.2808933258 -17.9112720490 1.3909479380
25.3386306763 -17.8326644897 1.3940000534
25.3686313629 -17.9730262756 1.3957183361
24.1898708344 -17.6234531403 1.3971288204
23.6213264465 -9.9145622253 1.3972684145
25.4266967773 -17.8939380646 1.3987454176
24.2027397156 -17.7304306030 1.3988915682
25.3507995605 -17.9649448395 1.4037437439
26.3759117126 -18.0741024017 1.4040265083
24.1787548065 -17.7174549103 1.4070885181
26.4644203186 -18.1347522736 1.4087377787
25.3879241943 -17.9698600769 1.4169564247
26.3915081024 -18.0850677490 1.4183479548
25.1736526489 -17.9611053467 1.4190847874
24.0203170776 -17.6212329865 1.4195554256
25.2760620117 -17.8938159943 1.4203600883
25.2616939545 -18.0224227905 1.4238321781
25.3643989563 -17.9546985626 1.4250845909
25.3497371674 -18.0837402344 1.4285795689
25.5745754242 -17.9527320862 1.4303007126
24.1462364197 -17.6078643799 1.4469608068
25.2348499298 -17.8228473663 1.4502483606
26.2163162231 -18.2356758118 1.4517759085
24.0100269318 -17.6464309692 1.4539821148
25.3238124847 -17.8827838898 1.4549235106
26.3051166534 -18.2958831787 1.4564645290
24.1287136078 -17.7310028076 1.4581818581
26.2588253021 -18.0142650604 1.4597806931
24.3348350525 -17.5337200165 1.4599616528
26.3798160553 -18.0523986816 1.4773138762
25.1919879913 -17.8435211182 1.4819761515
26.2802829742 -18.1835250854 1.4847022295
25.2493648529 -17.7654094696 1.4853873253
24.1142253876 -17.6622753143 1.4882346392
23.9701480865 -17.6197242737 1.4938334227
25.2617168427 -17.8974075317 1.4954481125
24.2763481140 -17.6793842316 1.4967113733
24.0528984070 -17.6533260345 1.4985444546
24.0576324463 -17.6818008423 1.4989544153
24.1404514313 -17.7152976990 1.5036602020
23.9117736816 -17.6013393402 1.5038024187
25.2025375366 -17.8118476868 1.5039805174
23.9994373322 -17.6631622314 1.5089099407
25.2985477448 -17.9026966095 1.5093460083
24.0870914459 -17.7249774933 1.5140173435
25.2198982239 -17.9041271210 1.5283948183
25.3421897888 -17.9314308167 1.5311750174
25.0786495209 -17.8204574585 1.5329635143
25.3083229065 -17.9648437500 1.5334432125
26.4690628052 -18.1014003754 1.5378943682
25.1672554016 -17.8809242249 1.5379983187
26.3347549438 -18.1976528168 1.5383688211
26.4235095978 -18.2579193115 1.5433924198
24.2460632324 -17.4655303955 1.5479677916
26.5189037323 -18.1198787689 1.5592173338
26.3926219940 -18.3498592377 1.5622609854
26.3469982147 -18.0672035217 1.5658558607
24.1391067505 -17.6665439606 1.5733404160
26.2886619568 -17.9874916077 1.5744782686
24.2401599884 -17.5887622833 1.5751105547
26.4627342224 -18.3893299103 1.5753996372
24.2263145447 -17.7289848328 1.5788136721
25.3073577881 -17.7873249054 1.5955418348
25.2828826904 -17.8397884369 1.5978021622
25.3956317902 -17.8482360840 1.6009330750
25.3710422516 -17.9008789062 1.6032024622
25.2893142700 -17.8666381836 1.6061567068
25.4839076996 -17.9091587067 1.6063245535
25.1299800873 -17.8371868134 1.6207921505
24.3779945374 -8.0398054123 1.6343523264
25.4291648865 -17.9857883453 1.6346597672
26.5565814972 -18.1547985077 1.6436549425
26.2273883820 -18.2103595734 1.6436834335
26.3160877228 -18.2706642151 1.6490418911
24.3999137878 -9.6729707718 1.6588833332
24.2382736206 -17.6142864227 1.6615427732
25.2019119263 -17.7776031494 1.6633814573
23.4460849762 -10.1622343063 1.6819756031
25.1930294037 -17.7723560333 1.6888364553
25.2318630219 -8.5025777817 1.6984375715
25.1680450439 -17.9173545837 1.7015384436
25.2559947968 -17.9787197113 1.7072861195
24.1009292603 -8.6093931198 1.7312003374
24.2835140228 -9.8893079758 1.7409646511
26.4260196686 -18.0477657318 1.7564240694
24.2371673584 -8.1538085938 1.7861388922
24.2787170410 -8.3568649292 1.8215769529
24.4060287476 -8.2026185989 1.8499735594
23.8303451538 -9.5664339066 1.8684335947
24.4903869629 -7.7589793205 1.8702795506
23.8174362183 -9.8679094315 1.8865870237
24.3561325073 -8.0885581970 2.0004570484
24.3246936798 -7.9543309212 2.0108866692
24.2449493408 -9.6357755661 2.0629985332
24.3424358368 -7.9833040237 2.0674543381
24.4443778992 -8.0160312653 2.0758290291
23.8445587158 -9.3529777527 2.1200666428
24.3005828857 -8.2489318848 2.1481597424
24.4435024261 -8.1086196899 2.2323720455
24.0665321350 -9.5097064972 2.2615811825
23.7542533875 -9.6606788635 2.2665235996
24.4683303833 -8.5846796036 2.2674007416
24.4934101105 -7.9231982231 2.2940683365
24.3995857239 -7.9014639854 2.3246297836
24.4227371216 -8.3480491638 2.4144752026
23.7398471832 -9.9857826233 2.4394037724
24.5060024261 -8.7537879944 2.4466326237
24.0001697540 -9.4517688751 3.0274829865
44.4696807861 20.4768695831 -2.3504948616
44.3720817566 20.4323539734 -2.3453431129
44.2333145142 20.6556701660 -2.3422036171
44.1310958862 20.5228576660 -2.3364024162
44.3503456116 20.5380439758 -2.1934409142
44.2002067566 20.7151699066 -2.1876087189
44.1444892883 20.6186161041 -2.1835470200
44.3205413818 20.5295219421 -2.0334324837
49.0220603943 3.0690474510 -2.0186152458
40.2733802795 21.4371986389 -1.8982052803
40.2062683105 21.3541011810 -1.8942545652
43.0642814636 7.5959644318 -1.8792209625
42.9620742798 7.6275677681 -1.8752801418
42.9585990906 7.5775322914 -1.8746073246
42.9352416992 7.5451073647 -1.8722550869
42.8564033508 7.6090574265 -1.8706654310
42.8529052734 7.5590972900 -1.8699930906
42.8295364380 7.5267992020 -1.8676432371
44.2588996887 20.6712188721 -1.7253826857
44.2917709351 20.4510173798 -1.4352413416
44.4445877075 20.5823478699 -1.4338263273
44.3899230957 20.9780349731 -1.0162882805
44.2798576355 20.6546573639 -0.4002981782
48.2876167297 -2.0049166679 -3.8736343384
48.0101547241 -0.9186794758 -3.7346396446
48.0461921692 -1.1819155216 -3.7235174179
49.6620559692 -1.8856360912 -3.6759791374
47.9994773865 -0.9678603411 -3.5999860764
47.9116973877 -1.3915002346 -3.5821883678
47.8046646118 -1.3884210587 -3.5742440224
48.0757522583 -1.1749995947 -3.5722608566
47.9505043030 -1.1761379242 -3.5665576458
49.7152290344 -2.2170450687 -3.5253441334
49.6035118103 -1.8431427479 -3.5228266716
49.0930023193 -1.3623733521 -3.4932663441
48.0904579163 -1.1387056112 -3.4442396164
47.9405021667 -1.1210069656 -3.4350025654
47.9764137268 -1.4184106588 -3.4301080704
47.9198455811 -1.1900186539 -3.4212462902
47.9267044067 -1.2062810659 -3.4183738232
47.9092941284 -1.1300582886 -3.4164295197
47.9150390625 -1.3297505379 -3.4094836712
49.4614830017 -1.4942111969 -3.4029355049
48.3556861877 -1.1807324886 -3.3453295231
48.0798530579 -1.0821859837 -3.3312921524
47.9434280396 -1.2675235271 -3.3236193657
49.8100051880 -2.0573103428 -3.2759730816
48.0566329956 -1.1002904177 -3.1714901924
47.9637184143 -1.4565395117 -3.1661984921
48.2418518066 -2.0458209515 -3.1636393070
47.9547653198 -1.3462100029 -3.1614780426
47.8447494507 -1.3945262432 -3.1576752663
49.7315673828 -1.9688143730 -3.1169164181
49.6515235901 -1.6093221903 -3.1087746620
49.4230918884 -1.7671239376 -3.0911328793
49.2384376526 -1.7210024595 -3.0875971317
49.4875907898 -1.8654114008 -3.0861647129
48.2961006165 -0.6034585238 -3.0559988022
48.0390853882 -1.1566839218 -3.0207395554
49.2906455994 -1.7332961559 -2.9344003201
49.2355690002 -1.8445149660 -2.9215655327
49.0938148499 -1.4553935528 -2.9205138683
49.0626220703 -1.4715648890 -2.9171652794
47.9512939453 -1.2538393736 -2.8636574745
47.9340705872 -1.4319307804 -2.8573908806
47.8529243469 -1.2478224039 -2.7071046829
49.5573120117 -1.7609652281 -2.6343610287
49.4643287659 -1.5924816132 -2.6329259872
48.4894447327 -1.5017076731 -2.2806763649
49.5094032288 -1.6524093151 -2.0918886662
49.4613685608 -2.2958288193 -2.0768463612
49.3268318176 -0.3194447160 -1.9584304094
49.4282798767 -1.4354262352 -1.9394022226
49.4893035889 -2.0669004917 -1.9271551371
49.4199523926 -1.6385892630 -1.6234525442
49.3221359253 -1.6281529665 -1.3112289906
49.3150978088 -4.0628595352 -3.3451168537
38.9476051331 -7.2883052826 -2.9228422642
37.4729232788 -6.6466045380 -2.8135612011
37.5327682495 -6.9392905235 -2.7993805408
37.4043083191 -7.1771230698 -2.7883403301
37.2990951538 -7.1570835114 -2.7805182934
37.0427665710 -8.1135835648 -2.7374441624
37.3942260742 -7.4050202370 -2.6670374870
37.9019470215 -3.9918448925 -2.6625249386
37.2890930176 -7.3844013214 -2.6595642567
37.7185707092 -6.9444355965 -2.5894539356
37.7024154663 -6.8653264046 -2.5848033428
37.4921684265 -7.0967431068 -2.5701956749
37.5559310913 -7.1045732498 -2.5700883865
37.3851661682 -6.6241493225 -2.5672297478
37.3510704041 -7.0035481453 -2.5605607033
37.5088882446 -7.2365760803 -2.5594069958
37.4036293030 -7.2164788246 -2.5522491932
37.1648445129 -8.1328134537 -2.5100195408
37.6411209106 -6.5966897011 -2.4922456741
37.5785408020 -7.1459779739 -2.4850928783
37.4838714600 -7.3532214165 -2.4839873314
37.6149826050 -6.9923624992 -2.4823825359
37.4732208252 -7.1263241768 -2.4781718254
37.4398689270 -7.0326523781 -2.4761369228
37.3931388855 -7.0756101608 -2.4730763435
37.3678779602 -7.1066679955 -2.4712498188
37.3782005310 -6.8526430130 -2.4695575237
37.4582176208 -7.1656484604 -2.4611656666
37.3046150208 -7.1948466301 -2.4561386108
37.9118156433 -3.8807840347 -2.4507875443
38.0323905945 -4.4582767487 -2.4503226280
37.1021347046 -8.7845172882 -2.4301342964
36.8905143738 -8.9253749847 -2.4251825809
36.9213829041 -9.7597112656 -2.4031283855
37.4289627075 -7.1077222824 -2.3626115322
37.5053825378 -6.8608722687 -2.3602664471
41.1938438416 -13.4674310684 -2.3581664562
37.3981132507 -6.8407244682 -2.3580899239
37.4917068481 -6.8695893288 -2.3572106361
37.5176391602 -6.9708571434 -2.3561651707
37.5316352844 -7.1385498047 -2.3531219959
41.0261039734 -13.7949361801 -2.3452908993
41.1122016907 -13.7989816666 -2.3439083099
37.2383079529 -7.1156368256 -2.3425705433
37.2399597168 -7.3474001884 -2.3375623226
37.9466323853 -3.8617575169 -2.3317470551
37.8399734497 -3.8511097431 -2.3252329826
37.9337692261 -4.4436645508 -2.3222258091
40.8190689087 -14.0590524673 -2.3167262077
37.5154609680 -7.2131266594 -2.2425200939
41.3131637573 -13.2636928558 -2.2376914024
37.4075775146 -6.8396506310 -2.2343468666
41.4031791687 -13.8782329559 -2.2319386005
37.4198722839 -6.9492979050 -2.2305872440
37.3502616882 -7.0088644028 -2.2299492359
37.3674659729 -7.4158644676 -2.2294518948
37.4339675903 -7.1165347099 -2.2275583744
41.1324653625 -13.4766359329 -2.2232489586
37.3684921265 -7.1413230896 -2.2183094025
40.9985160828 -13.6063861847 -2.2111709118
40.8965187073 -13.5733146667 -2.2056922913
40.9922103882 -13.9641780853 -2.2046175003
40.9325332642 -13.7591238022 -2.2032499313
40.9715766907 -13.7215871811 -2.1979446411
37.7136878967 -3.8545520306 -2.1971418858
40.8697891235 -13.6877975464 -2.1924912930
40.5852355957 -13.6108360291 -2.1880428791
37.0831413269 -9.2116413116 -2.1790878773
39.9050483704 -13.3113346100 -2.1510965824
39.7791595459 -13.2823295593 -2.1460254192
37.4422340393 -7.1404929161 -2.1190853119
41.3542213440 -13.1383714676 -2.1042928696
41.5573081970 -13.8196954727 -2.1014344692
41.2110900879 -13.5506372452 -2.0875146389
41.1479148865 -13.4334783554 -2.0872199535
41.1911163330 -13.5839538574 -2.0858783722
41.1089973450 -13.5178442001 -2.0823578835
41.0382652283 -13.4415473938 -2.0808246136
41.0890541077 -13.5510740280 -2.0807249546
37.9431648254 -4.6060390472 -2.0769162178
40.9361152649 -13.4089164734 -2.0756618977
40.9869575500 -13.5181922913 -2.0755703449
41.0989341736 -13.7395534515 -2.0745446682
40.9937629700 -13.6514186859 -2.0729568005
40.9970092773 -13.7061004639 -2.0694105625
41.0020027161 -13.7526006699 -2.0686168671
40.8917694092 -13.6182260513 -2.0678136349
40.9710083008 -13.6746206284 -2.0664277077
40.9001464844 -13.7190418243 -2.0634880066
40.8385391235 -13.7231884003 -2.0618510246
40.7389144897 -13.5533895493 -2.0601632595
40.9489326477 -14.0047140121 -2.0569400787
40.2044029236 -13.4930524826 -2.0272448063
39.5792121887 -13.2775850296 -2.0036261082
41.9669609070 -13.9010047913 -1.9794429541
41.4313583374 -13.8097124100 -1.9571626186
41.5438232422 -14.1575107574 -1.9546333551
41.1605758667 -13.5265445709 -1.9462428093
41.0532531738 -13.3983573914 -1.9451031685
41.1032562256 -13.6820268631 -1.9411485195
41.1486320496 -13.6335783005 -1.9408680201
41.1822624207 -13.7391214371 -1.9407343864
41.0143814087 -13.4824705124 -1.9405813217
41.0803375244 -13.7055978775 -1.9359341860
41.0641479492 -13.7426795959 -1.9334722757
40.9783172607 -13.7362823486 -1.9324650764
40.9756240845 -13.7124271393 -1.9301223755
40.9025573730 -13.6700992584 -1.9286527634
40.8098411560 -13.5352487564 -1.9283212423
40.8763961792 -13.7028264999 -1.9276633263
40.9791717529 -13.9444007874 -1.9270247221
40.9713363647 -13.8194084167 -1.9266669750
40.8737525940 -13.6788167953 -1.9253263474
40.7808532715 -13.5224609375 -1.9245438576
40.7386283875 -13.5729417801 -1.9236094952
40.8604431152 -13.8487567902 -1.9230829477
40.9116630554 -13.8315649033 -1.9227805138
40.8695755005 -13.7854566574 -1.9218834639
40.7440795898 -13.6871337891 -1.9210940599
40.9645385742 -14.1732797623 -1.9195121527
40.6127510071 -13.5435771942 -1.9185465574
40.8547363281 -13.9677858353 -1.9172118902
40.7272186279 -13.8849859238 -1.9162483215
40.3302879333 -13.3661508560 -1.9022922516
39.9106101990 -13.6124553680 -1.8778632879
39.9634284973 -13.8131580353 -1.8758559227
41.5644073486 -13.8366889954 -1.8238185644
41.6004333496 -14.0243701935 -1.8213356733
41.4982986450 -13.9434175491 -1.8184807301
41.6013069153 -14.3632965088 -1.8139418364
41.1962127686 -13.5878314972 -1.8077487946
41.0942001343 -13.5546007156 -1.8032706976
40.9919013977 -13.5862503052 -1.7985205650
41.0107727051 -13.8221483231 -1.7942023277
40.9693107605 -13.7063283920 -1.7936987877
41.0038032532 -13.9842376709 -1.7903313637
40.9089469910 -13.7883472443 -1.7897453308
40.8674354553 -13.6726503372 -1.7892366648
40.9241180420 -13.9022512436 -1.7886811495
40.7828178406 -13.7544488907 -1.7855165005
40.8071212769 -13.7545452118 -1.7852880955
40.6803207397 -13.6748609543 -1.7826153040
40.7361831665 -14.0330200195 -1.7748003006
40.1073722839 -13.6295557022 -1.7529622316
39.8623847961 -13.4063100815 -1.7467516661
40.1967887878 -13.6549091339 -1.5229240656
41.8349418640 -14.1989345551 -1.4811707735
41.1676712036 -13.7825984955 -1.4620516300
41.0180778503 -13.9258089066 -1.4521285295
40.3498497009 -13.5123271942 -1.4329034090
