4.6114807129 0.3000803888 -1.1995021105
5.2208795547 0.3806575537 -1.1852655411
4.6534476280 3.0553743839 -1.1780171394
4.6544065475 2.8456926346 -1.1633837223
4.8384613991 1.7274191380 -1.1622116566
4.7429256439 1.6753270626 -1.1537683010
4.9797339439 1.8753790855 -1.1529868841
5.0921697617 0.7689400315 -1.1509906054
4.2380867004 3.2639105320 -1.1502623558
4.9844675064 0.7537866831 -1.1464561224
5.1955204010 0.8292286992 -1.1420910358
5.4212670326 1.2209346294 -1.1373223066
5.0164313316 0.7695863843 -1.1342630386
5.2326331139 0.3083071113 -1.1308813095
5.2938632965 0.7896369696 -1.1295293570
5.2636137009 0.1011546403 -1.1292098761
5.0790243149 1.5641212463 -1.1289664507
4.8072881699 1.8868159056 -1.1285210848
5.1835680008 0.6421533823 -1.1280280352
5.1352109909 0.3472976387 -1.1270067692
4.7087039948 1.1123121977 -1.1262289286
5.2488198280 0.7959876060 -1.1256898642
4.8917984962 0.8736929893 -1.1240988970
4.8847818375 2.0471928120 -1.1222153902
5.0280880928 0.0861025676 -1.1199754477
4.4383430481 3.0087635517 -1.1187671423
4.2875766754 3.2761473656 -1.1177961826
5.2993016243 1.4127440453 -1.1168613434
4.5358777046 3.0583815575 -1.1166738272
5.3708820343 1.2642892599 -1.1158744097
5.2446870804 0.1159064993 -1.1137940884
5.2743287086 0.0794032514 -1.1130666733
4.9122037888 0.7551693916 -1.1127407551
4.8936696053 0.1643674672 -1.1123567820
5.1186108589 1.7669966221 -1.1121652126
3.9889781475 3.3648965359 -1.1105026007
4.1760039330 2.5679988861 -1.1100434065
4.9772586823 1.5365064144 -1.1085821390
5.3174495697 0.8014521003 -1.1078840494
4.9083714485 1.8200275898 -1.1070941687
5.1320004463 0.8578693867 -1.1059278250
5.4557499886 0.8804086447 -1.1052770615
4.6130270958 1.0593839884 -1.1045783758
5.0933527946 0.1202041730 -1.1038199663
4.7647809982 1.5674484968 -1.1034796238
5.2003879547 0.0886489451 -1.1024745703
4.4289383888 0.2534795105 -1.1004209518
4.6959443092 0.1998918056 -1.0989322662
4.7208728790 1.1694103479 -1.0966711044
3.7015218735 3.9872574806 -1.0966140032
4.5249643326 0.2965497375 -1.0956069231
4.1752543449 1.6063804626 -1.0943570137
5.3287210464 1.2448101044 -1.0917147398
4.5420713425 1.4483668804 -1.0904663801
4.8089399338 0.1751429439 -1.0897492170
3.5127396584 3.7762537003 -1.0877010822
4.7870974541 0.6421216726 -1.0855590105
4.6019783020 0.2985807061 -1.0849964619
5.1047348976 0.0625975430 -1.0849756002
4.4285302162 1.4469558001 -1.0843183994
4.7652144432 0.1507169455 -1.0837398767
4.6186127663 0.8300695419 -1.0836503506
5.0946960449 0.0870031714 -1.0834702253
5.1515069008 1.7967513800 -1.0829291344
4.7714705467 0.8396691084 -1.0826150179
4.5917172432 0.1541377306 -1.0823026896
4.8627505302 0.2010710537 -1.0818654299
4.1192536354 0.3844392002 -1.0817607641
4.6088747978 0.1272174716 -1.0815746784
4.6574249268 0.1130033284 -1.0812953711
4.7057461739 0.1507802606 -1.0810451508
4.6194739342 0.1948047578 -1.0796203613
3.2296931744 3.6779043674 -1.0788964033
4.9797053337 0.1205294728 -1.0776374340
4.7764964104 0.1318189651 -1.0764360428
3.8402202129 2.2136178017 -1.0757347345
4.5015401840 0.0832579732 -1.0751031637
4.8288526535 0.9087033868 -1.0729198456
3.9033195972 3.3094403744 -1.0717794895
4.7213912010 0.8911834359 -1.0702748299
4.7324481010 0.1699486077 -1.0700894594
5.1078715324 0.0445809625 -1.0689607859
4.6770367622 0.3130787909 -1.0681383610
4.6122589111 0.2576581538 -1.0665640831
3.0639019012 3.2502503395 -1.0620005131
5.0921134949 0.1238469929 -1.0604197979
4.7600545883 0.1345155537 -1.0592691898
4.5574903488 0.5294557810 -1.0581341982
5.4167180061 0.3682286739 -1.0422238111
5.3691763878 0.3028591871 -1.0402581692
4.4176616669 0.9958566427 -1.0344612598
4.0218725204 0.6489187479 -1.0290329456
4.9758448601 0.4654969275 -1.0110908747
4.8972129822 3.7358145714 -1.3863533735
5.9556655884 0.7657753825 -1.2203656435
4.9317545891 4.2961368561 -1.2109283209
5.1598286629 3.5179171562 -1.2012158632
5.3336739540 3.3659536839 -1.2005023956
4.5058436394 5.0542445183 -1.1986463070
5.0752687454 3.0322978497 -1.1867314577
4.6388821602 4.4367089272 -1.1865569353
6.5017666817 2.5381481647 -1.1853840351
3.9313111305 4.9051499367 -1.1706814766
5.8318109512 2.1238079071 -1.1694694757
4.7584490776 4.4746279716 -1.1654297113
4.5246291161 4.2718687057 -1.1635854244
5.8618521690 1.6049320698 -1.1614164114
6.1608562469 0.7415000200 -1.1540702581
5.4697918892 1.3830903769 -1.1505213976
5.1739692688 2.9322669506 -1.1504406929
5.5068664551 2.4566206932 -1.1481901407
5.7352142334 2.0907328129 -1.1303956509
4.6439929008 4.3405008316 -1.1285668612
6.0487289429 1.7961453199 -1.1278399229
6.2402105331 0.7870489955 -1.1269156933
5.6111459732 2.4998841286 -1.1268007755
6.7274193764 0.2758318782 -1.1242810488
5.1880493164 2.9951612949 -1.1119080782
5.9883751869 2.7792365551 -1.1108276844
4.4351143837 3.5436582565 -1.1095945835
4.2437191010 4.2371177673 -1.1075583696
6.0579361916 0.7682291865 -1.0958908796
5.9438505173 1.2159905434 -1.0853081942
5.8827753067 0.6795826554 -1.0833008289
5.3511061668 1.8193997145 -1.0737131834
4.1949095726 4.3271346092 -1.0617184639
5.7882680893 0.1352409422 -1.0545511246
4.6208777428 3.3420205116 -1.0495548248
6.5946745872 2.1751649380 -1.0305535793
6.7668242455 -1.0557563305 -1.3148391247
6.5957670212 -1.9921544790 -1.2335112095
5.4459652901 -1.6700479984 -1.1632381678
6.0506682396 -2.6591670513 -1.1486550570
5.8373293877 -3.5333065987 -1.1468445063
6.5013160706 -0.0372391455 -1.1420164108
6.6971960068 -2.3466539383 -1.1392713785
6.0427508354 -2.8063759804 -1.1338757277
5.7425684929 -0.1919136345 -1.1314349174
5.5214223862 -1.1530318260 -1.1250684261
5.5582785606 -1.2573428154 -1.1237916946
6.1888046265 -0.6977358460 -1.1237715483
5.7849416733 -0.6352068186 -1.1236335039
5.7565097809 -3.1570086479 -1.1115418673
5.6707196236 -3.7337110043 -1.1083788872
6.1417183876 -0.0852887481 -1.1073431969
5.7348623276 -0.1564675122 -1.1071536541
6.8389134407 -0.2890679836 -1.1050850153
6.1295137405 -2.7022433281 -1.1048130989
5.5707283020 -1.2705748081 -1.1042521000
5.4539780617 -3.1393036842 -1.1040925980
6.5124740601 -1.9646761417 -1.1039603949
6.2513184547 -2.6959023476 -1.1028791666
5.9997892380 -0.4063077271 -1.0995087624
5.3030481339 -3.8245565891 -1.0994331837
5.4497122765 -1.2846107483 -1.0984578133
5.7512426376 -3.4694230556 -1.0974729061
5.7051725388 -1.2031086683 -1.0973421335
5.4366517067 -1.9113756418 -1.0966677666
6.0034112930 -1.2063966990 -1.0963015556
5.5293836594 -0.9269070029 -1.0947502851
6.1332888603 -0.4856359363 -1.0922615528
6.5254235268 -1.3135117292 -1.0918825865
5.9020652771 -2.8911077976 -1.0903590918
5.6910281181 -1.5461061001 -1.0891782045
6.0936832428 -2.7193403244 -1.0869548321
5.9359750748 -2.6739048958 -1.0847258568
6.8462352753 -1.3407741785 -1.0839281082
5.5192008018 -1.1428833008 -1.0836504698
6.2343645096 -2.5684206486 -1.0834561586
5.8289613724 -3.4005253315 -1.0817934275
6.4035887718 -1.5771446228 -1.0805768967
6.0266470909 -0.8011004925 -1.0800826550
6.3886775970 -2.8827953339 -1.0782113075
5.5904250145 -1.2354198694 -1.0779144764
6.1811556816 -2.7476484776 -1.0771129131
5.5033149719 -1.4110198021 -1.0770493746
6.2747249603 -1.5940054655 -1.0762584209
6.7472863197 -1.3873939514 -1.0759992599
6.4208135605 -1.2951663733 -1.0759247541
5.8373556137 -0.8122116923 -1.0736770630
6.3443622589 -2.8723504543 -1.0731753111
5.8061299324 -2.8459985256 -1.0731523037
5.2995877266 -3.1473257542 -1.0712038279
5.5721840858 -1.9710116386 -1.0698548555
5.4531250000 -1.9809392691 -1.0681755543
5.9350166321 -3.0153779984 -1.0680153370
5.3878650665 -2.5314259529 -1.0673400164
5.6604824066 -2.8275911808 -1.0669528246
5.9598560333 -2.4664189816 -1.0641906261
6.3347954750 -2.8898482323 -1.0630873442
6.1138606071 -0.1282510757 -1.0629492998
5.7940640450 -3.3245732784 -1.0610878468
5.7362413406 -2.9207253456 -1.0610793829
5.4208855629 -2.2926852703 -1.0602430105
5.2597775459 -2.9990570545 -1.0597941875
5.3780016899 -2.7183897495 -1.0584532022
6.1841034889 -2.6594438553 -1.0584114790
5.6682701111 -1.1647486687 -1.0581780672
5.8733830452 -3.1198844910 -1.0575556755
6.4062218666 -2.3482573032 -1.0570757389
6.5150847435 -2.8738069534 -1.0567677021
6.2322216034 -2.8742270470 -1.0558823347
5.6846451759 -3.9297122955 -1.0544725657
5.6702866554 -3.1078095436 -1.0536725521
6.3183970451 -2.8671295643 -1.0523390770
5.5900106430 -1.8121461868 -1.0517299175
6.2852725983 -2.7909893990 -1.0504839420
6.0316071510 -3.7747755051 -1.0501682758
6.3852243423 -2.8336331844 -1.0500059128
5.8722848892 -3.5498368740 -1.0497703552
5.7722554207 -2.8979122639 -1.0496957302
5.7078123093 -3.0888040066 -1.0495229959
5.9869556427 -3.2150511742 -1.0494552851
5.6177620888 -2.6163909435 -1.0491030216
5.8635745049 -2.5838108063 -1.0484355688
5.1431341171 -3.8416240215 -1.0482908487
5.8944225311 -2.8969113827 -1.0476528406
5.6283421516 -1.7200742960 -1.0441882610
6.4860486984 -2.8763973713 -1.0434463024
6.3544664383 -2.7224602699 -1.0416128635
4.9283008575 -3.1493260860 -1.0378757715
4.9890513420 -3.5864007473 -1.0376590490
6.1894941330 -2.4870798588 -1.0368163586
6.0286998749 -2.7822494507 -1.0367244482
6.3308000565 -2.9036519527 -1.0359915495
6.2508296967 -2.8294067383 -1.0355534554
5.4825496674 -2.7590377331 -1.0352745056
5.6332931519 -1.6336591244 -1.0337816477
5.5299544334 -3.1430852413 -1.0323601961
5.3953032494 -4.1091203690 -1.0313310623
5.4340271950 -2.7355949879 -1.0303179026
6.5764598846 -2.0896551609 -1.0302084684
4.4270534515 -4.0293126106 -1.0300722122
6.1105055809 -2.6110961437 -1.0297329426
6.1260290146 -3.4142544270 -1.0295946598
5.4326429367 -3.0940134525 -1.0267593861
6.0438690186 -3.3867490292 -1.0264730453
6.0063982010 -3.1058650017 -1.0259000063
5.5098628998 -2.8277318478 -1.0234633684
5.6253318787 -0.4433567226 -1.0233314037
6.0180792809 -2.8311228752 -1.0232229233
6.1374979019 -2.8337535858 -1.0177175999
5.7820692062 -3.7231411934 -1.0154302120
6.3228406906 -2.6337099075 -1.0151592493
6.5599565506 -2.5599310398 -1.0133275986
5.5279841423 -1.6942927837 -1.0115723610
6.1940741539 -3.2846417427 -1.0103936195
5.6109981537 -4.1611351967 -1.0103467703
6.1187815666 -2.5625879765 -1.0100421906
5.0304298401 -3.1975111961 -1.0097297430
6.2121806145 -3.1449275017 -1.0095553398
5.9605665207 -2.7657408714 -1.0093696117
5.5740695000 -3.6282486916 -1.0088170767
5.5706129074 -2.5040547848 -1.0086418390
5.7355394363 -2.9268667698 -1.0084949732
5.6098437309 -3.2052099705 -1.0084581375
6.4097628593 -2.4738552570 -1.0084060431
6.5166454315 -2.8609535694 -1.0083366632
5.5480303764 -3.2105085850 -1.0078585148
4.9149217606 -2.6925652027 -1.0077267885
5.6129236221 -2.7461218834 -1.0074744225
4.8040795326 -3.7694768906 -1.0074682236
4.4791421890 -3.7014253139 -1.0067561865
6.1691246033 -3.3908090591 -1.0058474541
5.6108093262 -3.4714121819 -1.0049824715
5.5581679344 -3.2038314342 -1.0045480728
4.8936276436 -3.0051617622 -1.0044902563
5.1731557846 -3.0388216972 -1.0042943954
6.1563444138 -2.7862889767 -1.0038317442
4.8950352669 -3.8301925659 -1.0029947758
5.9001746178 -3.5939581394 -1.0028873682
6.3275241852 -2.7277278900 -1.0026844740
5.5207738876 -3.2997245789 -1.0024480820
5.3549051285 -3.2671787739 -1.0018850565
5.9813451767 -3.2562189102 -1.0013724566
5.5864882469 -3.0432627201 -0.9991845489
6.1993837357 -2.6550047398 -0.9984698892
5.9403915405 -3.3107922077 -0.9983947873
5.3331613541 -3.2374949455 -0.9952061176
5.4947152138 -1.7835401297 -0.9942517281
6.5303964615 -2.7050518990 -0.9939351082
4.6289215088 -3.2837593555 -0.9936951995
5.9415807724 -2.8667891026 -0.9927620888
5.2221660614 -3.6626162529 -0.9921090603
6.2756524086 -3.1712417603 -0.9920872450
4.8199753761 -2.9400436878 -0.9920812845
5.8780117035 -2.9490022659 -0.9918079972
6.4549069405 -2.8431959152 -0.9912075400
4.7163233757 -3.7098071575 -0.9909515977
5.5184087753 -3.4189326763 -0.9894179106
5.2417068481 -2.7706201077 -0.9893513322
4.5820946693 -3.4528737068 -0.9891487956
5.8692827225 -3.5052349567 -0.9890122414
5.9949440956 -3.1544961929 -0.9888713360
5.6109833717 -3.0818669796 -0.9884052277
5.5462832451 -2.9404091835 -0.9883306623
5.6758794785 -3.2108659744 -0.9874317050
5.2641201019 -2.9060761929 -0.9873965979
6.1511335373 -2.1794152260 -0.9854628444
5.3626761436 -2.7721354961 -0.9839408398
5.8475732803 -3.2590608597 -0.9827948809
5.3433923721 -2.7666490078 -0.9821004272
5.7088265419 -3.5252130032 -0.9820311069
4.7484045029 -3.6813409328 -0.9817622304
5.3926935196 -2.7516064644 -0.9812510014
6.4564146996 -2.8730850220 -0.9811767340
4.8440456390 -3.4259324074 -0.9808831811
5.7880659103 -3.5786409378 -0.9808148146
5.7240915298 -3.6217334270 -0.9806061983
4.5634460449 -3.5698790550 -0.9801539779
5.8059468269 -2.8551888466 -0.9789807796
5.1506147385 -3.3199393749 -0.9776519537
6.2944078445 -3.0375692844 -0.9759432077
6.3456535339 -3.1558094025 -0.9747001529
5.8351473808 -3.0459566116 -0.9743729830
6.3297405243 -3.0598807335 -0.9742497206
5.4285898209 -3.2101264000 -0.9738203287
5.3355894089 -3.6048176289 -0.9728058577
5.1178045273 -2.7810389996 -0.9715572596
6.1467862129 -2.9445655346 -0.9712902308
5.8644013405 -2.7283530235 -0.9710488915
5.4576754570 -3.6181969643 -0.9697676897
5.7509932518 -3.8430600166 -0.9690977931
6.2824301720 -2.7232933044 -0.9688616991
5.6140093803 -2.9408998489 -0.9679039717
4.8009061813 -2.9604320526 -0.9669443369
6.0362992287 -3.4079935551 -0.9660800695
5.8618469238 -3.2599630356 -0.9617682695
5.9553904533 -3.0451209545 -0.9591832161
5.8989682198 -3.4696815014 -0.9563569427
4.4857726097 -4.4659566879 -0.9560063481
5.2692728043 -3.3453404903 -0.9556038976
5.9212889671 -3.0709290504 -0.9525764585
4.8470354080 -3.7360551357 -0.9510397315
6.3977866173 -3.0427329540 -0.9506275654
4.2728242874 -4.2863326073 -0.9502914548
5.7394080162 -3.2614703178 -0.9448972940
6.0768175125 -2.9215309620 -0.9445668459
6.3605823517 -2.8341605663 -0.9435522556
6.2574286461 -2.6352832317 -0.9432374239
4.5342359543 -3.3003065586 -0.9431533813
4.2976393700 -3.8816378117 -0.9405077696
5.8543987274 -3.1990678310 -0.9401924014
4.7786970139 -3.0760922432 -0.9383480549
4.6299004555 -3.3532338142 -0.9380499721
5.2747144699 -3.1854646206 -0.9360349178
5.3994445801 -3.4339022636 -0.9335905313
4.6195907593 -3.8405420780 -0.9332609773
5.9741148949 -3.5546700954 -0.9301546216
5.6266617775 -3.0375671387 -0.9296564460
5.7249989510 -2.7866020203 -0.9293248653
6.8697414398 -1.3672536612 -0.9206609130
5.0078964233 -3.2224664688 -0.9204761982
5.2442483902 -4.1118044853 -0.9196408987
4.4076862335 -4.2318148613 -0.9174060225
4.2966814041 -4.2133502960 -0.9123581648
6.4991278648 -2.9046640396 -0.9098507762
5.5392417908 -3.5857496262 -0.9097570181
5.3127102852 -3.7832791805 -0.9093617797
4.7915058136 -3.3305251598 -0.9090189934
6.2734527588 -3.3430702686 -0.9085143209
4.6695690155 -4.0985789299 -0.9076440334
5.2992162704 -4.2209539413 -0.9048696756
4.3332962990 -4.3324861526 -0.9031255245
4.4176969528 -4.4008059502 -0.9018748999
4.0498523712 -4.1925630569 -0.8933438063
3.7566776276 -4.1928520203 -0.8906936646
5.2318682671 -3.9522404671 -0.8877835870
6.2725038528 -3.3357279301 -0.8849616647
4.6121587753 -3.8004903793 -0.8819690943
3.5450565815 -4.6906132698 -0.8583719134
6.3623857498 -3.1046121120 -0.8422790170
6.3617825508 -2.9186213017 -0.8376931548
6.2142081261 -3.2873086929 -0.8300630450
5.1822228432 -3.8476650715 -0.8295019865
6.2425627708 -3.2919437885 -0.7980568409
4.5165929794 -4.4741473198 -0.7860564590
7.7036347389 -2.3830971718 -1.2147814035
7.0183973312 2.0613055229 -1.2117213011
6.6586217880 4.4878954887 -1.2078264952
7.0581216812 2.0004420280 -1.2002391815
7.7416634560 -2.4360098839 -1.1959559917
6.8555083275 3.4304268360 -1.1829348803
8.2685842514 -2.0146815777 -1.1807016134
7.1378941536 -2.9167871475 -1.1805349588
7.8880133629 -2.6473014355 -1.1760594845
7.2552375793 -2.3162643909 -1.1742410660
7.6604704857 -3.3458111286 -1.1705991030
6.9862704277 5.0299315453 -1.1683450937
7.4233827591 -2.2715680599 -1.1671104431
7.0041027069 -2.7042124271 -1.1668528318
7.7567243576 -3.0244936943 -1.1618344784
7.2650957108 0.2975139320 -1.1576098204
7.7205495834 -3.1636486053 -1.1556464434
8.1085090637 -2.5652468204 -1.1554772854
7.3211140633 -2.2425515652 -1.1518234015
7.6543402672 -2.2663655281 -1.1473335028
8.3798274994 -1.9982012510 -1.1451700926
7.7372560501 -2.6176712513 -1.1433876753
8.1837673187 -1.9261850119 -1.1420227289
6.9268469810 -3.5186800957 -1.1400107145
7.9916968346 -2.5818698406 -1.1395225525
7.6796269417 -2.4402546883 -1.1382700205
7.9652566910 -2.7031438351 -1.1356639862
6.9442996979 -1.8036706448 -1.1347781420
7.3812718391 -2.8962783813 -1.1279481649
7.0509219170 -1.8294939995 -1.1278614998
7.5780825615 -2.4085953236 -1.1234045029
8.0083398819 -2.1542944908 -1.1228356361
7.6833581924 -2.4862151146 -1.1225768328
6.9357242584 -2.8062207699 -1.1219882965
7.1575746536 -1.8553023338 -1.1202774048
7.3891286850 -0.7286973596 -1.1188137531
6.8040542603 -2.3812205791 -1.1157528162
7.7559585571 -2.5761387348 -1.1138420105
7.6297731400 -2.3424580097 -1.1126753092
6.9941263199 -2.8530931473 -1.1123211384
8.1278667450 -2.1316606998 -1.1115560532
7.4940781593 -0.7838010192 -1.1088327169
7.4321260452 -2.6378667355 -1.1078606844
8.1183423996 -1.7449244261 -1.1069120169
7.6624803543 -3.1457021236 -1.1067439318
7.4240479469 -2.5386989117 -1.1026114225
7.4074382782 -2.9478828907 -1.0999419689
8.1989021301 -2.4052572250 -1.0991441011
7.7863669395 -3.6998479366 -1.0988005400
8.3431615829 -2.2692952156 -1.0979098082
6.7978129387 -2.6234586239 -1.0978783369
7.8884820938 -2.6072454453 -1.0975042582
7.7540035248 -2.3590550423 -1.0968507528
7.2258110046 -1.7504307032 -1.0967200994
6.5545964241 -2.9697949886 -1.0963518620
8.1345863342 -2.4556689262 -1.0951225758
7.0894970894 -2.3280587196 -1.0942996740
7.7482891083 -2.7448914051 -1.0940290689
7.4071421623 -2.4012551308 -1.0939034224
8.1510906219 -2.6231393814 -1.0904932022
7.0458431244 -2.4561669827 -1.0904158354
6.8607826233 -3.1510822773 -1.0900198221
7.0630164146 -2.5440368652 -1.0883622169
7.7629828453 -2.2770674229 -1.0843673944
7.8599214554 -2.3885393143 -1.0841423273
7.2589941025 -3.2248346806 -1.0819079876
7.5589666367 -2.2383108139 -1.0806934834
7.8327360153 -2.9987134933 -1.0791591406
7.9219155312 -3.0109953880 -1.0791541338
7.1670112610 -2.5791103840 -1.0791157484
7.3465342522 -2.8081028461 -1.0789961815
7.7526988983 -2.3268039227 -1.0775728226
6.7100205421 -2.5721089840 -1.0765646696
7.3880071640 -2.7275223732 -1.0749809742
6.7635779381 -3.1079723835 -1.0749406815
7.8236484528 -2.3607773781 -1.0734748840
6.8981175423 -2.8160202503 -1.0726850033
7.8972043991 -2.5503411293 -1.0726521015
7.6424932480 -2.9719350338 -1.0718575716
7.4934382439 -2.0423026085 -1.0705766678
6.8871130943 -2.9938726425 -1.0705213547
7.5401945114 -2.6720254421 -1.0703300238
7.0344643593 -1.7213548422 -1.0700069666
7.7561864853 -2.8993051052 -1.0682369471
7.4210152626 -2.5255463123 -1.0681394339
8.2389383316 -2.5908098221 -1.0680289268
8.0258588791 -2.1857187748 -1.0672531128
8.3071050644 -2.3845999241 -1.0671671629
7.6751847267 -2.7058463097 -1.0671031475
8.1407146454 -2.0484328270 -1.0664192438
7.4329247475 -2.8899400234 -1.0662559271
7.4141664505 -2.3218002319 -1.0653967857
7.1550736427 -2.6747868061 -1.0651721954
7.9118518829 -2.9399864674 -1.0647703409
6.7078795433 -3.3798131943 -1.0626509190
7.3113837242 -2.9104790688 -1.0602951050
7.4043793678 -2.0488083363 -1.0601838827
6.7020306587 -2.5858578682 -1.0596104860
7.7955279350 -2.5185122490 -1.0591086149
7.6871457100 -2.6047670841 -1.0585414171
7.5252900124 -2.8749151230 -1.0583037138
7.8605856895 -2.4210970402 -1.0582951307
7.3876171112 -2.4026582241 -1.0578755140
7.8503551483 -2.7735693455 -1.0577303171
6.6284351349 -3.1409587860 -1.0560474396
7.6047806740 -3.1922943592 -1.0560141802
7.7700166702 -2.6368563175 -1.0553563833
7.7616682053 -2.1978533268 -1.0551720858
7.8693523407 -2.2113041878 -1.0549046993
7.1454825401 -2.6417865753 -1.0548529625
7.6205406189 -3.2919638157 -1.0545426607
7.9225497246 -2.1594834328 -1.0540926456
7.2701511383 -3.3040835857 -1.0540299416
6.7964491844 -2.4859302044 -1.0534030199
8.0686903000 -2.8344352245 -1.0529924631
7.8575758934 -2.9158680439 -1.0526617765
7.3036293983 -2.5397105217 -1.0525437593
6.6573877335 -2.5936825275 -1.0524549484
7.6671209335 -1.7934818268 -1.0523173809
7.9869937897 -3.2232031822 -1.0517886877
7.2161846161 -3.0456562042 -1.0509130955
7.1326041222 -3.1939914227 -1.0503661633
7.0472955704 -2.6472527981 -1.0502815247
6.9728875160 -2.9435486794 -1.0484602451
6.6111283302 -3.3354613781 -1.0482810736
7.7729449272 -2.3409202099 -1.0476911068
6.7994465828 -3.3411555290 -1.0476431847
8.1963071823 -2.1970901489 -1.0475751162
7.2819142342 -2.7916042805 -1.0473924875
6.2123436928 -3.7387857437 -1.0468730927
8.1694755554 -2.2466351986 -1.0466778278
7.6134958267 -2.6780803204 -1.0465596914
7.6009078026 -2.5263235569 -1.0463889837
7.3249115944 -2.5197696686 -1.0462517738
7.3077664375 -2.6496248245 -1.0452640057
7.9037156105 -2.0193104744 -1.0438953638
7.5051326752 -3.1544067860 -1.0430268049
8.0636692047 -2.9852514267 -1.0429567099
7.9249119759 -2.7713565826 -1.0425578356
7.1615209579 -3.1823062897 -1.0411506891
6.7908411026 -3.5538504124 -1.0406829119
7.1174087524 -2.4607243538 -1.0406626463
7.0714807510 -2.4156370163 -1.0395692587
7.9899473190 -2.7803289890 -1.0395029783
7.7042379379 -2.1912446022 -1.0394697189
7.1368169785 -3.2453019619 -1.0394687653
6.9113450050 -2.9384031296 -1.0387086868
7.3180584908 -2.4649012089 -1.0386372805
6.6956305504 -2.4519925117 -1.0386205912
6.8985590935 -3.3880925179 -1.0382459164
7.6824598312 -2.8082635403 -1.0379955769
7.5099191666 -4.2161908150 -1.0378214121
7.1990551949 -3.0653920174 -1.0362732410
8.1012802124 -2.8143708706 -1.0354148149
6.8739008904 -2.9043970108 -1.0342060328
8.1210947037 -2.9197375774 -1.0340021849
7.3288640976 -2.5628244877 -1.0332547426
7.2224717140 -2.4902632236 -1.0332025290
6.8524146080 -3.4183807373 -1.0325841904
7.1422786713 -3.0644888878 -1.0322371721
7.2804474831 -2.6573982239 -1.0321652889
7.4935526848 -2.6994097233 -1.0320162773
7.0370812416 -2.4083125591 -1.0312341452
7.9894685745 -2.1942741871 -1.0312111378
7.2622666359 -3.2257254124 -1.0305658579
7.9627642632 -2.9506411552 -1.0305033922
7.0052652359 -2.2724599838 -1.0304068327
7.1602225304 -2.4946439266 -1.0302841663
7.7695760727 -2.9566259384 -1.0302512646
7.8591089249 -2.7806885242 -1.0300692320
7.8240914345 -2.7367451191 -1.0294454098
7.0880632401 -3.0841252804 -1.0293484926
7.8911571503 -3.1795632839 -1.0293166637
6.7647304535 -2.5323798656 -1.0290341377
6.8231973648 -2.8611476421 -1.0289499760
7.3470077515 -1.7741044760 -1.0289287567
7.4786729813 -2.8106834888 -1.0289011002
7.6664462090 -2.5992815495 -1.0288071632
7.4225640297 -3.1631660461 -1.0280606747
7.4769735336 -4.0398902893 -1.0277779102
6.8300395012 -2.8554077148 -1.0272109509
6.8115391731 -3.4251356125 -1.0263459682
6.6196112633 -2.9163303375 -1.0262335539
7.4234004021 -2.4960708618 -1.0258584023
7.9980974197 -2.0954105854 -1.0257130861
6.7942028046 -3.2499725819 -1.0255879164
7.6401767731 -2.4711713791 -1.0254025459
6.9494500160 -3.4166231155 -1.0224909782
6.0393795967 -4.1405777931 -1.0223847628
7.3828501701 -2.4838502407 -1.0218954086
7.3266091347 -2.4019980431 -1.0217554569
8.0532035828 -1.9746297598 -1.0214588642
7.2338509560 -2.6560642719 -1.0209950209
7.3398046494 -3.2150609493 -1.0194456577
7.3232674599 -3.4332041740 -1.0193662643
6.8789057732 -3.4153661728 -1.0193203688
6.5356273651 -3.0959951878 -1.0183985233
7.5629901886 -3.0856571198 -1.0174781084
7.8714661598 -2.2227807045 -1.0171785355
7.0211353302 -3.0770003796 -1.0158452988
6.7115941048 -3.0402469635 -1.0147246122
8.0347909927 -2.8946213722 -1.0138621330
6.1525592804 -3.6370377541 -1.0116442442
5.7956361771 -4.1566905975 -1.0109807253
7.0371832848 -3.1545016766 -1.0107786655
6.6202278137 -3.5955026150 -1.0101221800
7.3081154823 -2.8953070641 -1.0094828606
8.1779680252 -2.5813860893 -1.0094728470
6.7525172234 -2.7845940590 -1.0068361759
7.3213419914 -2.7364850044 -1.0066579580
6.9817895889 -4.0264277458 -1.0053453445
7.1818299294 -3.3581705093 -1.0052989721
7.4584646225 -2.6929719448 -1.0046533346
7.0061264038 -2.5365421772 -1.0042748451
7.6582407951 -3.1334779263 -1.0039243698
7.1114983559 -3.7398700714 -1.0030393600
7.3905854225 -2.8240742683 -1.0029810667
7.2153935432 -3.1272509098 -1.0008068085
7.2175698280 -3.1172015667 -1.0005111694
7.4115719795 -2.6174910069 -1.0000742674
8.1078042984 -2.0257227421 -0.9999853373
6.6123523712 -3.2884671688 -0.9997245669
6.1463718414 -4.2122969627 -0.9995028377
7.7759785652 -2.8320529461 -0.9994866252
7.7410111427 -3.2191097736 -0.9954659939
7.0709691048 -3.0932137966 -0.9950055480
6.9112744331 -3.1743650436 -0.9950028062
6.7682824135 -3.0586953163 -0.9941579103
6.5903310776 5.2929658890 -0.9936825037
6.4813704491 -3.4839777946 -0.9930730462
6.6528577805 -2.7470831871 -0.9928464293
6.8971438408 -3.2960293293 -0.9918820262
6.9091959000 -2.1410255432 -0.9904507995
7.6152858734 -4.0167379379 -0.9903907776
7.8277244568 -2.7386434078 -0.9901448488
6.8858485222 -3.0030841827 -0.9879747033
7.5477986336 -2.4792234898 -0.9874782562
7.9233856201 -2.7410492897 -0.9867032170
6.8796949387 -3.7713260651 -0.9863854647
6.1736445427 -3.7175657749 -0.9854434133
6.9268236160 -3.6536102295 -0.9852316976
8.2615194321 -2.2238013744 -0.9838514328
6.1965813637 -3.9367220402 -0.9834314585
6.9711680412 -3.0556411743 -0.9822528362
6.5780177116 -2.8325204849 -0.9801520109
7.7526464462 -2.6992228031 -0.9798797369
6.9267854691 -3.0346624851 -0.9783698916
7.0752987862 -3.1244821548 -0.9778177142
7.2987108231 -3.2135112286 -0.9773561954
6.7541999817 -3.8251929283 -0.9756685495
6.8609361649 -3.5478589535 -0.9755117893
7.9487128258 -3.3411364555 -0.9747400880
6.8646926880 -2.8543641567 -0.9740687609
6.2727241516 -3.7649338245 -0.9723638892
6.6615839005 -2.9152133465 -0.9712970853
7.7121872902 -2.6690976620 -0.9709804058
6.9580855370 -4.1013569832 -0.9683539271
7.5661287308 -2.7249460220 -0.9681491852
6.9955558777 -3.0391480923 -0.9674361944
6.5364360809 -3.2909395695 -0.9653459787
7.7800388336 -3.0797653198 -0.9650496840
7.1974549294 -2.3995912075 -0.9647034407
7.4055299759 -2.8337171078 -0.9646155834
7.6347970963 -3.1890141964 -0.9637945294
6.7160296440 -3.3329851627 -0.9634082317
6.7473645210 -3.0899658203 -0.9623013139
6.4693312645 -3.1404578686 -0.9616909623
7.1051421165 -2.4072070122 -0.9603512287
6.8841328621 -3.1515927315 -0.9599184394
7.9903454781 -2.0683152676 -0.9581387639
7.3022875786 -2.4294447899 -0.9572984576
6.6374726295 -2.7408771515 -0.9569556713
6.9277997017 -2.9958658218 -0.9566758871
6.8625230789 -4.0538215637 -0.9564262033
6.9907979965 -3.0423829556 -0.9562774301
7.1305451393 -3.2927446365 -0.9557452798
6.2715697289 -3.8144843578 -0.9550621510
7.2447462082 -3.1875708103 -0.9548404813
6.6955833435 -2.9816424847 -0.9543097019
8.0459165573 -2.7885897160 -0.9542953968
6.3809151649 -3.2123622894 -0.9535845518
6.7404499054 -2.7764382362 -0.9507601261
6.0635366440 -3.9324173927 -0.9504253268
7.9171743393 -2.2699778080 -0.9450448751
8.1609077454 -2.1987574100 -0.9432443976
6.8509278297 -3.1286869049 -0.9416399002
6.4626450539 -3.3649389744 -0.9415878057
7.0110340118 -2.4197170734 -0.9390217662
7.1671919823 -2.7254257202 -0.9389095902
7.4162688255 -4.1331696510 -0.9385268092
6.1881909370 -3.6355538368 -0.9380862117
6.9713549614 -2.8911478519 -0.9350339770
6.6668472290 -4.6283960342 -0.9339616299
7.6992645264 -3.3152022362 -0.9330464602
6.4952764511 -3.1393859386 -0.9330015182
7.0454998016 -3.1110482216 -0.9307072759
7.7859411240 -3.1831169128 -0.9264619350
7.0225362778 -3.0516233444 -0.9225804210
6.5985517502 -2.9432377815 -0.9225644469
6.7686076164 -4.3276987076 -0.9166370630
7.1482963562 -3.1494555473 -0.9157228470
6.4385313988 -3.5325922966 -0.9140843749
6.1241564751 -4.9838681221 -0.9056113958
7.3412976265 -3.1417350769 -0.8998165727
7.7559900284 -3.3793091774 -0.8989943266
7.0208921432 -3.1247498989 -0.8987422585
7.1539773941 -4.1191015244 -0.8947138190
8.2233228683 -2.5099182129 -0.8898519278
6.3290038109 -3.2850174904 -0.8886353970
7.6685981750 -2.7168307304 -0.8883752227
6.8658752441 -4.9763283730 -0.8870236278
7.2904558182 -2.6226847172 -0.8867133856
7.6345124245 -3.3913753033 -0.8861600161
6.9591393471 -3.1675572395 -0.8795520663
6.4324727058 -3.3273518085 -0.8551953435
6.4600567818 -3.1475963593 -0.8544021845
6.5598983765 -3.1907598972 -0.8482195139
4.1943559647 -6.4935789108 -0.7188686132
7.8168230057 5.2439141273 -1.3660805225
8.3821163177 -2.4078538418 -1.2256097794
9.9179029465 -2.1783483028 -1.2072266340
9.8103647232 -2.5451283455 -1.2026959658
9.7363157272 -1.8993793726 -1.1967233419
9.9576959610 -2.1256990433 -1.1959958076
9.3781309128 -2.0130863190 -1.1957119703
7.7015995979 5.4904890060 -1.1868110895
9.7126760483 -1.4938346148 -1.1811010838
9.7609262466 -2.2915229797 -1.1808494329
9.3243808746 -2.1063723564 -1.1735075712
9.3864574432 -1.8653287888 -1.1706794500
9.9046440125 -2.2401914597 -1.1688972712
9.8815956116 -2.2584414482 -1.1639323235
9.8174686432 -2.1554911137 -1.1632829905
9.5894937515 -1.9695636034 -1.1570250988
9.5065422058 -1.7293733358 -1.1564782858
9.3752107620 -1.8503019810 -1.1562609673
9.2673301697 -1.9177018404 -1.1554921865
9.8152494431 -2.1423990726 -1.1536659002
9.4382562637 -1.8626610041 -1.1504591703
9.1720008850 -2.3947718143 -1.1493446827
9.2756433487 -2.3539147377 -1.1490905285
8.2964859009 -2.5396165848 -1.1487808228
9.2934198380 -1.9186609983 -1.1480162144
9.6484956741 -2.0003623962 -1.1477562189
9.7387533188 -1.9827308655 -1.1474450827
9.8431797028 -2.1701290607 -1.1472617388
9.8584508896 -2.2252428532 -1.1467453241
9.0760135651 -2.5358531475 -1.1454976797
9.4541168213 -2.2684233189 -1.1443327665
9.4995412827 -2.3719022274 -1.1441226006
9.7573270798 -2.1812868118 -1.1431246996
9.6539630890 -2.0311627388 -1.1424819231
9.7103281021 -2.1224815845 -1.1422836781
9.2204055786 -2.5826957226 -1.1415685415
9.8475370407 -2.2001821995 -1.1397379637
8.4912891388 -2.5441603661 -1.1382492781
9.6266241074 -1.8762444258 -1.1369711161
9.7383422852 -2.1497693062 -1.1358931065
9.7537174225 -2.2043669224 -1.1353926659
9.4450597763 -1.9723378420 -1.1343578100
9.6661167145 -2.0969161987 -1.1337777376
9.3501062393 -2.2446172237 -1.1320818663
6.5221848488 -5.8420238495 -1.1318256855
6.4760165215 6.1847047806 -1.1316843033
9.3769254684 -2.4224174023 -1.1293982267
9.8997087479 -2.0647833347 -1.1281564236
9.4996900558 -2.0432078838 -1.1275544167
8.6848764420 -2.1658658981 -1.1274945736
9.5775699615 -2.2302799225 -1.1268383265
9.6625642776 -2.1202454567 -1.1260428429
8.9171895981 -1.9482054710 -1.1216733456
9.4317293167 -2.4708313942 -1.1202160120
9.7168588638 -2.1326177120 -1.1199876070
9.8659782410 -2.2014124393 -1.1191587448
9.4789314270 -2.0684952736 -1.1183328629
9.8197536469 -2.4206666946 -1.1167261600
9.4648704529 -3.0561642647 -1.1162749529
9.7190027237 -2.3176782131 -1.1160260439
9.0420274734 -2.5147402287 -1.1149076223
9.0713815689 -2.3684422970 -1.1143440008
8.7464027405 -1.5605524778 -1.1116572618
8.4592733383 -2.4967186451 -1.1100100279
8.3212947845 -2.5398609638 -1.1090884209
8.3061313629 -2.6822626591 -1.1082981825
9.3371810913 -1.8419891596 -1.1080964804
9.3476867676 -1.8759381771 -1.1072710752
9.4533700943 -2.1778669357 -1.1070493460
9.0771236420 -2.0032935143 -1.1069993973
8.6337060928 -2.4566016197 -1.1069742441
8.8809204102 -2.3482539654 -1.1061518192
8.9970455170 -2.4321129322 -1.1039620638
8.4510755539 -2.3814296722 -1.1027144194
9.2274398804 -2.0838797092 -1.0988676548
9.0454273224 -2.0370743275 -1.0986479521
9.8208932877 -2.1062545776 -1.0982167721
9.2768039703 -1.8175121546 -1.0978385210
8.9884653091 -2.0118710995 -1.0973384380
8.7405004501 -1.9633482695 -1.0960551500
9.6743249893 -1.9519519806 -1.0949559212
9.7465286255 -2.1790149212 -1.0940434933
9.2182197571 -1.8936064243 -1.0935134888
9.3644800186 -2.0354731083 -1.0932010412
9.8789443970 -2.1896367073 -1.0930836201
9.8229484558 -2.2419350147 -1.0893979073
9.1395759583 -1.9865801334 -1.0892924070
8.4693660736 -2.0298776627 -1.0888037682
9.3274250031 -2.0296368599 -1.0881934166
7.9160232544 -3.6816806793 -1.0872198343
8.7549734116 -2.4341895580 -1.0863846540
8.5796060562 -2.8981292248 -1.0855342150
9.1857347488 -2.0228965282 -1.0853731632
9.8950567245 -2.1897099018 -1.0852141380
9.8065567017 -2.1410207748 -1.0841375589
9.2722387314 -1.9545500278 -1.0837317705
8.7882728577 -2.0487887859 -1.0833520889
8.6363363266 -1.9405622482 -1.0831946135
9.5803594589 -2.3724205494 -1.0814739466
8.5106563568 -1.9715622663 -1.0808485746
8.4101095200 -2.4122319221 -1.0798687935
9.1635856628 -2.5562434196 -1.0778869390
8.0799016953 -3.2045621872 -1.0762223005
8.6356544495 -2.6752851009 -1.0756871700
9.3314390182 -2.4462625980 -1.0756312609
9.7901544571 -2.1693558693 -1.0745062828
8.4553413391 -4.7317566872 -1.0742355585
9.7017850876 -2.1201446056 -1.0731151104
8.6801309586 -3.2879829407 -1.0729035139
8.3814983368 -3.4935843945 -1.0721305609
8.5717124939 -3.1405551434 -1.0712215900
9.6559562683 -2.2086651325 -1.0690959692
8.4362955093 -2.6459655762 -1.0672918558
8.1643676758 -3.3089368343 -1.0670020580
7.9570169449 -3.8534438610 -1.0667836666
8.6190948486 -2.2510423660 -1.0665689707
8.3630933762 -2.9425108433 -1.0661069155
9.0604171753 -2.5288314819 -1.0660848618
8.5538644791 -2.5769896507 -1.0654972792
9.1073722839 -2.1592772007 -1.0647047758
8.5658397675 -4.3535757065 -1.0646637678
8.5481195450 -1.5783360004 -1.0619901419
8.6612300873 -2.5555050373 -1.0618016720
9.0640802383 -2.2279882431 -1.0612350702
8.9089860916 -1.7335331440 -1.0612105131
8.6848449707 -2.2770481110 -1.0610283613
8.8968858719 -2.4069838524 -1.0603978634
8.4071340561 -2.4743425846 -1.0601192713
9.5513639450 -2.1869075298 -1.0581009388
8.7595472336 -1.2512001991 -1.0572882891
8.2851276398 -2.8412985802 -1.0561542511
8.8537120819 -3.3357679844 -1.0544670820
8.5938987732 -2.4029219151 -1.0540380478
8.5127325058 -2.6566929817 -1.0532466173
8.8079729080 -2.3247482777 -1.0507763624
8.1731519699 -3.2515106201 -1.0507184267
8.3243045807 -2.3752894402 -1.0504790545
8.9813671112 -1.6222418547 -1.0495839119
8.5806617737 -2.2536897659 -1.0494232178
8.4677267075 -2.4191205502 -1.0493460894
8.0394172668 -4.7991070747 -1.0488629341
8.3655443192 -2.5556337833 -1.0487899780
8.7263698578 -2.2757964134 -1.0487639904
9.1424837112 -2.0418741703 -1.0476849079
9.0686426163 -2.0326025486 -1.0468196869
8.6613874435 0.4888683856 -1.0466873646
9.2524833679 -2.3999168873 -1.0448192358
9.0365371704 -1.7274945974 -1.0439484119
9.8449573517 -1.9539569616 -1.0433248281
8.3576774597 -2.8422002792 -1.0428034067
8.5696249008 -2.2244353294 -1.0427840948
9.4810991287 -1.5440214872 -1.0420938730
8.5370397568 -4.3165173531 -1.0391731262
8.0948753357 -4.0231742859 -1.0388829708
8.0242357254 -4.0215225220 -1.0357166529
7.9027595520 -4.8214921951 -1.0341187716
8.1746110916 -2.8647522926 -1.0340090990
9.1486167908 -2.3750205040 -1.0335940123
7.6788802147 -4.8277091980 -1.0328058004
8.6737365723 -3.0270633698 -1.0299006701
9.7491741180 -2.1047418118 -1.0292768478
8.4807615280 -2.3950653076 -1.0282593966
8.8846635818 -2.8358533382 -1.0282554626
9.4395303726 -2.4734771252 -1.0265544653
5.9278292656 -7.2223024368 -1.0265305042
7.6398401260 -4.2079091072 -1.0260282755
9.1248302460 -2.3974738121 -1.0249609947
8.4221258163 -2.7334692478 -1.0249325037
8.3027296066 -2.5374038219 -1.0238196850
8.5047979355 -2.2795834541 -1.0231838226
8.8880434036 -2.3727564812 -1.0218300819
8.6576633453 -2.3225288391 -1.0218282938
7.7340760231 -4.9450411797 -1.0206623077
8.9925251007 -2.1967480183 -1.0190882683
8.6231803894 -3.0235896111 -1.0175803900
8.3590478897 -3.4153022766 -1.0171432495
8.0458745956 -3.3768861294 -1.0169402361
9.4502172470 -2.1648349762 -1.0144050121
8.2805156708 -2.8950412273 -1.0143551826
8.5285615921 -3.1173417568 -1.0136131048
8.4685869217 -3.3794319630 -1.0122579336
8.4756555557 -3.4240102768 -1.0122143030
9.8171863556 -1.8714958429 -1.0106723309
8.9072895050 -2.4160625935 -1.0076283216
8.3678255081 -3.3439872265 -1.0010730028
8.0124492645 -3.6219356060 -1.0009410381
8.8370103836 -2.3003318310 -0.9999181628
8.5624809265 -2.5011606216 -0.9971915483
8.1642475128 -4.1357975006 -0.9965528846
7.8751425743 -5.0848364830 -0.9921439290
8.1046342850 -3.2399175167 -0.9917050004
9.0481052399 -2.3499035835 -0.9913277030
8.7059526443 -2.3940749168 -0.9815769792
8.0832052231 -3.7314233780 -0.9799535871
8.7875251770 -2.3476781845 -0.9795625806
8.2682237625 -3.6913838387 -0.9789330363
7.9723715782 -4.3130421638 -0.9766786695
8.9065828323 -2.2559096813 -0.9757976532
6.2722883224 -6.2405624390 -0.9712355137
8.7866439819 -2.4637033939 -0.9635171890
8.3940753937 -3.4502809048 -0.9616778493
8.0728111267 -4.3580260277 -0.9554525614
8.9698944092 -2.2047073841 -0.9528176785
8.9474315643 -2.3247697353 -0.9497121572
7.4641857147 -4.6542043686 -0.9453867078
8.8147506714 -2.7320964336 -0.9283648133
8.5752201080 -2.7132101059 -0.9243177176
8.4314422607 -2.6210041046 -0.9170420766
7.7152185440 -4.5044488907 -0.9154126644
8.9424762726 -2.8941257000 -0.9121886492
6.1967287064 -6.1739034653 -0.9005527496
7.5136270523 -5.0840640068 -0.8872118592
6.9439311028 -7.3464522362 -0.8740403056
6.0151195526 -6.6339478493 -0.8684996963
5.4850349426 -7.4743804932 -0.8397640586
4.8698630333 -7.2472815514 -0.8168547153
5.8171525002 -6.8521461487 -0.8144513965
6.3315324783 -7.1513814926 -0.7897796631
8.1785326004 -4.1982026100 -0.7424856424
11.0390396118 -3.3414099216 -1.4087182283
10.9933366776 -3.9122653008 -1.3392131329
10.9999971390 -3.3504958153 -1.3214184046
10.7381229401 -3.8041357994 -1.3094249964
10.8693752289 -3.4131114483 -1.3063971996
10.7502202988 -3.5375967026 -1.3041783571
10.5991821289 -3.6335091591 -1.2984788418
11.0873441696 -3.5755259991 -1.2972655296
10.8810577393 -4.1838064194 -1.2740539312
10.6755609512 -3.7519993782 -1.2719186544
10.7402563095 -4.4987931252 -1.2690060139
10.9941215515 -3.3901219368 -1.2662022114
10.1980991364 -5.6546983719 -1.2611328363
10.9625253677 -3.6011371613 -1.2535564899
11.0174369812 -3.4553742409 -1.2518488169
10.8059921265 -3.8417406082 -1.2485767603
11.2682285309 -3.0758628845 -1.2443181276
10.8605661392 -3.5693435669 -1.2422370911
10.7804088593 -3.5682935715 -1.2386260033
11.0744915009 -3.3009784222 -1.2356395721
11.0724887848 -3.8028273582 -1.2319360971
10.9111318588 -3.4012291431 -1.2260346413
10.8139772415 -3.7014908791 -1.2150443792
10.8864784241 -3.5999941826 -1.2126373053
11.0832538605 -3.5373432636 -1.2088081837
10.8432426453 -3.4294438362 -1.2002931833
11.0570211411 -3.5729496479 -1.1997756958
10.9969806671 -3.4974713326 -1.1987090111
10.7440299988 -3.8993177414 -1.1927462816
11.0215311050 -3.5415630341 -1.1892679930
9.8511714935 -2.7699000835 -1.1835654974
10.9209594727 -3.7059366703 -1.1816501617
11.1959981918 -3.2763886452 -1.1758308411
10.8525743484 -3.7969746590 -1.1714687347
10.0021686554 -2.5765094757 -1.1695419550
11.1046905518 -3.3066499233 -1.1667454243
10.0100660324 -2.6056640148 -1.1664623022
10.9851560593 -3.5054054260 -1.1614905596
10.8831367493 -3.4735751152 -1.1508330107
10.7184762955 -3.3627822399 -1.1457977295
11.1837196350 -3.4273900986 -1.1355642080
10.9252490997 -3.5485455990 -1.1341096163
10.9620943069 -3.5431518555 -1.1294999123
9.8870058060 -2.6101384163 -1.1230136156
10.6382160187 -4.2616958618 -1.1157133579
11.0311422348 -3.5799756050 -1.1071012020
9.9697437286 -2.2739405632 -1.1020815372
10.6296052933 -4.1053266525 -1.1016398668
10.8562650681 -3.4679789543 -1.1007572412
11.1104307175 -3.5288043022 -1.0996855497
10.1133165359 -2.4187018871 -1.0986853838
9.9479274750 -2.4770076275 -1.0966386795
9.9865856171 -6.0268917084 -1.0947825909
10.3792200089 -5.4220604897 -1.0938570499
9.9597835541 -2.2203328609 -1.0810786486
10.9883165359 -3.5555539131 -1.0753635168
11.0429067612 -3.6629505157 -1.0625556707
10.9342794418 -3.4237711430 -1.0571422577
9.9528570175 -2.2169318199 -1.0552457571
11.3527278900 -2.6548850536 -1.0543570518
10.8318433762 -3.3929893970 -1.0474389791
10.8672895432 -3.5109086037 -1.0464597940
10.7757644653 -4.3374376297 -1.0461487770
10.7109260559 -4.2091345787 -1.0405379534
10.9628171921 -3.5191605091 -1.0396648645
11.1365957260 -3.3600850105 -1.0097013712
10.7591762543 -3.3620696068 -1.0066481829
11.1336803436 -3.4427855015 -1.0063978434
10.7672729492 -3.5262401104 -1.0032181740
11.0242519379 -3.6332986355 -0.9986157417
11.0039672852 -3.4999570847 -0.9941101074
10.8655929565 -3.3908417225 -0.9774571061
10.7328643799 -4.3488044739 -0.9745331407
10.7711095810 -3.4786105156 -0.9737151861
11.0720872879 -3.5496172905 -0.9736950994
10.5519256592 -4.2221112251 -0.9727076888
8.1026620865 -7.8417496681 -0.9651464224
10.9049615860 -3.4681727886 -0.9486212134
10.9719667435 -3.4195742607 -0.9475951195
7.2869067192 -7.6404991150 -0.9467007518
11.0216617584 -3.4788355827 -0.9440599084
10.9188537598 -3.4489486217 -0.9355658293
10.9508047104 -3.9554650784 -0.9348823428
10.8797397614 -4.0317468643 -0.9344759583
7.6101307869 -7.5617585182 -0.9207084775
11.0755672455 -3.5130755901 -0.9030486345
10.5918235779 -4.3517584801 -0.9009384513
7.2654523849 -7.2644057274 -0.8974788189
11.0776653290 -3.5785512924 -0.8864305615
10.9440584183 -3.6444458961 -0.8751041293
10.9084405899 -3.6726796627 -0.8690462112
10.8088159561 -3.4359948635 -0.8677082062
10.7206392288 -4.3106637001 -0.8653080463
7.1069765091 -7.3396587372 -0.8544583917
10.8605031967 -3.7216641903 -0.8297359943
10.6450099945 -4.3115215302 -0.8070291877
10.8473529816 -3.6131646633 -0.7884699702
10.9601478577 -3.5490174294 -0.7791954279
10.6211738586 -3.7005326748 -0.7573451400
10.8552684784 -3.6710658073 -0.7479972839
10.8146448135 -3.6403849125 -0.7440018654
10.7637281418 -3.6896829605 -0.7434387803
10.7242145538 -3.6525676250 -0.7396348119
10.8238582611 -3.5081555843 -0.7388398647
10.9741907120 -3.5895409584 -0.7255035639
10.7546310425 -3.6398863792 -0.7118679881
10.8622312546 -3.5170416832 -0.7065542936
10.6936283112 -3.7660694122 -0.7046661377
10.6235876083 -3.6212856770 -0.7037575245
10.7415914536 -3.5778410435 -0.6817106605
10.9530916214 -3.4684062004 -0.6809025407
10.6545333862 -3.6085412502 -0.6665380001
10.7331285477 -3.5740804672 -0.6596333981
10.8536958694 -3.6284964085 -0.6381375790
10.6682538986 -3.6570963860 -0.6291028857
10.6880731583 -3.7006640434 -0.6271336675
10.6985988617 -3.5665254593 -0.6248161197
10.5855731964 -3.6691401005 -0.6212657690
10.6500358582 -3.6583342552 -0.6033908129
10.7225360870 -3.6899049282 -0.5900254250
10.6199874878 -3.6584749222 -0.5844858289
10.8672904968 -3.5706532001 -0.5540595055
10.7648420334 -3.5388495922 -0.5488651991
10.7936973572 -3.7126688957 -0.5488554239
10.6624813080 -3.6508965492 -0.5405198336
10.7575607300 -3.6913115978 -0.5037038326
10.5389394760 -3.8481159210 -0.4985843599
10.7613258362 -3.6005737782 -0.4752681851
10.7992324829 -3.3895151615 -0.4427042902
10.7207508087 -3.5926730633 -0.4072526693
13.0500478745 -2.1416463852 -1.4837255478
11.5194950104 -4.4594035149 -1.4235850573
11.4638166428 -3.5022530556 -1.3937083483
11.1846294403 -3.5409986973 -1.3802009821
12.7105350494 -3.5773406029 -1.3735162020
11.8566589355 -5.4607119560 -1.3680557013
12.2140502930 -5.0246500969 -1.3545751572
11.9583158493 -5.5053896904 -1.3382726908
11.8545608521 -5.6771516800 -1.3224074841
11.2960939407 -3.5707542896 -1.3137102127
11.6644611359 -4.4901576042 -1.2954580784
11.8376760483 -5.6126327515 -1.2893044949
10.0656938553 -7.0257029533 -1.2837842703
12.0865564346 -5.3835630417 -1.2744811773
11.7752122879 -4.1182255745 -1.2625240088
11.6757040024 -4.6511664391 -1.2606749535
11.8555278778 -5.6678900719 -1.2544773817
10.5887098312 -6.0857515335 -1.2434899807
11.4399528503 -4.7093138695 -1.2416491508
10.0360345840 -6.8868842125 -1.2386288643
12.1014127731 -4.4541506767 -1.2379535437
11.0942077637 -6.1478328705 -1.2363562584
11.6792783737 -4.3978638649 -1.2328463793
11.9865026474 -5.0323963165 -1.2200615406
11.1570520401 -3.6574318409 -1.2165822983
12.0969314575 -5.0596952438 -1.2139625549
11.5430622101 -4.7496256828 -1.2133383751
11.7630128860 -5.5468797684 -1.2124040127
12.0035743713 -5.5128250122 -1.2119246721
11.2585878372 -6.1248922348 -1.2106602192
11.8291902542 -5.5518178940 -1.2092297077
12.2895584106 -3.6901538372 -1.2042021751
11.0492410660 -6.0569243431 -1.1934887171
11.8070974350 -5.4281759262 -1.1927406788
11.0678558350 -6.1561999321 -1.1857569218
11.6025142670 -3.6443185806 -1.1819094419
11.8882884979 -2.2612247467 -1.1809514761
11.2316017151 -3.6195127964 -1.1784341335
11.2105979919 -3.7503948212 -1.1730685234
11.2718734741 -3.6095480919 -1.1612833738
11.6194086075 -4.6781396866 -1.1582170725
12.2123832703 -5.0116744041 -1.1568303108
9.3064146042 -8.4873008728 -1.1551513672
12.1409492493 -3.8237490654 -1.1489509344
11.9195241928 -4.5840268135 -1.1474469900
11.7969522476 -5.5506176949 -1.1470893621
12.0711908340 -5.0726518631 -1.1436065435
12.0663223267 -4.4470968246 -1.1433646679
11.3845596313 -4.5093159676 -1.1397621632
11.7818470001 -5.8760609627 -1.1392667294
11.9947013855 -5.5645098686 -1.1385471821
11.3616046906 -6.1746778488 -1.1379717588
11.6233663559 -4.5217256546 -1.1375615597
11.5236330032 -4.4830861092 -1.1278210878
11.9633188248 -5.1176071167 -1.1267595291
11.8072824478 -3.6036760807 -1.1254634857
11.4545860291 -3.9096467495 -1.1247032881
12.0667114258 -5.4470763206 -1.1242210865
11.2049274445 -6.0070838928 -1.1217057705
11.8431138992 -3.1058249474 -1.1215513945
11.6117296219 -3.2513279915 -1.1188402176
11.4695358276 -3.9367663860 -1.1083306074
11.3459444046 -4.0000023842 -1.1068257093
11.5053939819 -4.0949835777 -1.1064863205
11.4166002274 -3.1630070210 -1.1019313335
11.8374090195 -5.6644887924 -1.0977889299
9.6708898544 -8.6136960983 -1.0975539684
11.3794822693 -4.1147909164 -1.0965764523
11.8891143799 -5.0241141319 -1.0925347805
11.4254589081 -3.9128696918 -1.0916209221
11.5883235931 -3.6105849743 -1.0903189182
11.5216970444 -3.9026944637 -1.0860446692
11.5181636810 -3.3471102715 -1.0850715637
11.9031333923 -3.1716966629 -1.0832992792
11.5304727554 -3.2150034904 -1.0830419064
11.4121704102 -6.0063052177 -1.0822808743
11.8926916122 -3.5176539421 -1.0790909529
11.4192399979 -3.8718156815 -1.0769237280
11.2414979935 -6.1241002083 -1.0749231577
11.7994956970 -3.1451015472 -1.0740309954
11.7430152893 -3.0794019699 -1.0729112625
11.5118751526 -3.2241683006 -1.0695630312
11.7056379318 -3.6650156975 -1.0686788559
11.0730590820 -6.0942134857 -1.0679421425
11.0834169388 -6.0974488258 -1.0653771162
10.9776649475 -6.0305919647 -1.0650125742
11.2060089111 -5.9996609688 -1.0645748377
11.1246490479 -7.1551461220 -1.0642150640
11.6321773529 -3.5400683880 -1.0629357100
11.6023883820 -3.5301299095 -1.0618031025
11.7969131470 -4.4229536057 -1.0613466501
11.3223762512 -4.1599416733 -1.0610599518
11.1455726624 -3.6921899319 -1.0608346462
11.4388170242 -4.5410509109 -1.0607734919
11.3370628357 -6.1968173981 -1.0582417250
10.0527791977 -6.8555374146 -1.0576341152
11.3636999130 -3.1397254467 -1.0551912785
11.6279335022 -3.9332134724 -1.0531525612
11.5171794891 -4.7421703339 -1.0519691706
11.2423706055 -6.1468930244 -1.0495584011
11.5006284714 -3.2473132610 -1.0479620695
11.1705484390 -6.1441740990 -1.0463618040
11.5006809235 -3.2818918228 -1.0420244932
11.1476745605 -6.0969715118 -1.0408749580
11.6850728989 -3.7263879776 -1.0406354666
11.9054260254 -5.5936574936 -1.0389574766
11.8464908600 -2.8713073730 -1.0381436348
11.1497058868 -6.0740184784 -1.0359852314
11.3986482620 -3.3866429329 -1.0351011753
11.8168725967 -2.8965132236 -1.0332808495
11.4053363800 -3.2776865959 -1.0326410532
11.2103977203 -6.6209473610 -1.0322265625
11.4891462326 -4.0284104347 -1.0206686258
11.1710987091 -3.5810034275 -1.0205218792
11.0787410736 -6.0176434517 -1.0195765495
11.8019514084 -3.0961215496 -1.0167312622
11.4110441208 -4.0612087250 -1.0164083242
11.6407918930 -3.2421810627 -1.0158629417
10.5079345703 -7.1190991402 -1.0083743334
11.6984262466 -3.0689623356 -1.0078126192
11.3813419342 -3.5554780960 -1.0068703890
11.6006050110 -4.5797200203 -1.0000247955
11.4275398254 -3.2078030109 -0.9998252988
11.5091104507 -3.3149867058 -0.9986544251
11.4003992081 -3.2207531929 -0.9983108044
11.5713090897 -3.1313142776 -0.9958611727
11.3383045197 -3.2273118496 -0.9953517318
10.2303018570 -7.1693210602 -0.9946857095
11.4785270691 -3.4651484489 -0.9939745069
11.6493101120 -4.3566384315 -0.9936600924
12.4447326660 -3.8956112862 -0.9899824262
11.4060926437 -3.2859430313 -0.9898001552
11.3958234787 -3.3675005436 -0.9875457883
12.0945663452 -3.1158115864 -0.9870535135
11.2741003036 -6.0524873734 -0.9858093858
11.2720203400 -3.4474930763 -0.9849992990
9.2365083694 -8.6213340759 -0.9846789837
11.2598485947 -3.4059233665 -0.9805384278
11.2605504990 -6.0953369141 -0.9794345498
9.8239173889 -6.9424500465 -0.9787716866
11.2930088043 -3.3377337456 -0.9787165523
11.3500051498 -4.0485377312 -0.9778707623
11.3906469345 -4.5547218323 -0.9775885940
11.8829240799 -3.0188648701 -0.9754283428
11.1350488663 -6.0479102135 -0.9747848511
11.1285209656 -6.0969009399 -0.9734143615
11.2724790573 -6.1940932274 -0.9729886055
11.7248563766 -4.0088028908 -0.9714875817
11.1651649475 -6.0466461182 -0.9713571668
11.2068405151 -3.4507577419 -0.9710252881
11.1776523590 -6.1293764114 -0.9701088071
11.4301738739 -6.2074990273 -0.9655739069
11.0518045425 5.9483289719 -0.9650568962
11.0826091766 -6.0800218582 -0.9620615244
11.9685659409 -2.8616530895 -0.9619780779
12.2275733948 -3.8704025745 -0.9589301944
11.6590538025 -4.4026246071 -0.9557106495
11.0960369110 -6.0329260826 -0.9540615678
11.8219833374 -3.5255489349 -0.9490840435
11.3067398071 -3.2547237873 -0.9482890368
11.1818161011 -6.0651364326 -0.9439709187
10.9814004898 -6.1632766724 -0.9417092204
11.2341432571 -6.0961070061 -0.9411755204
11.7744808197 -3.0586147308 -0.9405465722
11.3906602859 -3.8213672638 -0.9398111701
11.2098169327 -6.0285744667 -0.9370652437
11.5395755768 -3.5092213154 -0.9366385937
11.1747846603 -4.6559324265 -0.9341626167
11.3734169006 -3.8603096008 -0.9338738918
11.6732187271 -5.5322289467 -0.9315779805
11.1462736130 -3.7054548264 -0.9311283827
11.3027305603 -6.4970803261 -0.9310022593
11.4693803787 -6.5314631462 -0.9253581762
11.4600057602 -3.7046477795 -0.9245887995
11.0365858078 -6.0481190681 -0.9242942333
11.4751358032 -3.2808461189 -0.9186277986
11.4768600464 -4.7737956047 -0.9185288548
10.6485004425 -4.9148764610 -0.9180887341
9.9702043533 -6.9518704414 -0.9179107547
11.6060218811 -4.7151045799 -0.9160483479
11.7322692871 -3.7204420567 -0.9129964709
11.5385627747 -4.9481024742 -0.9117036462
11.2817211151 -6.2379398346 -0.9025068879
12.1270694733 -3.1254189014 -0.8967440724
10.9893932343 -6.1715822220 -0.8948651552
11.4398260117 -3.4791011810 -0.8897356391
11.2381868362 -3.5331423283 -0.8892002106
11.2979927063 -3.7568738461 -0.8886846900
11.2923774719 -6.1323318481 -0.8886814117
11.1253356934 -5.9068098068 -0.8860544562
10.6688280106 -6.3429522514 -0.8832007051
11.6282339096 -2.4464302063 -0.8820371628
11.1404666901 -4.4361777306 -0.8819395900
10.3308029175 -6.4216718674 -0.8819172382
11.1975116730 -6.0825262070 -0.8813166022
11.0057640076 -6.9144191742 -0.8793151975
11.1681375504 -5.9844193459 -0.8760045767
11.8481998444 -2.9284658432 -0.8744546771
9.6027450562 -7.7120532990 -0.8742726445
11.1248521805 -4.1945319176 -0.8737123013
11.3889122009 -3.3250489235 -0.8716868162
11.4518508911 -3.4092056751 -0.8703818917
11.3745489120 -3.2537252903 -0.8702872992
12.0789375305 -2.8956182003 -0.8695211411
11.5475368500 -3.4180057049 -0.8640525937
10.0611476898 -7.1126885414 -0.8545362353
11.0393028259 -6.0373573303 -0.8537070751
11.8159608841 -4.0946974754 -0.8534132242
9.7428121567 -6.8872675896 -0.8472337127
11.3872032166 -5.1415848732 -0.8469131589
12.2137937546 -3.7238731384 -0.8451766372
11.5507421494 -3.5422251225 -0.8440161347
11.5769987106 -2.5949575901 -0.8438816667
11.7480878830 -3.1099157333 -0.8435031772
11.4750680923 -3.4215769768 -0.8397399187
10.2110471725 -7.0141868591 -0.8387474418
11.1876688004 -6.0756063461 -0.8313474655
11.0910005569 -6.0293231010 -0.8244884014
11.4186544418 -3.4617538452 -0.8240100145
11.3153448105 -6.0760622025 -0.8196685314
11.3227767944 -3.4774146080 -0.8193197250
11.6619577408 -3.0981271267 -0.8177434802
11.2936944962 -3.5049941540 -0.8142372966
10.4401426315 -7.3496232033 -0.8130572438
11.3143491745 -3.5406014919 -0.8017565608
11.6928396225 -2.5784680843 -0.7986271977
10.2819519043 -7.0570778847 -0.7778868079
10.3546619415 -6.4083032608 -0.7724692822
11.3955392838 -3.6024663448 -0.7711696029
11.3985290527 -3.5792818069 -0.7661604285
10.8426189423 -4.5622477531 -0.7642806768
10.3519544601 -7.2934451103 -0.7632570267
11.8354654312 -4.1198139191 -0.7632302046
11.0560054779 -5.2160444260 -0.7627747059
11.6180610657 -4.4737830162 -0.7378786206
11.2947921753 -3.5715909004 -0.7352779508
11.4198160172 -4.6630482674 -0.7247396708
10.1307373047 -6.9546265602 -0.7152696252
11.4695396423 -6.0289587975 -0.7150771022
10.1181182861 -6.9621992111 -0.7110399604
11.2849636078 -3.3112151623 -0.7106199861
11.3912439346 -3.3377876282 -0.6765332818
11.7525529861 -5.4991374016 -0.6665451527
11.4555168152 -3.6298499107 -0.6634804606
11.3471708298 -4.6612429619 -0.6435964704
11.7004842758 -5.2402915955 -0.6224749684
9.9031991959 -6.8932557106 -0.6044896841
11.1844806671 -4.4971461296 -0.6011624932
12.0385246277 -5.4596581459 -0.5956611037
11.4019851685 -3.5577049255 -0.5848207474
11.6384706497 -2.8431138992 -0.5777926445
11.2478609085 -3.6882529259 -0.5737228394
10.8627948761 -4.6223616600 -0.5727739930
11.4848680496 -3.5203530788 -0.5532315969
11.3301105499 -3.6886496544 -0.5388658643
11.8268651962 -5.4961214066 -0.4930611551
11.2211503983 -6.1403131485 -0.4911301732
11.8637008667 -5.5363717079 -0.4498651326
11.9299554825 -3.5761904716 -0.3937587440
11.9311428070 -5.5349788666 -0.3861048818
11.9140157700 -5.4932227135 -0.3859947622
11.8212718964 -5.5842008591 -0.3802935481
11.5476598740 -4.5824756622 -0.3485362232
11.9275856018 -5.5696911812 -0.3458550870
11.9821176529 -5.4852991104 -0.3443582356
11.5154685974 -4.5120034218 -0.2634853125
11.8391666412 -5.5450763702 -0.2480202466
11.6183280945 -4.5460395813 -0.2232559919
11.8213062286 -5.4481492043 -0.2047745883
12.8386278152 5.2304987907 -1.6580109596
12.3076477051 6.8727788925 -1.6109004021
12.9635791779 5.6743903160 -1.6073186398
12.8369703293 5.5624432564 -1.5997613668
12.9091625214 5.5316100121 -1.5949896574
13.2406263351 5.5415148735 -1.5893191099
12.9165744781 5.7129149437 -1.5723203421
12.8293962479 5.6953220367 -1.5679821968
13.0797939301 5.6176414490 -1.5654981136
12.8177022934 5.4993572235 -1.5631539822
12.7304687500 5.6551237106 -1.5565490723
12.9808559418 5.5774469376 -1.5540645123
12.8040132523 5.5964298248 -1.5464633703
12.9562540054 5.4017882347 -1.5430302620
12.8819246292 5.5372505188 -1.5426312685
12.8577013016 5.5935935974 -1.5141448975
13.1757307053 4.6069808006 -1.5112832785
12.8014068604 5.5629730225 -1.4994525909
12.7137155533 -4.0364885330 -1.4343129396
13.5398387909 -4.1410965919 -1.4252043962
12.7660531998 5.5571455956 -1.4220788479
12.4417219162 -9.1794795990 -1.3938298225
10.6172904968 -8.7923555374 -1.3521097898
12.5832967758 -4.2285442352 -1.3190405369
11.4957990646 -8.8586063385 -1.2960647345
10.4507455826 -8.8325300217 -1.2921700478
12.2532787323 -6.7930645943 -1.2882144451
10.7800350189 -8.7744550705 -1.2797008753
11.2092885971 -8.8040294647 -1.2708114386
12.4816503525 -4.7074084282 -1.2688330412
10.7053623199 -8.7956724167 -1.2610620260
11.5923929214 -7.9800319672 -1.2456794977
12.5860385895 -4.7446742058 -1.2369801998
11.9326829910 -7.7365012169 -1.2350946665
13.1497144699 -4.3512563705 -1.2273114920
10.7929239273 -8.8636713028 -1.2271332741
10.9541025162 -7.4770350456 -1.2083550692
13.0273933411 -9.2150058746 -1.2058100700
11.3638963699 -8.9204092026 -1.1749169827
11.0681514740 -8.7235364914 -1.1742511988
11.9604825974 -9.9250068665 -1.1692932844
12.3793725967 -5.2317419052 -1.1690196991
11.2826433182 -7.1810917854 -1.1666182280
11.2774868011 -8.8572177887 -1.1663190126
12.5358953476 -4.9676113129 -1.1614934206
10.4719161987 -8.5212202072 -1.1560894251
11.8048944473 -9.9102144241 -1.1550501585
11.9776210785 -7.4841198921 -1.1530140638
10.9292573929 -8.4218845367 -1.1489766836
12.6627216339 -5.8573541641 -1.1464352608
11.7844543457 7.2631802559 -1.1326801777
11.1248340607 -7.2877368927 -1.1270906925
12.3481874466 -6.3522548676 -1.1058617830
11.4979333878 -8.4039754868 -1.0996232033
10.6040239334 -8.8854064941 -1.0745043755
12.2144107819 -6.5822086334 -1.0602093935
10.8706769943 -8.6826524734 -1.0593389273
10.6760368347 -10.6481237411 -1.0590155125
10.8752803802 -7.7615714073 -1.0523537397
11.9204015732 -6.0497622490 -1.0392745733
11.2389135361 -7.9657115936 -1.0098775625
11.0700063705 -8.5567045212 -0.9995639920
10.7788171768 -8.6906356812 -0.9885779023
10.4193420410 -8.2793693542 -0.9658413529
11.7810335159 -6.1002964973 -0.9406318069
11.7510957718 -6.9674763680 -0.8547881842
10.5164566040 -8.3429479599 -0.8424252272
12.1891660690 -6.3596973419 -0.8116896152
11.5483407974 -6.9218978882 -0.8045453429
10.1798906326 -9.0139751434 -0.7800504565
10.0525665283 -8.8089141846 -0.6637540460
12.0624818802 -5.5223522186 -0.4990939200
11.7068386078 -9.6919536591 -0.2825184464
11.9031639099 -9.9049501419 -0.2380252779
11.7347116470 -9.6946001053 -0.2367476225
22.0930137634 8.0956373215 -2.1756417751
22.1541576385 7.9095969200 -2.1005606651
22.8591976166 7.2221670151 -2.0704333782
22.1500835419 8.2513532639 -2.0379135609
21.8307437897 6.8101391792 -2.0326907635
21.3478317261 7.3339347839 -2.0056600571
20.8659343719 8.0102157593 -1.9514619112
22.8297061920 7.3497304916 -1.9449256659
22.0648498535 7.8789014816 -1.9447753429
21.8617210388 7.9906921387 -1.9275434017
19.3588924408 -11.9459810257 -1.9138733149
18.2546100616 10.1513662338 -1.9022778273
21.9073448181 8.0169324875 -1.8640378714
21.9394302368 7.8373270035 -1.8615534306
19.8761672974 7.9032750130 -1.8468853235
21.8273735046 8.8689680099 -1.8427059650
22.4006690979 8.5792818069 -1.8369046450
18.3846931458 10.1449880600 -1.8322560787
21.7398929596 6.8025383949 -1.8171753883
18.2685699463 10.0788974762 -1.8140703440
22.1749000549 7.9567685127 -1.8017094135
22.0456256866 7.8752589226 -1.7968873978
22.0741043091 7.9206013680 -1.7935198545
22.3582000732 6.7305397987 -1.7916053534
19.3704986572 -11.7401065826 -1.7890584469
22.1012115479 7.8651590347 -1.7518100739
21.2012958527 7.2526764870 -1.7364734411
22.5128345490 8.1735486984 -1.7296935320
22.9641246796 6.9359669685 -1.7140316963
23.0050888062 6.9490785599 -1.7116869688
21.0794563293 -12.9709548950 -1.7080469131
22.1741123199 8.2972488403 -1.6833785772
21.9548759460 8.0276069641 -1.6630357504
19.3551120758 -10.7585697174 -1.6245305538
17.6013870239 -12.2390642166 -1.6065440178
17.8268871307 10.0341930389 -1.6049200296
20.1084175110 -9.7293510437 -1.6001681089
19.6007347107 -10.0813903809 -1.5966563225
19.0146331787 -10.5412673950 -1.5959061384
19.6194057465 -12.0725336075 -1.5897405148
19.5260734558 -11.6037549973 -1.5823249817
19.7809314728 -9.6802930832 -1.5822405815
18.1765575409 10.1938419342 -1.5811377764
18.2765083313 9.9882564545 -1.5760056973
19.7989959717 -9.3348140717 -1.5698556900
18.2680416107 10.1680536270 -1.5563701391
19.8559932709 -9.8219127655 -1.5492879152
19.9410972595 -11.3671445847 -1.5483492613
19.8147640228 -9.7703018188 -1.5443944931
19.5662689209 -10.0280799866 -1.5233184099
20.4021720886 -10.6159982681 -1.5142720938
20.2811965942 -9.8015785217 -1.5113540888
18.0341300964 10.3376455307 -1.5090078115
18.1049270630 10.1668262482 -1.5062264204
18.0859355927 10.1467370987 -1.5049247742
18.1039428711 10.2649307251 -1.5038439035
17.9908370972 10.0974197388 -1.4972867966
18.2401065826 10.0764894485 -1.4969052076
18.2299404144 10.0728807449 -1.4941203594
18.1962223053 10.0395021439 -1.4918596745
18.2203826904 10.1660423279 -1.4889961481
17.9130249023 9.9925241470 -1.4847241640
17.9271221161 10.0819683075 -1.4761012793
18.5486507416 -11.0276174545 -1.4760414362
22.7713680267 7.4369101524 -1.4748584032
17.9911079407 10.0144920349 -1.4685434103
22.2524490356 7.9611816406 -1.4665720463
21.9768199921 8.2209692001 -1.4597735405
19.6907081604 -10.5875205994 -1.4596977234
18.4458694458 10.1395845413 -1.4506754875
20.4725704193 -10.2504720688 -1.4505259991
18.3508472443 10.0900716782 -1.4433692694
18.3166484833 10.1082143784 -1.4383922815
18.2558193207 10.0405645370 -1.4360629320
19.8797702789 -10.0244750977 -1.4355896711
19.4021339417 -11.6632804871 -1.4344922304
18.0292530060 10.1387166977 -1.4336804152
18.4489669800 9.9456262589 -1.4331762791
18.0233535767 10.2430372238 -1.4318765402
18.3101158142 10.0825452805 -1.4317964315
18.0141315460 10.1195039749 -1.4306613207
18.2223529816 10.3458538055 -1.4297679663
18.0136089325 10.2166376114 -1.4289433956
18.3085803986 10.0460977554 -1.4271029234
17.9341068268 10.0894374847 -1.4263737202
18.0122203827 10.0441379547 -1.4250972271
18.3270034790 10.0350818634 -1.4238721132
17.8999729156 10.0501871109 -1.4220530987
18.1058406830 9.9910449982 -1.4186160564
19.9628906250 -9.8682498932 -1.4183441401
20.0207939148 -10.7976131439 -1.4145520926
18.0269336700 9.9304304123 -1.4098848104
20.4597301483 -10.0439605713 -1.3801760674
20.2933940887 -9.6867389679 -1.3741514683
19.9748725891 -8.0432157516 -1.3704845905
18.0853099823 10.1214342117 -1.3657608032
18.2259082794 10.0600872040 -1.3644709587
20.0459384918 -10.6656990051 -1.3635751009
18.2115993500 10.0963230133 -1.3630372286
19.3918304443 -12.6999769211 -1.3582792282
18.1536483765 10.0300579071 -1.3573769331
17.9231033325 10.0720691681 -1.3557444811
18.1864242554 10.1222391129 -1.3545658588
17.9977722168 9.9878835678 -1.3525443077
18.1345329285 10.1181125641 -1.3521226645
17.9690055847 10.1188669205 -1.3477941751
18.0926647186 10.0703220367 -1.3475966454
18.0407638550 10.0662117004 -1.3451534510
18.0250110626 10.0499277115 -1.3440821171
19.5416126251 -9.4458665848 -1.3390326500
20.4061012268 -9.5975084305 -1.3280309439
19.7104530334 -9.8667554855 -1.3279792070
20.3157501221 -10.3898315430 -1.3122104406
20.2017250061 -10.4699583054 -1.3081099987
18.2863903046 10.1390457153 -1.3058434725
18.1842880249 10.1727857590 -1.3044488430
18.3529567719 -12.9918432236 -1.3012870550
18.1914463043 10.0892810822 -1.2992005348
18.2837314606 10.0428438187 -1.2948831320
18.2233753204 10.0356330872 -1.2932356596
18.2163276672 10.1554069519 -1.2930487394
18.0965042114 10.0395183563 -1.2925574780
18.1349430084 10.0118503571 -1.2911990881
17.9940814972 10.0738887787 -1.2911620140
18.1472969055 10.0280513763 -1.2896202803
17.9268627167 10.1701116562 -1.2877305746
18.1628761292 10.1279096603 -1.2875280380
18.1289443970 9.9849109650 -1.2865948677
18.1224994659 10.1035785675 -1.2864110470
18.0628337860 9.9814558029 -1.2847689390
18.0951709747 9.9408349991 -1.2816026211
20.2420196533 -11.5240135193 -1.2811657190
17.8488540649 9.9885835648 -1.2764711380
20.0618362427 -11.7725439072 -1.2703725100
19.5671977997 -9.6477251053 -1.2691099644
20.8609027863 -12.0470104218 -1.2614346743
19.4529743195 -10.1821317673 -1.2409040928
18.1458950043 10.0917797089 -1.2287653685
18.2387351990 10.1330480576 -1.2274774313
18.1235523224 10.0825796127 -1.2257213593
18.2254505157 10.0005788803 -1.2248843908
18.1244258881 10.0494079590 -1.2241189480
18.1929798126 9.9935760498 -1.2232587337
18.0418262482 10.0908842087 -1.2231128216
18.1449584961 10.0810775757 -1.2211714983
19.7182502747 -11.6450071335 -1.2184469700
18.0527610779 10.0911712646 -1.2181274891
18.0727157593 10.0774221420 -1.2169014215
17.9471282959 10.0406141281 -1.2168023586
17.9790763855 10.0252075195 -1.2105963230
22.4453201294 8.2378711700 -1.1982828379
22.2487430573 8.6272878647 -1.1979113817
22.1866703033 8.4914350510 -1.1921176910
18.2441864014 10.1434965134 -1.1677584648
18.2215728760 10.1347265244 -1.1653767824
18.0545005798 10.0434408188 -1.1558001041
18.1337833405 9.9551839828 -1.1545488834
18.0332584381 10.0005159378 -1.1521496773
18.0544719696 10.0307283401 -1.1508640051
22.2681369781 8.5167064667 -1.1387460232
22.0964584351 8.7643480301 -1.1373916864
18.2313976288 10.0075559616 -1.0951874256
18.0355720520 10.0353431702 -1.0874176025
17.9093685150 10.0295209885 -1.0825659037
22.1542186737 8.5912961960 -1.0636301041
18.3330516815 10.0618724823 -0.9366106391
22.5169487000 8.2586517334 -0.9151427150
22.2538394928 8.1868543625 -0.8283122182
22.3034114838 8.5369520187 -0.7605077624
22.2492618561 8.3079128265 -0.7511171103
22.1481971741 8.2717370987 -0.7476540208
22.3441295624 8.5017433167 -0.6809456944
22.3122558594 8.3460865021 -0.6783314347
22.2112464905 8.3097457886 -0.6751996875
22.3124408722 8.3608322144 -0.5476639867
33.8363685608 15.7752981186 -3.5009782314
33.8189926147 15.7681579590 -3.0199213028
33.8925819397 15.4866800308 -2.8970260620
34.0127944946 15.8341598511 -2.6999723911
35.0306053162 4.4731783867 -2.4517545700
34.0889587402 15.8691244125 -2.3439266682
35.1067047119 4.5203571320 -2.3409385681
35.0572967529 4.1964416504 -2.3315944672
31.1483917236 5.6755862236 -2.3304495811
26.6900234222 8.1267652512 -2.2475504875
31.1570854187 5.9313936234 -2.2362902164
31.1914062500 5.7625608444 -2.2161853313
31.0859966278 5.7433896065 -2.2087411880
26.8559856415 8.0833024979 -2.1439085007
26.4941787720 8.0467910767 -2.1436643600
31.1181716919 5.7697162628 -2.1129343510
31.1267929077 5.8016357422 -2.1121129990
35.1797637939 4.4682083130 -2.1094951630
26.4891033173 7.8619065285 -2.1082866192
26.6797027588 8.1073284149 -2.0884048939
26.6017608643 8.0784835815 -2.0842385292
26.5983943939 8.1014652252 -2.0820126534
35.2040824890 2.7654256821 -2.0819818974
26.5768375397 8.0774765015 -2.0805094242
26.5148983002 8.0775451660 -2.0777027607
26.5496311188 8.0492630005 -2.0528845787
26.5230216980 8.0431165695 -2.0489661694
26.6538600922 8.0961809158 -1.9987946749
26.6959743500 8.1140804291 -1.9966071844
30.9578647614 5.4902162552 -1.9962838888
26.6237888336 8.1099367142 -1.9954882860
26.6751117706 8.1184473038 -1.9935122728
26.5931243896 8.0840950012 -1.9890418053
26.7863826752 8.0343694687 -1.9877339602
26.7870121002 8.0626916885 -1.9861389399
26.5723056793 8.0883388519 -1.9859462976
26.5015449524 8.0740489960 -1.9846694469
26.4902782440 8.0541067123 -1.9814765453
26.7527809143 8.0943870544 -1.9807926416
26.6580047607 8.0825834274 -1.9739921093
26.6501674652 8.0635938644 -1.9732203484
26.6313457489 8.0765209198 -1.9704058170
26.5583686829 7.9960875511 -1.9675778151
26.5475578308 8.0328016281 -1.9656481743
26.7639579773 8.1456098557 -1.9083564281
26.5567016602 8.0689430237 -1.9011029005
26.8318443298 8.1176338196 -1.8993473053
26.6040077209 8.1576261520 -1.8975437880
26.6655464172 8.0449571609 -1.8959504366
26.7693347931 8.0595722198 -1.8952398300
26.6892185211 8.0065412521 -1.8923566341
26.6898918152 8.0346431732 -1.8910913467
26.5627250671 8.0147838593 -1.8887149096
26.4449863434 8.1547956467 -1.8883599043
26.6666278839 8.0290212631 -1.8880010843
26.6352634430 8.0852813721 -1.8878130913
26.6184177399 8.0241823196 -1.8876215219
35.0826721191 4.6900386810 -1.8866398335
26.6932353973 7.9798274040 -1.8823918104
35.0852775574 4.4598937035 -1.8822923899
26.4599018097 7.9846138954 -1.8814791441
26.5326232910 8.0545158386 -1.8805725574
26.6083736420 8.0632762909 -1.8803745508
35.0229377747 4.4595165253 -1.8788758516
26.5905704498 7.9491357803 -1.8751518726
26.7121677399 8.1904773712 -1.8156281710
26.6558132172 8.2183427811 -1.8136843443
26.6665859222 8.1177644730 -1.8119668961
26.7320938110 8.0484914780 -1.8102581501
26.6781787872 8.0188722610 -1.8087438345
26.7265167236 8.0569400787 -1.8070311546
26.5531005859 8.1877450943 -1.8067768812
26.6292514801 8.0183105469 -1.8033539057
26.5752696991 7.9889063835 -1.8018412590
26.6902065277 8.0867481232 -1.7997199297
26.5917491913 7.9786186218 -1.7976237535
26.2969989777 8.0843324661 -1.7928979397
26.5562934875 8.0551977158 -1.7913770676
26.5110359192 8.0345468521 -1.7872925997
35.0966224670 4.6058654785 -1.7745118141
35.1347808838 4.4754405022 -1.7741296291
35.0117263794 4.7096362114 -1.7731883526
26.8238029480 8.0755052567 -1.7262173891
26.7209739685 8.0452260971 -1.7196441889
26.6181354523 8.0149459839 -1.7130705118
26.5975227356 8.0087385178 -1.7095055580
26.4774837494 7.9612002373 -1.7067621946
35.1489295959 4.5213789940 -1.6927170753
35.1738471985 4.5347723961 -1.3914136887
35.2276115417 4.5373964310 -1.2825834751
35.0941963196 4.7274103165 -1.2819494009
35.0712814331 4.5233302116 -1.2776817083
39.0950508118 18.5060501099 -4.3287267685
46.5033874512 1.6209203005 -4.2650275230
38.3147811890 18.1499214172 -4.2441868782
39.2760467529 18.4548702240 -4.1571240425
44.2753372192 16.1608829498 -4.0480847359
42.9793510437 16.8780384064 -3.6992413998
34.6400375366 18.0271091461 -3.6588437557
46.3501853943 15.3702611923 -3.6380903721
46.8335151672 14.8683042526 -3.6349272728
34.6196022034 16.1261463165 -3.5802037716
46.3464393616 2.6175925732 -3.5422897339
47.3229942322 15.0282449722 -3.5166575909
43.1294975281 17.3497810364 -3.4776091576
44.0836868286 19.6792411804 -3.4605801105
46.6464653015 15.1054258347 -3.3361790180
46.7837028503 15.2484169006 -3.3350999355
44.0522689819 20.3922519684 -3.3279051781
43.9061851501 20.2967453003 -3.3191876411
44.3243408203 19.6369171143 -3.3179371357
42.9244499207 16.8514404297 -3.2966191769
45.6099205017 0.1497118771 -3.2837188244
35.3784217834 16.4652042389 -3.2819957733
48.3244056702 12.5966510773 -3.2151246071
46.3666114807 4.5396528244 -3.2050979137
48.2334938049 12.4506311417 -3.1951231956
46.8887214661 2.3945817947 -3.1704986095
46.5587654114 2.3495533466 -3.1680204868
46.5091590881 2.3692381382 -3.1639585495
44.0432891846 20.0792274475 -3.1638419628
46.4216575623 2.4135324955 -3.1587181091
46.3136596680 2.9063374996 -3.1466722488
43.5255355835 18.9612941742 -3.1095309258
34.8855552673 16.2378292084 -3.1065940857
35.0649719238 15.6755008698 -3.1055541039
46.3866271973 0.7970208526 -3.0947389603
34.6032981873 16.1188449860 -3.0885229111
38.6270599365 18.2833995819 -3.0709741116
43.4184761047 16.8806114197 -3.0385067463
35.3726577759 16.2140750885 -3.0027658939
43.8239898682 20.1127796173 -2.9991679192
34.7844505310 16.1977100372 -2.9781236649
34.9250946045 15.9191083908 -2.9755630493
34.8483963013 15.9179954529 -2.9748880863
35.1054992676 15.8119316101 -2.9700849056
34.7503623962 15.8749399185 -2.9666724205
35.1256484985 15.8588094711 -2.9663734436
35.0495529175 15.7937641144 -2.9643235207
34.5511245728 16.1104297638 -2.9632465839
35.0763778687 15.8905897141 -2.9620101452
34.9086723328 15.8091049194 -2.9610993862
35.0594787598 15.8924236298 -2.9556310177
43.6582107544 19.0769329071 -2.9527204037
34.9857521057 15.8725757599 -2.9518530369
34.9113883972 15.8403568268 -2.9477751255
46.4059295654 0.6696648598 -2.9465963840
34.8137702942 15.7963466644 -2.9395575523
34.8790130615 15.6506166458 -2.9336659908
47.3909835815 15.0506372452 -2.9039490223
34.9842453003 15.9502325058 -2.8946468830
34.9419174194 15.9262742996 -2.8896250725
34.8861007690 15.9073181152 -2.8866786957
35.1143455505 15.6765327454 -2.8842334747
46.9121360779 15.2934961319 -2.8839075565
34.8438224792 15.8833131790 -2.8816583157
34.9089012146 15.9233932495 -2.8803334236
34.8394622803 15.9090633392 -2.8794481754
34.7879829407 15.8644084930 -2.8787121773
34.8216438293 15.8778095245 -2.8779549599
35.0160865784 15.6338958740 -2.8762662411
34.8333625793 15.8788681030 -2.8759319782
35.0509567261 15.8293170929 -2.8718242645
34.7414283752 15.8659172058 -2.8714799881
35.0137672424 15.7714948654 -2.8714473248
35.0807571411 15.8884048462 -2.8693168163
35.9351043701 17.1025905609 -2.8689873219
34.9178390503 15.5912647247 -2.8682997227
35.0340309143 15.8180055618 -2.8682315350
34.9578361511 15.7532529831 -2.8659341335
35.0135002136 15.8624248505 -2.8656978607
44.0028877258 20.3649349213 -2.8641536236
34.9848365784 15.8495769501 -2.8641164303
34.9531364441 15.7856912613 -2.8638553619
34.8485450745 15.6428947449 -2.8637132645
34.9886856079 15.9441843033 -2.8612112999
34.9680099487 15.8511581421 -2.8582336903
34.8599281311 15.7098312378 -2.8579657078
43.9051742554 20.3208274841 -2.8578414917
34.9432106018 15.8383855820 -2.8568294048
34.8871536255 15.8056592941 -2.8561472893
44.1414337158 19.7852592468 -2.8558921814
34.8553276062 15.7420654297 -2.8558866978
44.2522621155 19.6064987183 -2.8551669121
34.8942642212 15.8313589096 -2.8544561863
34.9827919006 15.6973257065 -2.8529527187
34.8384857178 15.7305812836 -2.8522942066
46.6589164734 1.6264535189 -2.8492798805
34.8456192017 15.7942628860 -2.8488597870
34.5951309204 15.8642892838 -2.8471093178
35.9363288879 15.7518806458 -2.8214042187
46.5162200928 0.5353442430 -2.8078222275
35.1528434753 16.7460136414 -2.8076868057
34.6291503906 18.5861644745 -2.8062887192
36.1547126770 19.3984298706 -2.8012092113
41.6157798767 17.5139408112 -2.7971580029
35.5619163513 16.0686664581 -2.7933628559
35.5375442505 16.0494918823 -2.7918374538
41.7737770081 16.9237918854 -2.7901306152
41.5921630859 17.2352561951 -2.7874808311
38.6406707764 22.9389667511 -2.7787642479
41.3941040039 17.1531829834 -2.7742071152
38.7243728638 22.5852184296 -2.7735533714
35.2267723083 15.7722167969 -2.7668259144
35.1412887573 15.6907711029 -2.7656533718
34.9455680847 15.9560174942 -2.7648425102
34.9254646301 15.9071969986 -2.7609665394
35.0528373718 15.7324361801 -2.7580676079
34.9593238831 16.1378688812 -2.7559859753
43.4051933289 11.8683128357 -2.7532160282
34.9340248108 15.7830057144 -2.7515454292
34.9546737671 15.6895380020 -2.7504317760
34.9446830750 15.6056575775 -2.7503838539
34.7557868958 16.0028686523 -2.7482867241
34.7316131592 15.8385190964 -2.7480757236
34.9871482849 15.8196220398 -2.7480227947
34.7433509827 15.8394498825 -2.7463834286
34.5017662048 16.1110382080 -2.7462279797
43.3662757874 11.6997556686 -2.7452604771
35.1403846741 15.6823720932 -2.7452256680
34.8359832764 15.7398471832 -2.7439091206
34.9237442017 15.7318706512 -2.7432236671
34.8463554382 15.5631027222 -2.7427477837
34.9441413879 15.7780151367 -2.7406709194
34.8893051147 15.7760190964 -2.7403857708
34.7844886780 15.6829843521 -2.7403275967
34.9236946106 15.8221902847 -2.7384681702
37.6112136841 18.7033309937 -2.7365798950
34.7379188538 15.6966915131 -2.7362720966
34.7914581299 15.7324151993 -2.7327485085
34.6518325806 15.9916973114 -2.7323997021
34.8782386780 15.8107032776 -2.7316658497
34.8260002136 15.7782287598 -2.7308299541
48.2335548401 12.1945848465 -2.7248632908
43.1095924377 16.6579780579 -2.7222311497
35.3206443787 17.8771667480 -2.7146840096
46.4254837036 2.4593622684 -2.7137186527
46.5352363586 2.1085433960 -2.7110002041
42.3813705444 17.3393325806 -2.6959280968
39.2096252441 18.2973003387 -2.6927793026
35.3582649231 16.4715690613 -2.6855614185
36.8405113220 18.3215713501 -2.6805884838
40.6252174377 4.1401920319 -2.6650204659
36.2603607178 18.1932659149 -2.6606235504
41.4767646790 17.6511020660 -2.6562659740
35.1839561462 16.1839447021 -2.6560046673
33.2600097656 19.6900386810 -2.6415517330
34.9332084656 20.7072029114 -2.6413736343
35.0955734253 15.8640346527 -2.6389455795
34.9975967407 15.8206644058 -2.6316401958
34.7615051270 15.8477687836 -2.6291797161
34.8996162415 15.7772903442 -2.6243345737
43.4444999695 11.8604202271 -2.6157307625
43.4288635254 11.8796520233 -2.6145288944
43.3809852600 11.8676538467 -2.6111805439
43.2775535583 11.8393955231 -2.6049571037
37.6504516602 23.5502700806 -2.6030287743
34.3994407654 15.8318653107 -2.5973691940
37.5594978333 23.4935188293 -2.5967457294
46.6691970825 2.9248080254 -2.5906441212
35.9871940613 16.4688739777 -2.5885901451
43.0615234375 16.5892410278 -2.5733768940
48.2582168579 12.1718730927 -2.5710844994
36.8937988281 18.5028896332 -2.5698468685
46.3977279663 2.8984508514 -2.5695271492
42.9768409729 16.5899906158 -2.5689721107
35.7949943542 16.5241527557 -2.5684113503
39.4792289734 18.2741870880 -2.5629067421
42.9330902100 16.4937973022 -2.5619688034
46.3500633240 2.4214880466 -2.5614781380
46.7322845459 0.2645204067 -2.5241830349
35.1660346985 15.7824325562 -2.5218017101
46.4857940674 0.2706457675 -2.5195443630
35.1379432678 15.8928375244 -2.5120992661
41.3852081299 17.6130218506 -2.5093553066
34.9926834106 15.8127155304 -2.5082879066
41.2863655090 17.5714550018 -2.5033802986
34.8947257996 15.7692461014 -2.5013136864
35.0555305481 19.6417865753 -2.5005171299
34.8088951111 15.7373495102 -2.4967226982
43.3482971191 11.8356227875 -2.4698982239
40.5048751831 17.6972656250 -2.4648890495
36.4689598083 14.7046632767 -2.4463067055
39.3401603699 18.1955051422 -2.4183557034
34.8734741211 16.2220611572 -2.3972434998
35.0975875854 15.8594846725 -2.3942682743
34.8036499023 15.7290525436 -2.3743400574
46.5493621826 0.4145884216 -2.3721015453
40.0182037354 3.7789647579 -2.3675932884
41.4661903381 17.3480529785 -2.3659532070
43.3652229309 11.9045324326 -2.3339080811
43.2616386414 11.8766880035 -2.3283517361
37.6075859070 23.5161285400 -2.3243000507
37.5221290588 23.4927883148 -2.3196644783
37.5242424011 23.4575729370 -2.3187382221
37.5165290833 23.4594573975 -2.3186793327
43.0792884827 16.6116638184 -2.3174252510
37.1390151978 18.4045085907 -2.3155796528
37.0040168762 18.5566043854 -2.3145411015
37.5643920898 22.8358173370 -2.3079965115
39.2321777344 18.3932609558 -2.2841012478
40.6332893372 4.1825599670 -2.2833015919
36.0095367432 19.0959186554 -2.2802536488
40.6614875793 3.9807207584 -2.2792387009
40.4563751221 3.9265534878 -2.2788119316
38.7135124207 18.9628276825 -2.2731487751
37.9743614197 19.0298881531 -2.2400405407
40.3915252686 17.8094673157 -2.2218401432
37.6199913025 23.5166950226 -2.2213597298
37.9696044922 18.3064918518 -2.2210235596
37.5168914795 23.5592384338 -2.2176184654
42.9250679016 17.0864543915 -2.2113449574
42.7545928955 17.0921955109 -2.2039914131
37.3419342041 22.9793758392 -2.1969685555
35.4216003418 16.8334140778 -2.1946346760
37.1202011108 18.5133800507 -2.1857466698
36.9395637512 18.7097034454 -2.1823618412
36.8580245972 18.6830501556 -2.1783299446
39.2331733704 18.2125892639 -2.1781654358
36.5486984253 19.2144794464 -2.1745164394
34.9726142883 16.4783306122 -2.1618204117
35.8504409790 19.7288169861 -2.1563334465
40.6212272644 3.8759229183 -2.1484053135
40.4407272339 4.1302347183 -2.1457996368
40.5646057129 3.8606984615 -2.1455042362
40.4578475952 3.8505599499 -2.1398599148
40.4076881409 3.8555715084 -2.1371138096
37.7155532837 23.5757026672 -2.1234710217
39.4532661438 18.2480392456 -2.0876507759
40.5536499023 4.1439132690 -2.0247569084
40.5675506592 3.9759354591 -2.0212042332
40.4358024597 4.1044468880 -2.0182988644
40.5206565857 3.8685581684 -2.0167229176
40.4607963562 3.9654724598 -2.0158853531
46.2809715271 14.9918518066 -2.0086939335
40.1680984497 3.8037352562 -1.9986143112
36.9152183533 18.7152824402 -1.9858238697
37.2142486572 22.8297786713 -1.9492741823
40.6557884216 4.0099968910 -1.9311665297
40.6316108704 4.0358743668 -1.9306379557
40.6087303162 3.9996993542 -1.9288071394
40.4713401794 4.1160283089 -1.9251296520
43.1574096680 17.0222034454 -1.9238964319
40.3388252258 4.1293520927 -1.9194140434
40.3902587891 3.9981088638 -1.9188674688
40.4514884949 3.8480770588 -1.9183528423
38.0897865295 18.9299392700 -1.9075100422
40.0678215027 4.0799679756 -1.9060444832
36.9683036804 18.7377719879 -1.8588527441
41.9635581970 15.3072509766 -1.8565704823
45.9870223999 0.9028552175 -1.8486377001
40.6449813843 4.1246838570 -1.8374091387
40.5822906494 4.1288957596 -1.8349087238
40.6920318604 3.9568095207 -1.8333661556
40.6420211792 3.9685943127 -1.8316065073
40.6239585876 3.8696146011 -1.8313606977
40.5852279663 3.9467380047 -1.8285524845
40.5470504761 3.9681782722 -1.8285390139
40.4498100281 4.1421995163 -1.8284459114
40.5884323120 3.8364455700 -1.8275259733
40.4537696838 4.0268549919 -1.8268439770
40.5352058411 3.9584674835 -1.8267911673
40.5171432495 3.8594768047 -1.8265451193
40.5062332153 3.9915897846 -1.8264535666
39.3513412476 17.8296222687 -1.8065465689
38.0257110596 17.6017951965 -1.7503833771
46.3633003235 2.4748835564 -1.7501857281
40.5435066223 4.1166648865 -1.7055052519
40.5618820190 4.1557240486 -1.7048670053
40.5238533020 3.9896631241 -1.7012466192
40.7341117859 3.6410758495 -1.6996418238
40.4964332581 4.0757827759 -1.6989823580
40.5066375732 4.0133523941 -1.6986577511
40.5587005615 4.0046968460 -1.6985002756
40.5179748535 3.6789207458 -1.6947469711
40.4869270325 3.8292982578 -1.6943094730
46.4516220093 2.4423925877 -1.6045725346
40.6355628967 4.0027875900 -1.5779771805
40.5994873047 4.0076422691 -1.5773626566
40.5707168579 4.0428400040 -1.5768302679
40.6641578674 3.9839599133 -1.5752023458
40.6302833557 4.0481448174 -1.5732451677
40.5408935547 3.9103610516 -1.5707435608
40.6319503784 3.8480823040 -1.5698474646
40.5234603882 4.0377597809 -1.5690888166
40.5395088196 4.0332250595 -1.5688024759
40.7108039856 4.0207719803 -1.4537463188
46.5818519592 2.0824131966 -1.4530168772
40.5792083740 4.1710252762 -1.4510755539
40.5004615784 4.1772809029 -1.4476425648
40.4460983276 4.1112437248 -1.4474710226
40.6522674561 3.9232096672 -1.4464583397
46.4262924194 0.0192325264 -1.4054529667
40.6113777161 4.1907925606 -1.3233559132
40.7141189575 3.9461178780 -1.3226475716
40.3612594604 3.8771984577 -1.3003993034
46.5199241638 0.0809217542 -1.2637375593
45.7520217896 -2.9237349033 -4.6914701462
45.6843490601 -2.5232694149 -4.1177196503
46.0806465149 -1.9946717024 -4.0024113655
48.0640220642 -6.4610109329 -3.9284555912
47.3213119507 -6.3616671562 -3.8678684235
45.9889068604 -1.6706069708 -3.8646287918
46.1813964844 -2.2033617496 -3.8465321064
46.6370010376 -6.6038088799 -3.8040301800
45.4103507996 -1.8977367878 -3.7849240303
48.0246124268 -6.7641282082 -3.7649772167
46.3978157043 -8.1363334656 -3.7595741749
47.9100799561 -6.8673858643 -3.7498724461
47.4190406799 -6.3162021637 -3.7244033813
46.0577583313 -1.5428992510 -3.7176663876
46.1404914856 -2.1769936085 -3.7113339901
45.3199272156 -4.1430101395 -3.6386601925
45.6185188293 -2.9755399227 -3.6357405186
47.9822006226 -6.4416251183 -3.6192240715
48.0279464722 -6.8800053596 -3.6081919670
46.2680854797 -0.6247986555 -3.6062412262
47.5369567871 -6.3276934624 -3.5840795040
45.9773635864 -2.0034947395 -3.5523483753
46.0072593689 -1.9482024908 -3.5514249802
49.0036888123 -6.9609880447 -3.5348165035
48.3950691223 -6.6241436005 -3.5114521980
46.5123138428 -0.2436113954 -3.5060114861
45.4864768982 -3.4930267334 -3.4729835987
45.2324829102 -4.5203266144 -3.4703605175
46.6864624023 -1.9743422270 -3.4676795006
46.2377357483 -0.7508642077 -3.4540061951
46.2660865784 -0.6982082725 -3.4532873631
46.3669548035 -1.0595887899 -3.4530932903
47.8655586243 -6.5698719025 -3.4507272243
47.5686912537 -6.1713976860 -3.4460074902
46.0633163452 -1.6151903868 -3.4303007126
46.3271942139 -3.0854222775 -3.4163367748
46.0535964966 -1.9042913914 -3.4108834267
46.0097694397 -1.8907353878 -3.4060344696
45.6854057312 -1.5826797485 -3.4055325985
49.1881752014 -7.1608977318 -3.3930187225
49.1321029663 -7.0242629051 -3.3906466961
45.6573219299 -2.6511068344 -3.3860149384
48.9760704041 -7.1302542686 -3.3784215450
45.7823638916 -2.3583180904 -3.3759922981
46.4267692566 -6.0075645447 -3.3536026478
45.5754814148 -3.0906972885 -3.3473908901
45.3281555176 -3.8937711716 -3.3469960690
46.3205261230 -5.9938168526 -3.3459284306
45.6049041748 -3.3798263073 -3.3455426693
48.4844245911 -6.8832688332 -3.3445889950
48.4186820984 -6.8252592087 -3.3400540352
45.2720794678 -4.3737573624 -3.3370854855
46.7389945984 -1.5814481974 -3.3319404125
48.1224670410 -6.4998941422 -3.3281073570
48.1697540283 -6.3660793304 -3.3275330067
45.2259864807 -4.5847983360 -3.3272080421
48.0742607117 -6.5175213814 -3.3255352974
45.3026924133 -4.8185458183 -3.3224000931
48.0162658691 -6.4856510162 -3.3207783699
46.3928222656 -0.8910790086 -3.3189992905
45.1368713379 -4.5072312355 -3.3185510635
46.3554077148 -0.7494677305 -3.3175823689
46.2938270569 -0.7307832837 -3.3123733997
47.5820846558 -6.2853813171 -3.3123631477
46.4040260315 -2.4097902775 -3.3088111877
46.3050003052 -1.0129268169 -3.3038654327
45.0180969238 -4.8790874481 -3.2955331802
47.4371376038 -6.4318408966 -3.2815694809
46.4813499451 -4.2038340569 -3.2814490795
49.0308189392 -6.9259867668 -3.2745876312
46.0435523987 -1.8719513416 -3.2731716633
49.1291427612 -6.9710664749 -3.2729022503
46.0448493958 -1.9806613922 -3.2680196762
49.1191139221 -7.0243015289 -3.2661254406
48.9857025146 -7.0250163078 -3.2652158737
45.8668098450 -1.9111138582 -3.2624838352
48.9268531799 -7.2060370445 -3.2611548901
48.6047172546 -6.6091971397 -3.2596402168
48.6556587219 -6.9400024414 -3.2532978058
45.8798103333 -2.2607245445 -3.2515683174
45.9100151062 -2.2049403191 -3.2513344288
45.9019203186 -2.1499385834 -3.2493472099
48.3699340820 -6.7567381859 -3.2483370304
45.7298164368 -2.5428540707 -3.2442333698
46.5058555603 -6.2758936882 -3.2410943508
48.5001220703 -6.8519210815 -3.2392656803
48.5985603333 -6.8961482048 -3.2376041412
48.5613059998 -6.9646363258 -3.2369902134
48.5975151062 -6.8284306526 -3.2364647388
48.5328063965 -6.8380475044 -3.2333199978
48.4913902283 -6.8135581017 -3.2294020653
48.2936515808 -6.6618790627 -3.2263412476
48.1140403748 -6.5110549927 -3.2189288139
45.2802238464 -3.2540552616 -3.2110784054
46.3757743835 -0.8484285474 -3.2101933956
46.2875633240 -0.7172138095 -3.2090718746
46.3045845032 -6.1178107262 -3.2088441849
48.0714454651 -6.3499569893 -3.2076447010
45.5701255798 -3.1211841106 -3.2073495388
46.3282470703 -0.9060606360 -3.2067747116
46.2686424255 -0.8465035558 -3.2028012276
45.3337516785 -4.0524058342 -3.2016487122
47.8039932251 -6.8205256462 -3.1966235638
45.5084342957 -3.3691163063 -3.1962885857
46.1816558838 -6.4140830040 -3.1939463615
46.5366897583 -2.5883984566 -3.1922132969
47.7337608337 -6.3491740227 -3.1871976852
46.2735671997 -1.1251721382 -3.1866037846
47.6938972473 -6.3915920258 -3.1844601631
45.1950950623 -4.6651692390 -3.1819229126
45.1768226624 -4.5819559097 -3.1800930500
47.5993881226 -6.4265918732 -3.1794075966
46.1914634705 -2.0210230350 -3.1786966324
45.1602554321 -4.5313668251 -3.1776249409
47.5876731873 -6.3774275780 -3.1773777008
45.1299247742 -4.5715360641 -3.1753687859
47.4814262390 -6.2528443336 -3.1752929688
45.0770111084 -4.4096341133 -3.1736943722
45.1293678284 -4.1353149414 -3.1736044884
47.4946517944 -6.6194720268 -3.1730062962
47.4931716919 -6.4123539925 -3.1723272800
47.4795837402 -6.2975406647 -3.1690747738
46.3881416321 -2.9163255692 -3.1654002666
46.2553176880 -2.8026297092 -3.1618721485
46.3276481628 -2.8926749229 -3.1605989933
46.9787712097 -6.1526522636 -3.1572787762
46.6254081726 -5.4614415169 -3.1564183235
46.3713302612 -3.1691877842 -3.1539375782
45.9645919800 -1.8946745396 -3.1531414986
45.9453926086 -1.9738560915 -3.1531114578
46.0305633545 -2.0088403225 -3.1510512829
46.9905548096 -6.4247431755 -3.1477420330
46.8440933228 -6.2782812119 -3.1277995110
45.7850494385 -2.4972133636 -3.1266319752
49.1539993286 -6.7586894035 -3.1263213158
45.4916229248 -2.9948894978 -3.1204540730
49.0933418274 -6.8668251038 -3.1144654751
45.3860511780 -1.8852221966 -3.1125125885
46.3985977173 -6.4504265785 -3.1115584373
49.0324058533 -6.8850274086 -3.1113035679
45.4522171021 -3.7469594479 -3.1073276997
49.0233726501 -7.0062541962 -3.1059904099
48.3670425415 -6.5272879601 -3.0912287235
48.5173950195 -6.5696196556 -3.0881378651
48.5625534058 -6.7926807404 -3.0808033943
48.5139274597 -6.9289150238 -3.0801002979
45.2745170593 -4.5396413803 -3.0767312050
48.2354660034 -6.3471403122 -3.0735011101
45.2500686646 -4.4453325272 -3.0725367069
48.1797599792 -6.4226775169 -3.0715637207
46.4045372009 -0.7156987190 -3.0713527203
45.1574058533 -4.6281642914 -3.0694801807
48.1482505798 -6.3907389641 -3.0685908794
48.1291809082 -6.3332638741 -3.0667421818
48.1919937134 -6.8046107292 -3.0659863949
46.5114631653 -1.8511103392 -3.0625216961
45.1702270508 -4.6189088821 -3.0599555969
45.0247344971 -4.8761444092 -3.0528721809
47.9164886475 -6.4170670509 -3.0485270023
48.0123519897 -6.7607579231 -3.0475797653
46.0608406067 -1.6157788038 -3.0472531319
46.0710449219 -7.8199777603 -3.0460526943
46.3303260803 -1.2474085093 -3.0451025963
46.3147850037 -2.3990571499 -3.0438318253
47.8771934509 -6.8386049271 -3.0397448540
47.6484642029 -6.3526425362 -3.0377886295
47.6169319153 -6.3208899498 -3.0348107815
47.6675529480 -6.4554677010 -3.0341539383
47.5958862305 -6.3087635040 -3.0273880959
47.4868965149 -6.4230179787 -3.0266752243
47.4915122986 -6.3604369164 -3.0215227604
46.4290008545 -2.8555965424 -3.0210392475
46.0483589172 -1.9700313807 -3.0209596157
47.6071357727 -6.6592211723 -3.0202116966
46.9219589233 -5.7746424675 -3.0197722912
47.5758628845 -6.5185976028 -3.0196335316
46.5129470825 -3.2229607105 -3.0190327168
45.9190254211 -2.0909209251 -3.0079553127
45.9331588745 -2.0011851788 -3.0015852451
46.6242828369 -6.1392955780 -2.9893000126
46.7667579651 -6.2091341019 -2.9807591438
45.7317924500 -2.7366056442 -2.9740815163
49.1075172424 -6.8329777718 -2.9695439339
45.4614715576 -3.4166319370 -2.9671142101
49.0762443542 -6.8001084328 -2.9669349194
49.1484832764 -6.8969287872 -2.9642620087
49.1122055054 -7.0342364311 -2.9634301662
46.4284133911 -6.1268625259 -2.9604897499
49.0545120239 -7.0012073517 -2.9596266747
46.5232582092 -0.4253298044 -2.9546711445
48.9970664978 -6.8490443230 -2.9546229839
46.0921325684 -4.9106802940 -2.9539597034
48.7894020081 -6.9155797958 -2.9503614902
46.5256118774 -0.0785013288 -2.9470865726
46.6509742737 -0.8763804436 -2.9467442036
46.4131774902 -0.7011659145 -2.9417183399
46.5150108337 -0.4794922769 -2.9416358471
46.1799163818 -6.3691635132 -2.9394199848
45.3209762573 -4.2700963020 -2.9330470562
47.9529533386 -5.7239470482 -2.9300496578
45.1769943237 -4.2129240036 -2.9255282879
48.2000465393 -6.5466814041 -2.9251198769
48.2318077087 -6.7950444221 -2.9230248928
48.4661674500 -6.7749314308 -2.9226176739
48.1194725037 -6.1244153976 -2.9211668968
48.1158714294 -6.5705347061 -2.9169559479
44.9876365662 -4.3945531845 -2.9152045250
47.9654731750 -6.6931085587 -2.9131855965
45.1173744202 -4.7887997627 -2.9124400616
45.0505867004 -4.9246044159 -2.9109227657
48.0096282959 -6.5562744141 -2.9105396271
47.7899856567 -6.4603362083 -2.9084224701
45.0037918091 -4.9133739471 -2.9068028927
48.0117683411 -6.3707370758 -2.9032325745
46.5239295959 -2.3046875000 -2.9027411938
47.9850082397 -6.3301806450 -2.9009966850
46.1406593323 -8.1036996841 -2.8995976448
47.9055061340 -6.3566784859 -2.8968110085
47.9645004272 -7.1544871330 -2.8934612274
47.8199272156 -6.4000029564 -2.8919808865
45.1548957825 -5.1602106094 -2.8902819157
47.7254066467 -6.4350819588 -2.8869261742
45.0870132446 -5.1080093384 -2.8861043453
47.5267295837 -6.4120182991 -2.8860735893
47.7117767334 -6.3199119568 -2.8850097656
45.0484046936 -5.1481051445 -2.8834745884
47.5203170776 -6.3040161133 -2.8785905838
46.4537849426 -2.8933103085 -2.8782703876
47.6916656494 -6.5302710533 -2.8775722980
48.4969902039 -2.7518875599 -2.8744983673
45.9981422424 -1.8580235243 -2.8669335842
47.5105667114 -6.6415290833 -2.8650093079
47.4792289734 -6.5011830330 -2.8647544384
45.9518661499 -2.1278080940 -2.8646552563
48.2359313965 -2.7083935738 -2.8588776588
47.7839584351 -8.3684148788 -2.8567395210
45.8650817871 -2.1508724689 -2.8544781208
45.8454437256 -2.2304832935 -2.8537538052
46.9049491882 -6.1892261505 -2.8532090187
45.6998138428 -2.5357527733 -2.8461930752
45.6509704590 -2.5315585136 -2.8428418636
46.9815940857 -6.3355031013 -2.8420023918
46.9697685242 -6.2867932320 -2.8406221867
46.8589820862 -6.3349947929 -2.8383669853
46.9221191406 -6.1901559830 -2.8367569447
46.8045539856 -6.0344376564 -2.8367545605
46.8614997864 -6.2075953484 -2.8336262703
46.6060752869 -6.3344821930 -2.8288240433
46.5243682861 -6.4591917992 -2.8223848343
47.4706840515 -9.0769300461 -2.8212604523
49.1919708252 -6.8116312027 -2.8185470104
46.1791610718 -5.1869111061 -2.8097791672
49.0932235718 -6.9036102295 -2.8073136806
45.5157775879 -3.5827887058 -2.8072364330
46.4839668274 -0.3962467611 -2.8033044338
48.9578094482 -6.9831347466 -2.7994303703
45.2773666382 -3.4129164219 -2.7912275791
45.2929992676 -4.2197499275 -2.7889027596
48.4785385132 -6.5316486359 -2.7797050476
48.2315292358 -6.5817699432 -2.7705664635
45.0775108337 -5.0055379868 -2.7676358223
48.1829185486 -6.5663881302 -2.7671201229
47.8963203430 -6.1729459763 -2.7659151554
48.0675125122 -6.4791650772 -2.7653808594
48.3382415771 -6.6145567894 -2.7652072906
48.1095848083 -6.6852355003 -2.7627685070
46.6466598511 -2.5401437283 -2.7605004311
47.8764762878 -6.5224080086 -2.7589306831
47.9852294922 -6.5122141838 -2.7552907467
47.7852745056 -6.4009675980 -2.7543001175
47.7735748291 -6.3696794510 -2.7528760433
47.8799858093 -6.3747344017 -2.7496910095
44.8262023926 -5.0039501190 -2.7486281395
47.6672477722 -6.3558602333 -2.7467789650
47.8246154785 -6.4596838951 -2.7453176975
47.8985481262 -6.5789055824 -2.7444751263
45.0705261230 -5.1906385422 -2.7441372871
47.7736854553 -6.3607416153 -2.7435989380
47.8408889771 -6.4463353157 -2.7431886196
45.0537414551 -5.0842261314 -2.7418856621
47.7227516174 -6.2874822617 -2.7413167953
47.7927093506 -6.4638543129 -2.7406201363
47.7183265686 -6.4455037117 -2.7392301559
47.8836250305 -6.7156620026 -2.7376396656
46.5232582092 -2.9139456749 -2.7372293472
47.6164207458 -6.2736186981 -2.7352204323
47.8070526123 -6.5418691635 -2.7348203659
47.5939140320 -6.4962472916 -2.7340562344
47.6166419983 -6.2580041885 -2.7339932919
44.8647842407 -5.3595595360 -2.7311043739
46.5062713623 -3.1675179005 -2.7277383804
47.4721488953 -6.5983762741 -2.7262959480
45.9950561523 -2.1468496323 -2.7237875462
47.8200569153 -8.5915241241 -2.7157311440
47.1686706543 -6.1215476990 -2.7141609192
48.3989677429 -2.7427334785 -2.7140395641
45.9175605774 -2.6489946842 -2.7139999866
45.8723945618 -2.5374226570 -2.7112400532
45.7356185913 -2.7918438911 -2.7057776451
47.7391052246 -8.6833171844 -2.7053089142
48.2219810486 -2.5157229900 -2.7047584057
46.9199485779 -6.0451202393 -2.6960182190
46.8005561829 -5.8893456459 -2.6940219402
46.7801284790 -6.1071329117 -2.6930582523
47.5161361694 -8.7937831879 -2.6927773952
46.8916130066 -6.2173104286 -2.6925368309
46.7919349670 -6.3108215332 -2.6922855377
46.5367317200 -6.1198220253 -2.6849043369
45.5270805359 -3.4183607101 -2.6810023785
46.5886764526 -5.9564929008 -2.6766242981
46.5531578064 -6.1349825859 -2.6742587090
45.6042251587 -3.7481186390 -2.6646299362
46.6783027649 -0.4299972653 -2.6568217278
45.2714118958 -4.1340746880 -2.6442356110
48.5733070374 -6.7853064537 -2.6357746124
48.5635070801 -6.7211194038 -2.6292552948
48.0145492554 -5.8923501968 -2.6262855530
48.4044189453 -6.5918030739 -2.6261260509
48.2078704834 -6.4218502045 -2.6234369278
48.2043762207 -6.5614738464 -2.6227104664
48.1132087708 -6.4394278526 -2.6187596321
48.3509902954 -6.6919889450 -2.6177649498
46.3047256470 -0.9867116809 -2.6176974773
48.2856750488 -6.8394474983 -2.6165583134
44.9621582031 -4.9075331688 -2.6164107323
48.3587303162 -6.7964587212 -2.6133303642
48.1482810974 -6.7272853851 -2.6127893925
48.2257385254 -6.6355090141 -2.6120781898
48.1439514160 -6.7742872238 -2.6103148460
47.8801078796 -6.3063840866 -2.6061210632
46.9580841064 -3.5116341114 -2.6023960114
44.9569778442 -5.4389457703 -2.5997815132
47.7619934082 -6.4403181076 -2.5990755558
47.6325454712 -6.1431136131 -2.5984780788
44.9982299805 -5.0903868675 -2.5982387066
47.8572349548 -6.3398733139 -2.5968666077
44.9726829529 -5.1756329536 -2.5967903137
47.7020225525 -6.4402556419 -2.5963580608
44.9799537659 -5.3692836761 -2.5960323811
44.9596328735 -5.1303944588 -2.5956113338
47.8966445923 -6.3101878166 -2.5955629349
47.7574920654 -6.4340071678 -2.5952684879
44.8347206116 -5.2326788902 -2.5940234661
47.8359794617 -6.3279633522 -2.5924227238
47.5697937012 -6.3389611244 -2.5888433456
47.5610389709 -6.2653312683 -2.5888142586
47.6603927612 -6.4920721054 -2.5858514309
47.4893798828 -6.4123644829 -2.5848348141
47.5588111877 -6.6293292046 -2.5832242966
46.1453933716 -2.5528833866 -2.5823597908
44.8252258301 -5.5119228363 -2.5811498165
47.4270057678 -6.1859169006 -2.5794906616
47.7408027649 -6.6652302742 -2.5794634819
47.3830642700 -6.3984212875 -2.5790734291
46.4664497375 -3.4008469582 -2.5745763779
47.3747062683 -6.5808629990 -2.5697045326
45.8969955444 -2.1136405468 -2.5695073605
47.3060493469 -6.1138668060 -2.5693514347
45.8241653442 -2.5354714394 -2.5644366741
47.2508430481 -6.2877607346 -2.5642817020
47.1996803284 -6.1002330780 -2.5635807514
45.8189735413 -2.6398925781 -2.5631582737
47.4221382141 -6.6208033562 -2.5622491837
47.1445274353 -6.2737727165 -2.5585212708
48.3203964233 -2.4689733982 -2.5572669506
46.8589477539 -6.0998930931 -2.5556232929
45.7376441956 -2.8392839432 -2.5513563156
46.8951416016 -6.1177592278 -2.5506365299
46.9830017090 -6.3432526588 -2.5484271049
46.8352661133 -6.0472097397 -2.5469751358
46.9853897095 -6.2157526016 -2.5463433266
46.8805541992 -6.0593314171 -2.5462679863
46.9665718079 -6.2242736816 -2.5453033447
47.5320701599 -8.5643415451 -2.5408196449
45.5951766968 -3.4153754711 -2.5384979248
46.4866828918 -0.7408431768 -2.4937419891
46.3617439270 -0.6957890987 -2.4872364998
48.6033058167 -6.7506394386 -2.4780154228
45.0497512817 -4.9640288353 -2.4760630131
46.6712608337 -2.0038957596 -2.4756729603
48.3140716553 -6.3579444885 -2.4753444195
48.1730918884 -6.2065653801 -2.4731874466
48.2567253113 -6.5982217789 -2.4702184200
48.1958236694 -6.4929141998 -2.4679377079
45.2995414734 -5.9132852554 -2.4640741348
45.1306648254 -5.0617113113 -2.4638702869
48.2332382202 -6.6934690475 -2.4624915123
48.2845077515 -6.7068524361 -2.4617788792
44.8997612000 -5.0698823929 -2.4607055187
45.0398941040 -5.2014622688 -2.4591841698
45.0625038147 -5.3495516777 -2.4582085609
47.8690338135 -6.2568039894 -2.4564712048
44.9373168945 -5.3509535789 -2.4562437534
44.8794746399 -5.0624518394 -2.4537129402
44.9560127258 -5.3370380402 -2.4524078369
44.9356575012 -5.2979984283 -2.4523413181
46.0245094299 -1.8251510859 -2.4490070343
47.7821769714 -6.2895555496 -2.4481568336
44.8291282654 -5.2855792046 -2.4465367794
47.7876129150 -6.5020895004 -2.4464855194
47.8813552856 -6.5174441338 -2.4458260536
47.6562309265 -6.2298269272 -2.4455859661
44.9239997864 -5.4142603874 -2.4455213547
47.6758003235 -6.2758760452 -2.4427194595
45.3634605408 -0.5431120396 -2.4410798550
47.7750473022 -6.5032024384 -2.4404041767
47.7762222290 -6.2424492836 -2.4401471615
44.8207511902 -5.4631099701 -2.4397690296
47.6595687866 -6.4168586731 -2.4379768372
47.7173728943 -6.5043320656 -2.4377644062
46.4290351868 -3.3117856979 -2.4365708828
46.1492652893 -2.7430617809 -2.4357957840
47.5749435425 -6.4739894867 -2.4356310368
47.7018623352 -6.6211528778 -2.4354135990
46.5221862793 -3.4229023457 -2.4328694344
47.4686050415 -6.4599399567 -2.4302034378
47.5624275208 -6.4747238159 -2.4295599461
45.9959106445 -2.5370697975 -2.4284379482
47.4468879700 -6.3888282776 -2.4271199703
45.9504928589 -2.4913737774 -2.4255518913
45.8150863647 -2.5192420483 -2.4242892265
47.1864776611 -6.1370873451 -2.4217495918
45.8338356018 -2.3417384624 -2.4217157364
45.8434066772 -2.4856519699 -2.4199078083
47.1323814392 -6.3535361290 -2.4136354923
45.7531661987 -2.7106771469 -2.4136250019
46.9630928040 -5.9493374825 -2.4102523327
45.7646064758 -2.7556250095 -2.4094994068
45.7652511597 -2.8629872799 -2.4084155560
47.1265373230 -6.3611130714 -2.4077167511
46.8599891663 -5.8893194199 -2.4068942070
46.8693389893 -5.9614639282 -2.4066505432
46.1398506165 -3.7363791466 -2.4062433243
45.7160034180 -2.8368515968 -2.4055144787
47.0795249939 -6.4188899994 -2.4052326679
46.9498519897 -6.0576844215 -2.4045319557
47.0147590637 -6.2252225876 -2.4028854370
45.7141685486 -2.9991908073 -2.4009561539
46.8889312744 -6.1705393791 -2.3974657059
46.9226722717 -6.1309843063 -2.3965547085
45.6505813599 -3.4199953079 -2.3961608410
47.5836410522 -8.3227539062 -2.3945629597
45.6052703857 -3.2823596001 -2.3943812847
46.8336944580 -6.2287683487 -2.3936843872
45.5254440308 -3.3640763760 -2.3898847103
45.6477165222 -3.5821304321 -2.3851583004
45.7323379517 -3.8470423222 -2.3831846714
46.5146522522 -6.1868286133 -2.3773958683
47.5298004150 -2.0570461750 -2.3716554642
45.5318107605 -4.2302050591 -2.3693478107
45.2966423035 -4.0212798119 -2.3596100807
46.4558029175 -0.4502131641 -2.3535487652
45.3211898804 -4.3753862381 -2.3529565334
48.6230697632 -6.5559492111 -2.3301155567
45.0165367126 -5.0327043533 -2.3256423473
45.1329307556 -5.1120734215 -2.3255202770
48.5609741211 -6.6725673676 -2.3235788345
48.5758666992 -6.6342754364 -2.3227655888
45.0798797607 -5.1921982765 -2.3213579655
48.3273506165 -6.5690793991 -2.3187487125
45.0318489075 -5.0468554497 -2.3177950382
45.0500068665 -5.3074769974 -2.3165605068
48.2361412048 -6.4468536377 -2.3161301613
48.2502822876 -6.5035390854 -2.3161101341
48.3492660522 -6.5257463455 -2.3154547215
48.3040390015 -6.5135283470 -2.3148360252
48.3145713806 -6.5711927414 -2.3146307468
46.1772766113 -8.3555374146 -2.3145353794
45.1128654480 -5.5616459846 -2.3138358593
44.9411468506 -5.1863350868 -2.3124527931
44.7369918823 -4.8268766403 -2.3113849163
44.9425544739 -5.4433398247 -2.3087091446
44.8854942322 -5.3818440437 -2.3028981686
44.8674774170 -5.4203186035 -2.3021519184
47.8687820435 -6.2341198921 -2.2994847298
47.7706260681 -6.2400856018 -2.2978138924
47.7088813782 -6.1368036270 -2.2961156368
47.7265014648 -6.2010326385 -2.2960879803
47.6024360657 -6.1234893799 -2.2909998894
47.7042770386 -6.3776607513 -2.2906243801
46.0011291504 -2.2171072960 -2.2901089191
45.8388938904 -1.9937809706 -2.2899796963
47.7723579407 -6.4428257942 -2.2893717289
46.3782196045 -3.1441936493 -2.2892000675
47.5578079224 -6.2131233215 -2.2875926495
46.0284385681 -2.4966347218 -2.2869625092
47.6413040161 -6.3229393959 -2.2866415977
47.8404006958 -6.7374286652 -2.2865774632
47.4959945679 -6.1101737022 -2.2858841419
47.5978927612 -6.3638253212 -2.2855226994
46.3296966553 -3.3011806011 -2.2847211361
47.6660194397 -6.4286851883 -2.2842788696
47.5191268921 -6.2327857018 -2.2842435837
47.5968551636 -6.4494533539 -2.2818515301
45.8822555542 -2.5161569118 -2.2810707092
45.8827247620 -2.4429121017 -2.2809524536
47.4709434509 -6.2453384399 -2.2806198597
47.6211051941 -6.5910878181 -2.2804267406
47.4915351868 -6.3499865532 -2.2804222107
45.8988761902 -2.4011042118 -2.2802736759
47.4797630310 -6.3188285828 -2.2799899578
47.5596961975 -6.4145445824 -2.2791864872
45.8646125793 -2.3784606457 -2.2786347866
47.4905204773 -6.4353346825 -2.2767584324
47.4209060669 -6.3673896790 -2.2765085697
47.4533500671 -6.4004049301 -2.2740931511
47.3063125610 -6.2056307793 -2.2740268707
47.4639778137 -6.4573259354 -2.2739088535
47.2385253906 -6.1726760864 -2.2722582817
47.2879409790 -6.1512875557 -2.2714757919
47.3484191895 -6.3716468811 -2.2711305618
47.2303733826 -6.1524133682 -2.2688410282
47.2157783508 -6.2675776482 -2.2662355900
47.1517601013 -6.2043261528 -2.2653026581
47.2116355896 -6.3653984070 -2.2621564865
47.0069389343 -5.9953641891 -2.2615735531
47.1094169617 -6.2537360191 -2.2611351013
47.1357154846 -6.3436312675 -2.2609376907
47.1791114807 -6.4846086502 -2.2574851513
47.1982460022 -6.5255985260 -2.2574536800
47.0028038025 -6.0668096542 -2.2569093704
46.9686965942 -6.1104335785 -2.2561521530
46.9477767944 -6.2396373749 -2.2512059212
45.6262550354 -3.3443005085 -2.2495553493
46.7899856567 -6.0395684242 -2.2466940880
46.7902641296 -6.2122125626 -2.2458302975
45.6240425110 -3.3690249920 -2.2454206944
45.6196365356 -3.6397421360 -2.2433574200
46.5045814514 -5.7277135849 -2.2388482094
45.5703544617 -3.6103448868 -2.2371118069
47.5250282288 -8.4776487350 -2.2346942425
46.5299949646 -6.1222772598 -2.2301826477
47.0628814697 -8.2290964127 -2.2174470425
45.2600021362 -4.5834932327 -2.2011158466
45.2163352966 -4.9362792969 -2.1884887218
45.2144851685 -5.0921783447 -2.1873137951
45.0708160400 -5.2724866867 -2.1739354134
44.8269462585 -5.5070080757 -2.1565713882
48.2762222290 -6.7720780373 -2.1539213657
46.5074806213 -3.1972348690 -2.1483948231
46.3436546326 -3.1911201477 -2.1408519745
46.3689880371 -3.3802888393 -2.1383504868
45.9034957886 -2.4498455524 -2.1369049549
45.8876380920 -2.4779396057 -2.1343226433
45.9133224487 -2.7586305141 -2.1300790310
45.7671165466 -2.6519770622 -2.1257896423
45.8364295959 -2.8655591011 -2.1252455711
45.7077789307 -2.6196980476 -2.1240568161
47.3925971985 -6.3328995705 -2.1237418652
46.1224136353 -3.4386260509 -2.1237363815
47.3295783997 -6.3139672279 -2.1188056469
47.2540626526 -6.3610506058 -2.1165943146
47.2480087280 -6.3689246178 -2.1146504879
47.1680335999 -6.2741980553 -2.1140999794
45.7118797302 -3.1316440105 -2.1135137081
45.6396522522 -3.4624967575 -2.1027331352
46.9039840698 -6.2228608131 -2.1020076275
46.9886817932 -6.4133806229 -2.0999228954
47.0468368530 -6.5931401253 -2.0991156101
45.6302223206 -3.7336702347 -2.0953605175
45.5606422424 -3.7136187553 -2.0916478634
45.3995552063 -4.3254299164 -2.0706768036
45.3188819885 -4.5000014305 -2.0629413128
48.6464920044 -6.6080794334 -2.0605630875
46.0442008972 -1.5135366917 -2.0543177128
46.2284851074 -2.4738435745 -2.0416109562
44.9711494446 -5.2570147514 -2.0288267136
44.9405479431 -5.4974212646 -2.0239126682
45.8006591797 -2.7362933159 -2.0164585114
47.3389053345 -6.0295820236 -2.0139687061
47.2359085083 -6.0777635574 -2.0082423687
47.2708129883 -6.2123069763 -2.0068738461
47.3305206299 -6.3739204407 -2.0060362816
47.2283744812 -6.2974343300 -2.0030829906
47.0929832458 -6.3445982933 -1.9959101677
46.7832450867 -5.9394826889 -1.9907526970
45.5951957703 -3.7127213478 -1.9857279062
46.8874740601 -6.3964815140 -1.9854550362
45.5089302063 -3.6219367981 -1.9838080406
46.6485939026 -6.1307525635 -1.9804528952
45.5443649292 -3.8702175617 -1.9799690247
45.4456520081 -3.7548851967 -1.9780234098
46.5879936218 -6.1480827332 -1.9773254395
45.4800376892 -4.0209689140 -1.9737464190
45.3271598816 -4.3159937859 -1.9603447914
45.0341720581 -5.2294955254 -1.9270262718
46.0058593750 -2.3871767521 -1.9239168167
44.9910507202 -5.4406623840 -1.9204399586
46.1121139526 -2.7649435997 -1.9198546410
45.8841209412 -2.6532399654 -1.9128117561
47.3206825256 -6.0028448105 -1.9002362490
45.7821388245 -3.1022970676 -1.8978402615
46.2889785767 -4.2265124321 -1.8978192806
47.3185615540 -6.1390867233 -1.8966530561
47.3738098145 -6.3930821419 -1.8934792280
47.3255577087 -6.4598317146 -1.8896862268
47.1890869141 -6.3848299980 -1.8866404295
45.4707908630 -3.9683873653 -1.8669742346
46.9038429260 -8.2338085175 -1.8331559896
44.8892021179 -5.4256267548 -1.8096436262
48.4788932800 -6.6463942528 -1.7843991518
47.2324714661 -6.0167212486 -1.7446100712
46.9241218567 -5.9706325531 -1.7351334095
46.7688179016 -6.2425928116 -1.7265609503
49.0827713013 14.1918745041 -0.9900736213
49.9124145508 14.4247236252 -1.0074423552
50.7446784973 14.6598501205 -0.8569135666
52.1223144531 12.7142267227 -2.0013856888
53.3661956787 11.1213922501 -2.0128364563
56.6647415161 12.1394758224 -2.3288295269
57.5077209473 12.3155822754 -2.3635704517
57.6390113831 15.3500099182 -2.9498505592
59.5270347595 -19.7912750244 7.6547279358
60.3614273071 -20.0690040588 7.5547537804
61.1957397461 -20.3469104767 7.4494166374
62.0105514526 -20.6109943390 7.5452494621
74.0121459961 -13.1431789398 -3.2453951836
74.7697067261 -13.7372808456 -3.5089204311
75.6043777466 -13.8948040009 -3.7908504009
85.5283203125 1.5899189711 2.6184310913
86.3653488159 2.6187834740 2.6225798130
87.2264785767 2.6445696354 2.6476354599
88.0876235962 2.6703572273 2.6726903915
101.9325790405 -0.2116662115 -2.1347622871
117.8818969727 -10.3100881577 0.6298445463
119.6770553589 -9.5261554718 0.6139707565
120.4563827515 -10.5224475861 1.0203766823
123.0982818604 -9.8539581299 -1.6887924671
144.0662994385 -32.2043418884 -2.2471261024
145.1316833496 -31.2859554291 -3.2234938145
152.2877349854 -34.9442443848 -1.9867388010
153.1370697021 -35.1213645935 -1.5077711344
156.4897766113 -35.8987007141 -2.0428943634
48.2082672119 14.3635606766 0.2604486346
49.0052299500 14.5748577118 -1.9308993816
49.8326072693 14.8139877319 -1.9636465311
50.8792343140 14.3572330475 -1.4866994619
51.8029022217 14.1626968384 -2.1894798279
55.8817481995 11.9732246399 -2.2970242500
56.7247123718 12.1494817734 -2.3317680359
57.5803375244 12.3330259323 -1.9936116934
59.5943908691 -19.7808456421 7.6514453888
60.4087219238 -20.0444355011 7.7525668144
61.2073898315 -20.2972373962 8.0064477921
61.8563880920 -21.0461196899 8.1276845932
73.9864578247 -13.5717535019 -3.4723696709
74.8455734253 -13.7190208435 -3.2725522518
75.6931228638 -13.8713254929 -3.3096392155
76.5491333008 -14.0196390152 -3.1630368233
86.4394607544 2.1274545193 2.6299958229
87.2945938110 2.6544370651 2.3701655865
88.1893463135 -1.8100979328 1.9356821775
101.9346542358 -0.2358752638 -4.0557675362
102.7958755493 -0.2377435565 -4.0901017189
105.3702316284 3.9209802151 -2.0503849983
106.2060317993 4.5746293068 -2.0799300671
119.5975952148 -11.1260614395 1.0285304785
120.4558105469 -11.2048921585 1.0353699923
121.0292892456 -10.5782165527 1.0396449566
122.0770721436 -12.1615190506 -2.2895822525
123.0036239624 -11.5271558762 -2.3248198032
127.6614990234 -6.8271169662 2.8632280827
128.5219879150 -6.8725547791 2.8818876743
129.5318756104 -3.4049971104 2.4118733406
143.2926483154 -31.9931735992 -2.2373650074
144.0975799561 -32.2151947021 -3.6332516670
144.9238281250 -32.4128265381 -4.1180644035
152.3370971680 -34.9407501221 -2.8435602188
153.1965484619 -35.1083221436 -2.0016591549
156.2674255371 -37.0976333618 -2.3827276230
157.1063690186 -37.2949066162 -2.3957536221
49.8649444580 -6.7672805786 -2.1123125553
48.9756011963 14.8839645386 -1.9363355637
49.8906974792 14.8317699432 -1.9666701555
55.8359298706 12.4310712814 -2.4864759445
56.7754936218 12.1658964157 -2.5185863972
57.6043472290 12.3354187012 -2.8821620941
58.3202629089 12.9610929489 -3.4494574070
59.4913597107 -20.2161445618 7.8139939308
60.3035202026 -20.4855270386 7.9173188210
67.1501388550 -0.6909710765 7.9205889702
74.0274353027 -13.5552120209 -3.9496536255
75.5975112915 -14.4587421417 -4.2638945580
77.2890853882 -14.7762470245 -4.3589763641
78.1348953247 -14.9349994659 -4.4065189362
85.6486434937 -1.0342345238 2.9393086433
86.5001144409 2.6536250114 2.0726380348
87.3673934937 2.6742889881 1.8179185390
88.2481231689 2.1779839993 1.5685449839
102.8885192871 -0.7828966975 -3.1135518551
104.0491180420 -11.1653928757 -1.9284310341
105.4297027588 3.9581120014 -2.0538957119
106.2966156006 3.9970827103 -1.7378748655
119.6643676758 -11.1037912369 0.2732236981
120.5857925415 -10.4786891937 0.2564265430
129.6092987061 -3.3879933357 1.1929780245
142.3598480225 -32.5527496338 -0.9488926530
143.3883666992 -31.9074974060 -0.9816548824
144.2230224609 -32.1061325073 -1.4486351013
141.6261291504 -44.9172897339 -3.6943039894
142.4481964111 -45.1753730774 -3.7159054279
152.4229736328 -34.8741035461 -2.3606126308
153.2873535156 -35.0266342163 -1.0258023739
156.6558074951 -35.7730865479 -0.5485882163
157.4964599609 -35.9632987976 -0.5518421531
48.1148071289 15.0827455521 0.2489124835
48.8011436462 12.6872100830 0.2703356445
49.0588531494 14.9468955994 0.2551097870
50.8984832764 14.7112493515 -1.6634517908
52.1218452454 13.5079603195 -1.6771787405
53.1418838501 12.9856786728 -1.6966235638
53.9798088074 13.1856508255 -1.7236526012
56.8353767395 12.2102012634 -2.3381168842
57.6847419739 12.3910360336 -2.1864309311
59.6038513184 -20.1986351013 7.4623227119
60.3966140747 -20.4535923004 7.7620892525
61.4116134644 -20.2711219788 7.4379673004
66.4315338135 -1.1731729507 7.0454792976
67.2970886230 -0.6624177694 7.1220178604
68.1580352783 -0.2714972198 7.2013921738
68.8220596313 -0.2361789346 8.9720287323
69.5301284790 7.4757757187 6.7848033905
70.2478637695 7.9830198288 7.7498545647
74.1232604980 -13.4929132462 -3.4803009033
74.9707489014 -13.6443843842 -3.5200724602
75.8182754517 -13.7958555222 -3.5598454475
76.6658248901 -13.9473266602 -3.5996193886
84.6768035889 -5.4296603203 3.0124475956
85.4906082153 -6.1510009766 3.0586962700
86.5280227661 3.3953943253 2.3266682625
87.4127502441 2.7468881607 2.3627810478
102.6256027222 -8.1418724060 -3.2631528378
104.6493988037 3.1785809994 -2.2702429295
105.4820404053 4.0273485184 -2.3059253693
106.3430557251 4.0599222183 -2.3249928951
118.1499099731 -9.2739372253 -0.5169560909
119.1249923706 -7.7188048363 -0.5619170070
119.7265472412 -11.0483293533 -0.8588806987
120.6474990845 -10.4225215912 -0.8836723566
121.4838790894 -10.5307989120 -2.3191370964
122.3424377441 -10.6043577194 -2.3357653618
123.2010192871 -10.6779155731 -2.3523948193
128.6751403809 -6.7847437859 0.9619584680
129.6738433838 -3.3038651943 0.8843557835
130.5242614746 -3.2993645668 2.0109820366
131.3858337402 -3.3208510876 2.0237398148
143.2695312500 -32.6683158875 -1.8773180246
144.2986297607 -32.0174980164 -1.9155642986
142.2041015625 -46.1705703735 -3.2159776688
143.0244293213 -46.4343223572 -3.2347071171
152.4974670410 -34.7799568176 -2.8543574810
153.3659515381 -34.9329147339 -1.5222812891
162.6134796143 -37.0205955505 -1.6168807745
48.9280929565 12.4243412018 -0.4895069897
49.8514137268 12.2269763947 -1.2666404247
50.0134658813 14.9144544601 -1.3122473955
53.1836853027 13.0172328949 -2.0461423397
54.0150718689 13.2142486572 -2.2542922497
56.8810348511 12.2469902039 -2.5251498222
57.7373580933 12.4321784973 -2.1897187233
59.1938209534 -19.1191616058 6.7414159775
59.8950729370 -19.7291851044 6.8447022438
60.3306922913 -20.8974437714 7.5743169785
61.1213493347 -21.1576690674 7.8769330978
68.7995758057 5.5654892921 7.7661933899
69.5746765137 6.9870109558 7.4509983063
70.4347229004 8.0245809555 6.4093523026
70.7120513916 -13.3873796463 -3.0824153423
71.6386184692 -12.9923753738 -3.5941481590
74.1934967041 -13.4402666092 -3.4846401215
75.0410766602 -13.5911436081 -3.5244286060
75.9006652832 -13.7368717194 -3.3219976425
78.2775497437 -14.8239765167 -4.4154210091
86.6189498901 -2.6298377514 2.1831290722
87.4925231934 2.2915458679 2.0949249268
88.9950332642 6.5147023201 2.6118981838
101.0576019287 -7.3100833893 -1.7219583988
103.5356292725 -8.8912820816 -1.0806211233
104.2830123901 -10.1836853027 -1.0581407547
105.1408615112 -10.2663841248 -1.0671994686
118.2192306519 -9.1720819473 0.2190004140
119.1296539307 -8.5525999069 -0.1704840213
119.8561630249 -10.2648220062 -0.8819414973
120.7200698853 -10.3184709549 -0.1318172365
121.5163040161 -11.0999622345 -0.1147554740
122.3746871948 -11.1774997711 -0.1159503087
129.7466430664 -2.4404363632 1.5710451603
130.6008911133 2.6243200302 1.8775877953
131.4625244141 2.6415503025 1.8894933462
134.2994689941 13.1585960388 1.3146098852
135.1926422119 12.4887542725 3.4549546242
144.3906555176 -31.9030818939 -1.4606884718
141.2237243652 -46.6190948486 -2.7100265026
142.2492218018 -46.1053810120 -4.6206007004
151.6995544434 -34.5203552246 -4.2989649773
152.5830993652 -34.6726760864 -2.8605926037
153.4591522217 -34.8109970093 -1.0383206606
160.7217407227 -37.7910881042 -2.0798363686
48.8120727539 13.1135845184 -0.0193962287
49.3732109070 14.3084526062 -0.0296892282
50.0346908569 14.9022951126 -2.4711647034
50.9794960022 14.7406549454 -2.5084526539
52.3016700745 13.2390842438 -2.0210285187
53.2530021667 13.0331277847 -1.7027020454
54.0907440186 13.2338285446 -1.7297387123
56.1674194336 11.7476987839 -2.4865167141
56.9393463135 12.2571258545 -2.5280158520
57.7679176331 12.4279718399 -2.8916077614
57.9174041748 15.4735488892 -2.9651815891
58.8122291565 -20.3649082184 6.9815268517
59.5511016846 -20.5871200562 7.8194217682
60.3405914307 -20.8467082977 8.1238851547
61.1288986206 -21.1057014465 8.4335594177
67.4169006348 -0.6030006409 7.1152825356
68.2992401123 -0.2162048370 6.9798932076
69.0430603027 5.5569825172 5.8598461151
69.7595748901 6.9884271622 6.1267256737
70.5313873291 8.0337314606 5.9602909088
74.2435226440 -13.4320106506 -3.7246236801
75.1035461426 -13.5778312683 -3.5275526047
75.9512100220 -13.7285633087 -3.5673480034
86.6958923340 2.2789738178 1.8003575802
86.6986312866 -2.1143043041 1.8965880871
87.5624542236 2.2958655357 1.5430340767
108.5580520630 -17.3253421783 -4.2835035324
109.4231185913 -17.4517517090 -3.9709818363
110.4065780640 -16.7259998322 -4.0268158913
118.2794036865 -9.1606254578 -0.1546213180
119.9989471436 -9.2827787399 0.2181157172
121.6400985718 -10.3696584702 -0.1363851428
122.4989318848 -10.4420909882 -0.1377125233
129.8011474609 -2.4083130360 1.9728753567
130.6596374512 2.6472702026 1.8744207621
131.5212860107 2.6646502018 1.8863232136
134.3513946533 13.1890649796 1.7325800657
135.2091827393 13.2726154327 1.7432059050
142.2942810059 -33.4933967590 -3.0924777985
143.3900756836 -32.5760116577 -3.1469321251
144.2306823730 -32.7653312683 -3.1655445099
141.5336151123 -45.7943649292 -3.6708734035
142.3693237305 -46.0453758240 -3.2262141705
143.1744995117 -46.3205947876 -3.7137081623
151.7819366455 -34.4816322327 -3.8178346157
152.3769073486 -35.8301239014 -2.8258593082
153.2161254883 -36.0258560181 -2.8415997028
161.6284332275 -37.9584465027 -2.0945882797
162.4771881104 -38.1393737793 -1.5861642361
49.3990097046 14.3203601837 -1.7803759575
50.1112327576 14.9510135651 -1.8138203621
51.0509147644 14.7872066498 -2.0082850456
52.2802391052 13.5887832642 -1.8569256067
53.1900405884 13.4840869904 -2.0566697121
56.0592727661 12.5644836426 -2.3180403709
56.9991111755 12.3014993668 -2.3475425243
57.8344230652 12.4761438370 -2.5687289238
59.7253494263 -20.0355358124 8.3921976089
60.5595626831 -20.3173980713 8.3025741577
61.4150962830 -20.6141319275 8.0039806366
66.5584945679 -0.5350848436 7.5988874435
67.4150466919 -0.5417081118 7.6944355965
68.2224502563 -0.5382220149 8.2188940048
69.6551513672 7.5892696381 7.2150764465
70.4624633789 8.0923156738 7.2944235802
73.3612442017 -13.8042163849 -3.6691210270
74.3377609253 -13.3693504333 -3.2551970482
75.1856079102 -13.5194339752 -3.2923460007
76.0335235596 -13.6695127487 -3.3294982910
76.8814086914 -13.8195934296 -3.3666493893
77.6540908813 -18.4158267975 -4.0575137138
78.4922866821 -18.6116199493 -4.1012296677
85.8727111816 2.3333296776 2.5865128040
86.7483596802 2.3456602097 2.0681378841
89.1740112305 5.3873629570 3.1174566746
105.7501144409 -0.5252079964 -1.6392654181
108.6450195312 -17.2409400940 -3.9449994564
108.0191497803 -20.8281536102 -3.8379480839
109.3674697876 -18.0274639130 -4.5630254745
118.3409347534 -9.0957441330 -0.9002593756
119.2034454346 -9.1518640518 -0.5340437889
120.7852096558 -10.9258470535 -0.5001403093
122.4156875610 -11.8315916061 -2.0240097046
129.8399353027 -2.2890071869 3.1830527782
130.6855163574 -3.0641026497 3.2210547924
134.4077453613 13.2766466141 1.3071122169
141.8153076172 -32.0736045837 -2.2099876404
142.6561889648 -32.2622070312 -2.2232916355
143.5041351318 -32.4413795471 -1.8929312229
144.3013610840 -32.6755752563 -3.6323933601
141.6119384766 -45.7062568665 -4.1407380104
142.4644012451 -45.9451560974 -3.2327229977
143.2348327637 -46.2427597046 -4.6576013565
150.7960357666 -35.3196372986 -2.3184454441
151.9058837891 -34.3367843628 -2.3696365356
152.4986572266 -35.6718177795 -1.0039141178
163.7101135254 -36.9214668274 -0.5977272987
48.5369834900 14.5321235657 -1.5984971523
49.4785842896 14.3853712082 -1.6226221323
50.2908630371 14.6123142242 -2.1454687119
50.9939384460 15.2468013763 -2.3520629406
52.5332221985 12.9294662476 -2.0247356892
53.1100273132 13.1318130493 -1.8718460798
56.2896270752 11.8544521332 -2.6758890152
57.1474151611 12.0366125107 -2.3484566212
57.9973144531 12.2149362564 -2.1967396736
69.7584915161 7.6742219925 6.9893627167
70.3511734009 7.7637643814 7.0848693848
74.4208526611 -13.2866239548 -3.7358520031
75.2686538696 -13.4357776642 -3.7783575058
76.8419876099 -14.3404083252 -4.0900616646
78.5050735474 -14.6615438461 -4.6801514626
104.9732208252 -0.3984540403 -1.9603341818
105.8349304199 -0.4016002417 -1.9766489267
106.6877441406 -1.0326807499 -2.2289276123
117.5159149170 -9.7609710693 0.5930399299
118.3734054565 -9.8219938278 0.9673923254
121.1108398438 -16.5103321075 -0.3590682447
122.6058731079 -10.9282875061 -0.5159220695
134.2980194092 12.6570816040 1.3256756067
135.1271667480 12.7645874023 3.0285530090
143.3810729980 -33.3778152466 -1.8668134212
144.5014038086 -32.3984298706 -0.0704424605
142.3132171631 -46.6226997375 -4.1450929642
151.7590026855 -35.3408050537 -2.8265914917
152.6264953613 -35.4979362488 -1.5017166138
160.1748962402 -37.2575950623 -2.0894284248
160.8038482666 -38.3725776672 -1.5558885336
161.6330871582 -38.5859832764 -2.0810358524
162.4716796875 -38.7848205566 -2.0920102596
48.6468925476 14.2507381439 -0.5168152452
49.4505081177 14.4701166153 -1.7859952450
50.2784996033 14.7075338364 -1.8160637617
52.4099044800 13.4349994659 -2.0302324295
53.2451477051 13.6451129913 -2.0626997948
54.6208305359 15.1379985809 -2.3166084290
56.2886314392 11.9615526199 -2.3152153492
57.1316223145 12.1376399994 -2.3499562740
57.9674453735 12.3099021912 -2.5711138248
58.1992263794 15.2867383957 0.6718346477
59.0336914062 15.5022230148 0.6806242466
69.8534927368 7.2505745888 6.5557217598
70.6487960815 7.8876476288 6.6247491837
73.4501724243 -14.0005006790 -3.0229585171
74.3456192017 -13.7372961044 -3.7225570679
76.0119628906 -14.0553445816 -4.2915320396
77.6346740723 -14.8146429062 -4.1256074905
102.0469207764 -8.3792819977 -2.2810101509
103.6815567017 -9.6995086670 -1.0695106983
104.9859313965 -0.8192415237 -1.6235224009
105.8524246216 -0.8184833527 -1.3066745996
106.7048568726 -1.6546639204 -1.2989624739
108.5671691895 -18.3875331879 -3.5720305443
109.5569686890 -17.6779785156 -3.6251275539
117.5390548706 -9.5829286575 -0.5158388615
118.4000625610 -9.6429624557 -0.1495128721
119.2005538940 -10.4065160751 -0.1330379248
120.0600585938 -10.4711198807 0.2414083034
122.5713424683 -11.3972473145 0.6478501558
133.6920928955 12.8017950058 0.5690415502
134.5388031006 12.9027462006 1.7303633690
135.3967895508 12.9844875336 1.7410200834
143.7164916992 -31.9732131958 -0.5362884998
144.5581512451 -32.1590499878 -0.5396838784
141.6058197021 -46.0844726562 -3.2034192085
145.0793151855 -33.5575675964 -3.6356418133
142.4258117676 -46.3492584229 -3.2221102715
151.7975311279 -35.0998802185 -3.8049821854
154.3168792725 -35.6782531738 -3.8684854507
159.7198638916 -39.1582298279 -2.4113271236
160.5652770996 -39.3513641357 -2.0385215282
161.4026184082 -39.5551986694 -2.0493302345
48.4152793884 12.5128154755 0.5600757599
49.5528984070 14.5431270599 -3.0132710934
50.3881759644 14.7856569290 -2.8983254433
51.4562873840 14.3389568329 -2.0168325901
52.5631217957 13.5393266678 -2.0394668579
53.3851242065 13.7441806793 -2.4181749821
54.0226402283 14.6980571747 -2.4633283615
55.5344161987 12.2254629135 -2.1153352261
56.2143554688 12.0738830566 -2.1328287125
57.0571060181 12.2516441345 -2.1649270058
57.8860473633 12.4218788147 -2.5698792934
69.7167587280 7.3893141747 7.2166690826
70.8439025879 7.4782977104 6.8468852043
73.6996688843 -13.4381942749 -3.6924920082
74.5592727661 -13.5858774185 -3.4980294704
75.9260482788 -14.3448419571 -3.7955636978
78.6844940186 -14.8193168640 -4.1831092834
101.1571350098 -8.1015415192 -1.7091125250
103.6450271606 -9.4918804169 -0.7469795942
109.5873565674 -18.3377723694 -4.5661892891
117.5009078979 -9.3289670944 0.5842454433
118.3032913208 -10.0856990814 0.6058181524
119.1008911133 -10.8520002365 0.6278178096
120.0209579468 -10.2306241989 0.6138297319
134.4553070068 13.1611347198 1.7284816504
135.3877868652 12.4573488235 1.7529890537
144.5074005127 -33.0603103638 -2.7099704742
141.9061126709 -45.7834129333 -2.2949738503
142.7267761230 -46.0464744568 -2.3083965778
143.1846771240 -47.4208374023 -2.2809994221
150.9666900635 -35.5156288147 -4.7369828224
151.8771362305 -35.6496772766 -2.3395383358
160.2695465088 -37.6078681946 -2.4702510834
161.1261749268 -37.7784996033 -1.5835313797
161.9560699463 -37.9888076782 -2.1087768078
162.4953765869 -39.4440078735 -2.0786268711
49.3755645752 12.1052532196 -2.2238011360
49.5764312744 14.6561336517 -2.2841837406
50.5078201294 14.6092834473 -1.8243057728
51.4512710571 14.4422636032 -1.8507386446
52.5538635254 13.6416625977 -2.0412917137
53.3939437866 13.8582124710 -1.9006497860
56.5351715088 11.7446088791 -2.1401519775
57.2836723328 12.3660411835 -2.1777079105
58.1321220398 12.5489959717 -2.0233647823
67.6748886108 -0.5968359709 7.8947334290
68.3320236206 5.1037530899 8.0901851654
70.6940536499 8.1687631607 7.7255516052
73.8541793823 -12.7144975662 -3.4805033207
74.6128540039 -13.4361820221 -3.2662031651
75.3804168701 -14.0281867981 -3.2900199890
76.2153778076 -14.1890792847 -3.5692245960
78.6424179077 -15.1269283295 -4.1744546890
87.0323257446 1.7723019123 2.6109063625
104.6351089478 -10.7695064545 -0.0770768896
117.7643432617 -9.1083297729 0.1995381117
118.6237030029 -9.1742553711 0.2007104754
128.1799621582 -8.1039810181 2.4682021141
134.7367248535 12.6550073624 2.5685722828
141.6430511475 -46.6218986511 -2.7289757729
142.4328918457 -46.9144706726 -3.6770687103
142.8979797363 -48.2795677185 -3.1885032654
152.1645050049 -34.4733543396 -2.3783659935
152.8017425537 -35.5510253906 -2.3629381657
153.6168365479 -35.7713356018 -3.3563525677
154.6620941162 -35.0675582886 -3.4038312435
160.9348754883 -38.6846160889 -0.5252972245
161.5447540283 -39.8233833313 -0.4972847104
162.9136352539 -37.8099937439 -0.0527216308
163.7533874512 -38.0038337708 -0.0531883352
48.7847137451 14.1562614441 -3.2828769684
49.6117782593 14.3923873901 -3.3382296562
50.4388389587 14.6285095215 -3.3935823441
51.2046928406 15.1785469055 -2.9486317635
52.6329040527 13.2693948746 -2.8053669930
53.4507522583 13.4688625336 -3.1957862377
54.3228683472 13.6938848495 -2.4549157619
56.4418029785 12.2429361343 -2.3283309937
57.2768478394 12.4193840027 -2.5468759537
58.2022857666 12.1375789642 -2.9049317837
59.7451553345 -19.9932193756 4.6290316582
66.9564666748 -1.3264926672 6.6077418327
67.7875671387 -2.2632529736 6.7123074532
68.4611892700 5.1647529602 7.0684180260
70.0469970703 7.5944895744 6.3199505806
70.8803405762 7.6877942085 6.6186347008
73.6973571777 -13.6485462189 -3.6877737045
75.4707565308 -13.5172615051 -3.7857329845
76.2622070312 -14.1033058167 -3.3303520679
77.7868499756 -14.8978729248 -4.8752303123
86.1919174194 1.8455883265 2.5827381611
87.0447463989 1.8694964647 2.8796520233
87.9145431519 1.8823486567 2.6331579685
103.7920837402 -10.6139411926 -1.7054189444
117.7413864136 -9.6594848633 0.5805919170
118.6004180908 -9.7294015884 0.5845329165
120.2589797974 -10.5682182312 0.6104426980
121.1171188354 -10.6626491547 -0.1422696114
133.9153137207 12.6682043076 -0.2752492130
134.7734222412 12.7489633560 -0.2772370279
141.2789764404 -47.6173934937 -4.5481209755
143.1586608887 -48.1385765076 -3.6731169224
153.6584472656 -35.6223106384 -3.8525376320
159.9159698486 -39.2752799988 -1.5211882591
160.7531890869 -39.4797973633 -1.5293072462
161.5728912354 -39.7098693848 -2.4418740273
48.9359817505 13.8474130630 -3.4430797100
52.0558891296 12.4495153427 -2.0025768280
52.7870559692 13.0572557449 -2.2098536491
53.5445556641 13.5757493973 -2.2482285500
55.3032569885 13.6732997894 -2.1366097927
56.5954742432 11.8953409195 -2.1461918354
57.4387817383 12.0704269409 -2.1782565117
58.4084968567 11.5543804169 -2.5745394230
58.4315757751 15.2830410004 -2.6526932716
59.4483528137 -19.7449378967 7.1344895363
60.2623252869 -20.0116233826 7.2304177284
70.0242843628 8.2500782013 6.5260572433
70.9166793823 8.3467397690 6.1582422256
73.8671493530 -13.0991754532 -3.7075202465
74.6491470337 -13.6794595718 -3.5000517368
75.5081024170 -13.8279523849 -3.3002004623
76.3718566895 -13.9735126495 -2.9738521576
78.7728652954 -14.9180631638 -4.1849498749
85.3282852173 4.2694492340 1.9716500044
86.2329483032 2.6564710140 2.8318724632
87.1117401123 2.0077328682 2.8735828400
87.9729690552 2.0275168419 2.9014265537
88.6010360718 6.6929302216 3.0454802513
89.4053192139 7.4503984451 3.0617227554
101.4147186279 -8.8365621567 -2.5778841972
102.2299957275 -8.9400386810 -3.8782548904
117.7695617676 -10.1571025848 0.5902283788
118.6283264160 -10.2306308746 0.5942606926
119.5450439453 -9.6100416183 0.5804418921
120.3461608887 -10.3874206543 0.2266016006
121.1200714111 -11.3992996216 0.2523949742
121.9773635864 -11.4893989563 -0.1271173060
123.6085281372 -12.4075050354 -1.6559203863
128.1818695068 -9.5128717422 2.0994129181
134.8194427490 12.9822721481 0.8738371134
143.7660369873 -33.0007095337 -0.9748010039
141.4774475098 -47.3584480286 -3.1696579456
142.2630767822 -47.6544189453 -4.1201920509
143.0971984863 -47.9148902893 -3.6752364635
152.9850158691 -35.1483726501 -2.3800783157
153.8250885010 -35.3403930664 -2.3932704926
160.0638885498 -38.9920349121 -0.5097535253
160.8873748779 -39.2254791260 -1.5409687757
161.6952362061 -39.4682617188 -2.9703743458
51.8103027344 13.8928060532 -1.8549652100
52.8196067810 13.3867254257 -2.2185554504
53.6549606323 13.5960321426 -2.2536787987
56.7101364136 11.9201440811 -1.9704582691
57.4571380615 12.5438365936 -2.0053269863
57.7386474609 15.1067180634 -1.6880227327
58.4819335938 15.6647205353 -1.7159451246
59.4604301453 -20.0682525635 7.1410331726
60.2729301453 -20.3393211365 7.2371244431
60.9218406677 -21.0825729370 7.3509869576
62.4284973145 -19.1839065552 7.5712480545
73.9193725586 -13.4985408783 -3.4662632942
74.7665710449 -13.6518239975 -3.5059816837
75.6137695312 -13.8051166534 -3.5456998348
77.1988754272 -14.5723924637 -4.1011538506
78.8763656616 -14.8938608170 -4.4410371780
77.6669082642 -26.3312816620 4.2216086388
85.4627304077 3.1575994492 2.7884771824
86.3581237793 2.0194599628 2.8401679993
87.2124404907 2.0436470509 3.0717663765
88.0282363892 2.0856790543 4.1986770630
101.5271835327 -8.7996606827 -2.5837924480
102.3660125732 -8.8883523941 -3.2450203896
117.8824920654 -10.1145486832 0.5841752887
118.7984848022 -9.4986009598 0.5704910755
119.6580352783 -9.5764274597 0.2013250589
120.5171966553 -9.6447687149 0.2025589943
129.4527587891 -3.5223131180 2.3640222549
143.8595275879 -32.9968566895 -2.7000045776
141.5664215088 -47.3422851562 -4.5671868324
142.3837890625 -47.6142997742 -4.5936074257
143.2012329102 -47.8863410950 -4.6200308800
151.9868316650 -36.0917396545 -2.8204507828
152.8369445801 -36.2767791748 -2.3486168385
153.9525604248 -35.2851371765 -2.4002616405
160.1700897217 -38.9794387817 -2.0514459610
161.2318572998 -38.2479400635 -2.0929434299
162.0366973877 -38.4844360352 -3.5251212120
49.2664375305 13.6657390594 -1.9328112602
49.9022102356 14.5760421753 -1.9715919495
51.8627662659 13.9422903061 -2.1946995258
52.7887382507 13.8619050980 -1.8859696388
56.0667228699 11.1507196426 -1.9370896816
56.7753524780 11.9810981750 -1.9747518301
57.6184997559 12.1574115753 -2.0041675568
57.8200721741 15.1864175797 -0.4330027997
58.6488113403 15.3963489532 -1.0072613955
59.4828300476 15.6133193970 -1.0218125582
59.2623748779 -18.5545120239 5.8320055008
59.9329528809 -19.2729225159 5.9284801483
60.5638351440 -19.9774379730 6.4233064651
61.4416999817 -20.2941322327 5.7022490501
74.0110855103 -13.4195060730 -3.4721546173
74.9356918335 -13.1353454590 -3.5249764919
75.6126174927 -14.1702661514 -3.7778427601
77.1633987427 -15.0949411392 -4.3336114883
78.8814239502 -15.4130363464 -3.9281427860
85.5532073975 2.7520697117 2.7932693958
86.2879257202 1.6073983908 2.8523883820
87.1492080688 1.6234163046 2.8803129196
89.5876617432 7.5748000145 2.8412036896
103.1801376343 -10.7749443054 -0.0830354542
104.0987396240 -10.2598934174 -0.0999576151
104.8003768921 -10.3462610245 -0.0938526168
117.9684906006 -9.9801502228 0.9451992512
118.8273315430 -10.0524110794 0.9518662095
119.7445220947 -9.4402122498 0.5676735640
120.3890533447 -10.1992673874 0.9723213315
121.1655197144 -11.2393827438 -0.1318150759
129.3951568604 -3.4231829643 0.8555881977
130.2284393311 -4.1848011017 1.5874602795
143.8977813721 -32.9015884399 -4.9989438057
140.8781433105 -46.9212074280 -4.5498881340
141.6958160400 -47.1923789978 -4.5763411522
142.5135192871 -47.4635505676 -4.6027951241
143.3494110107 -47.7234039307 -4.1605901718
151.8795013428 -36.8254394531 -3.2851595879
152.7414855957 -37.0015830994 -2.3283922672
153.7920532227 -36.3125572205 -2.3704509735
160.2812652588 -38.8209228516 -2.4441766739
161.1270599365 -39.0123291016 -2.0714275837
161.9742279053 -39.1997261047 -1.5654572248
162.8263702393 -39.3710327148 -0.5346235633
163.6642608643 -39.5729026794 -0.5374963284
49.0428390503 14.6723299026 -0.3840025663
49.8619728088 14.9093189240 -1.0411356688
50.5685424805 15.5481262207 -1.0618281364
52.0769882202 13.2644443512 -2.0214066505
52.7104415894 14.1883745193 -2.4019997120
54.8252143860 12.8779029846 2.3335511684
55.9489593506 11.8311042786 -2.1254804134
56.7978134155 12.0112895966 -1.9764323235
57.6348953247 12.1845140457 -2.1896500587
59.5499496460 -19.9353122711 7.6709418297
60.4951629639 -19.8651084900 7.6124548912
61.2508125305 -20.0902462006 8.2662534714
74.0467681885 -13.3802595139 -3.4746332169
75.6813812256 -14.1162300110 -3.1215770245
76.6275558472 -13.8175287247 -2.7459893227
77.2406845093 -15.0393123627 -3.6017322540
79.0344543457 -14.7578105927 -3.9494514465
84.6583404541 4.4017376900 2.4668788910
85.6296997070 -0.5189371109 2.5954246521
86.4699935913 1.6552997828 2.8430831432
87.3397598267 1.6661919355 2.5992953777
100.8128662109 -8.5374612808 -1.3918076754
103.2010574341 -10.7535333633 -1.3754227161
104.1192855835 -10.2380094528 -1.4030072689
118.9181518555 -9.3102350235 0.5609345436
119.7209701538 -10.0713815689 0.5825842619
120.5783309937 -10.1334686279 0.9622969627
121.4390411377 -10.2249097824 0.2121766359
128.4956512451 -7.4859032631 3.6386611462
130.4138336182 -4.1138854027 1.5774997473
131.3194580078 1.7090420723 2.2726786137
132.1644287109 1.7375805378 3.1080312729
144.0295562744 -32.7565383911 -2.2540318966
140.7237091064 -47.6169357300 -2.6808178425
141.8152313232 -47.0702629089 -2.7269487381
142.6459960938 -47.3276710510 -2.2766351700
143.4830627441 -47.5740089417 -1.4693465233
151.2695770264 -35.6911163330 -4.2638025284
152.1625671387 -35.8378486633 -2.3483517170
160.5526428223 -37.8065338135 -2.4787285328
161.4090423584 -37.9781723022 -1.5919759274
162.2622985840 -38.1445732117 -0.5666365623
163.4020843506 -37.0321502686 0.9480731487
49.0654754639 14.7149477005 -1.1861912012
50.0908050537 14.2795410156 -1.2004432678
51.7331314087 14.7376823425 -1.8699966669
52.5671577454 14.9747219086 -1.7295374870
53.9871635437 12.7401590347 2.9880175591
54.8431701660 12.9364843369 2.6822435856
56.8321609497 12.0718469620 -1.9793176651
57.6804275513 12.2528991699 -1.8249329329
58.5282974243 12.4339323044 -1.6652028561
59.6921539307 -19.9236106873 6.9319548607
60.4677810669 -20.1653232574 7.4224243164
61.3001937866 -20.4480857849 7.3199176788
71.5836868286 -12.8398818970 -2.9637923241
74.1075286865 -13.3015842438 -3.4791133404
74.9551315308 -13.4526529312 -3.5188984871
75.7228546143 -14.0448503494 -3.5453875065
76.5695800781 -14.2008199692 -3.5850255489
78.2220382690 -14.5276994705 -4.4067254066
85.6156387329 2.8914532661 2.9869287014
86.5156097412 1.2493542433 3.0514602661
87.3838119507 1.2575503588 2.8777010441
88.8858566284 6.4416480064 2.8305504322
89.7450790405 6.5036582947 2.8575594425
96.7566604614 3.1020534039 -4.6809048653
97.7133789062 2.4156503677 -2.7335929871
98.5434951782 3.1936855316 -3.0798401833
100.7649383545 -9.2469854355 -2.8696694374
101.6229400635 -9.3252849579 -2.8941740990
118.0563583374 -9.7863750458 1.2128307819
118.9117813110 -9.8474378586 1.5918370485
119.6901855469 -10.8429965973 1.6270647049
120.6296157837 -9.9890184402 1.6144273281
129.5956268311 -3.1619789600 3.1539373398
130.5019073486 1.8351936340 2.2529656887
132.1957397461 2.6418681145 3.0867786407
144.0437316895 -32.6631240845 -4.5517344475
140.7773742676 -47.5045814514 -4.0707998276
141.6105804443 -47.7674827576 -3.6310873032
142.4426269531 -48.0297889709 -3.1860146523
143.5365142822 -47.4725646973 -3.2351527214
151.4083862305 -35.4815139771 -2.3426573277
152.2639617920 -35.6537551880 -1.5072143078
160.6709442139 -37.5823516846 -0.5681936741
161.4869079590 -37.8227157593 -2.1138329506
162.3544464111 -37.9580535889 -0.0574765243
163.1987304688 -38.1041679382 1.5006992817
49.0678710938 14.7343578339 -2.1073777676
50.0986938477 14.3023052216 -1.9744962454
50.9273948669 14.5368919373 -2.0072035789
52.2167587280 13.0528516769 -2.0231027603
52.5787391663 15.0027875900 -2.2430791855
53.4073562622 15.2373228073 -2.2784504890
55.8918228149 12.3517446518 -2.8048791885
56.8492202759 12.1051864624 -2.3437809944
57.7096786499 12.2938976288 -1.8271582127
58.4760131836 12.9465627670 -0.6002947092
58.6412239075 15.8885641098 0.4494160712
59.4925346375 -18.3805675507 6.3970417976
59.8988876343 -19.9057807922 6.5311274529
60.5185165405 -20.6148014069 7.0339903831
61.3112525940 -20.8756008148 7.3287930489
61.9977378845 -21.5085735321 7.4385342598
74.1775436401 -13.6834669113 -3.7087779045
75.8709411621 -13.9943370819 -3.7934129238
76.7176361084 -14.1497659683 -3.8357303143
78.2694702148 -15.0774974823 -4.3968172073
84.7768859863 1.7969459295 4.0325965881
85.6578140259 2.2966325283 3.3305559158
86.5464706421 2.3036384583 2.5566174984
87.4416732788 0.8010364771 2.3421461582
88.2973175049 1.3206515312 2.3539578915
88.8901138306 6.5164208412 3.5894615650
98.5572738647 3.2500004768 -3.6955268383
101.1915588379 -1.1704373360 -3.6959884167
102.0406646729 -1.1872701645 -4.0443782806
118.1362838745 -10.6303768158 0.5839822292
118.8832321167 -10.7091798782 0.5931997299
123.1398773193 -12.5684509277 -1.2723433971
128.7834320068 -2.0478696823 3.5063450336
129.6434783936 -3.0804882050 2.7478735447
130.5527648926 1.9011831284 1.0342001915
131.4145355225 1.9137372971 1.0408731699
132.2671813965 1.9436256886 1.8683198690
143.9464569092 -33.6840858459 -4.9839882851
141.2218017578 -46.5970039368 -4.5725793839
141.7850036621 -47.6775970459 -4.1053490639
142.6184692383 -47.9398498535 -3.6629939079
143.4186706543 -48.2255363464 -4.1527175903
150.7626495361 -35.1543998718 -1.5008051395
160.8066406250 -37.5365180969 -3.0084843636
161.6660308838 -37.7074508667 -2.1244814396
162.2930755615 -38.8281860352 -1.5880613327
163.3542022705 -38.0834884644 -1.6271513700
47.8716278076 15.8040418625 -2.6350860596
49.9100532532 11.7565269470 -2.6407327652
50.1398506165 14.3085479736 -2.5870182514
50.9867973328 14.5526456833 -2.1757116318
52.0179176331 14.0848970413 -2.0367231369
53.1053161621 13.2730350494 -2.3998267651
56.1407012939 11.6210594177 -2.3083801270
56.9144134521 12.1261625290 -2.3471965790
57.7634277344 12.3082294464 -2.1981906891
59.8701324463 -19.8170871735 7.5074796677
60.7028923035 -20.0987834930 7.4103055000
61.4960708618 -20.3525543213 7.7100272179
62.3090400696 -20.6202888489 7.8113002777
71.5443038940 -13.2103433609 -4.4851074219
75.8189849854 -13.9733953476 -4.0317144394
77.2986526489 -15.3389625549 -4.3343911171
79.0762786865 -15.2126626968 -4.4431085587
78.2947463989 -25.5974826813 3.9855837822
85.7639770508 0.8317090273 3.0253784657
86.5987396240 2.3442392349 3.0236780643
87.4965972900 0.3376305699 2.8927636147
88.3580322266 0.3410007656 2.9209582806
101.2713394165 -1.1270692348 -3.3856313229
102.0883407593 -1.7501711845 -4.3518023491
117.3150177002 -9.5983257294 0.9224323034
118.1740036011 -9.6683435440 0.9290431142
119.8140563965 -10.7433223724 0.5931012034
128.6368865967 -7.9793534279 2.8442780972
129.7129058838 -3.0342283249 2.7437114716
130.6165161133 1.9563425779 1.4351764917
131.4782562256 1.9692536592 1.4445073605
132.3348083496 1.9908139706 1.8642190695
132.9781646729 7.9081320763 1.7566180229
141.2940216064 -46.5467910767 -4.5769548416
141.8397979736 -47.6383628845 -4.5730872154
142.6566619873 -47.9121131897 -4.5994467735
143.4734802246 -48.1858634949 -4.6258044243
152.9518890381 -36.6608848572 -4.7871890068
162.3836517334 -38.7082939148 0.4750205576
163.1229858398 -38.9094543457 0.4819343090
163.9295959473 -39.1867980957 -2.1266083717
49.4325714111 13.8765993118 -2.8257217407
50.1919021606 14.4068317413 -2.5915338993
51.0251579285 14.6457719803 -2.5104434490
52.3359870911 13.1745491028 -2.0311772823
53.2678413391 12.9677019119 -2.2296869755
54.1048278809 13.1704025269 -2.2647395134
56.1206550598 12.0537090302 -2.4957787991
56.9627265930 12.2336912155 -2.5332326889
57.8560791016 12.0674295425 -3.0258176327
57.8549957275 15.7462291718 -3.1084549427
60.0942611694 -19.4228439331 6.5116777420
60.7768974304 -20.0234966278 6.8111777306
61.5913925171 -20.2904014587 6.9018034935
69.6333618164 7.6333703995 6.8715896606
70.4861297607 7.7265214920 6.9552264214
71.6765594482 -13.0623340607 -4.0406923294
75.8956222534 -13.8349685669 -4.5185914040
77.4973754883 -25.1733608246 4.1292600632
85.8460083008 2.4618506432 1.7215270996
86.6947326660 2.4972763062 2.2768073082
86.7262268066 -0.6803944707 2.3450732231
87.5905838013 -0.1803393215 2.3569188118
96.9846420288 3.4227788448 -3.3411157131
97.8454895020 3.4531128407 -3.3708012104
101.0410385132 -8.1632184982 -2.9059565067
101.8662338257 -8.2539701462 -3.8814809322
108.3086853027 -18.9933166504 -3.8959879875
109.1703948975 -19.1337184906 -3.5830132961
131.5405273438 2.2401959896 2.2510063648
132.4021759033 2.2548701763 2.2656316757
133.0342864990 8.1723613739 2.1612012386
141.0928649902 -47.0936279297 -4.5558414459
143.5631103516 -47.8988761902 -4.1664304733
153.1490325928 -36.3286857605 -3.3382656574
48.2230377197 15.3392095566 0.6639790535
49.4761352539 13.9331989288 -2.6687998772
50.2393226624 14.4665679932 -2.3100798130
50.9739227295 15.1115198135 -1.6909967661
52.3775482178 13.2336072922 -1.8662246466
53.2012786865 13.4372224808 -2.2369668484
56.2402954102 11.7943086624 -2.1378817558
57.0769729614 11.9668083191 -2.3510715961
57.8482780457 12.4790859222 -2.3899362087
58.0413665771 15.5064973831 -1.1968972683
58.7817344666 16.0694713593 -1.2174589634
59.9602851868 -19.6393909454 7.4994955063
60.6367759705 -20.3854026794 7.4195895195
61.4681510925 -20.6712417603 7.3171973228
68.2785949707 4.3701334000 6.3331274986
69.1351089478 4.4248118401 6.4121532440
71.7257080078 -12.9904031754 -4.2713327408
77.5855712891 -14.6463737488 -3.8715281487
83.9378890991 -5.5497341156 4.1518092155
84.8202056885 -5.6210494041 3.6669900417
85.8849029541 2.0719490051 2.5270302296
86.7329330444 2.5942189693 2.5417907238
87.5989608765 2.1189420223 2.8490543365
88.4707031250 1.6283723116 2.8876149654
103.5149612427 -10.2465820312 -2.2885980606
131.6042785645 1.6095443964 1.8543534279
141.2281951904 -46.9220199585 -3.6423027515
142.0115051270 -47.2160224915 -4.5901346207
142.8291778564 -47.4873428345 -4.6165843010
143.6971282959 -47.7233848572 -3.2369327545
48.9360389709 13.0635662079 1.1529059410
50.9270706177 12.0925626755 -2.1263883114
52.4347496033 13.2038230896 -2.0362970829
53.2701339722 13.4134578705 -2.0687603951
54.1055107117 13.6230955124 -2.1012232304
56.2381019592 12.0955667496 -1.9655822515
57.0744667053 12.2726764679 -2.1761837006
57.9280052185 12.4601316452 -1.8407025337
58.1082878113 15.4795179367 -1.0125992298
59.9270362854 -20.1429824829 7.3168287277
60.7388458252 -20.4151515961 7.4156141281
68.3505249023 -0.7674701810 7.4987554550
69.1295928955 4.0025510788 7.2773914337
69.7106170654 7.6727766991 7.0837483406
71.9191665649 -12.1931591034 -4.2975893021
75.9539642334 -14.3621101379 -3.5489070415
78.3333435059 -15.3197612762 -4.8907537460
85.8465881348 3.2152547836 4.0329475403
87.7000503540 -0.1387894750 2.0794806480
97.0547409058 2.6958107948 -4.6855087280
97.9153213501 2.7196969986 -4.7270507812
101.4428558350 -0.8827318549 -3.7136917114
104.6765747070 -6.3920655251 -4.3613324165
105.5252838135 -6.4498372078 -4.6427564621
108.5435714722 -18.2984752655 -3.5802533627
109.2718276978 -19.0826492310 -3.9330241680
131.6528015137 1.5501930714 2.2610499859
133.1778717041 7.4744148254 2.1699991226
140.1348724365 -47.8050575256 -3.5833759308
141.3162384033 -46.9941711426 -3.6447122097
142.1173553467 -47.2774200439 -4.1291933060
142.9349517822 -47.5491180420 -4.1529622078
143.7525482178 -47.8208122253 -4.1767311096
155.8567199707 -36.8267974854 -2.9077215195
156.4059753418 -38.2319831848 -2.8837893009
160.5382537842 -39.2550964355 -2.9586241245
48.6508941650 11.6309719086 0.3721987903
49.5179252625 14.2367277145 -2.8374900818
50.3451499939 14.4740409851 -2.8848695755
52.4752693176 13.2566051483 -1.7030351162
56.3193244934 11.8084220886 -2.4994063377
57.1621742249 11.9847068787 -2.5368142128
58.0120925903 12.1647624969 -2.3904690742
58.9970397949 12.0231132507 -1.1638258696
59.3560943604 -19.9772148132 4.7467503548
60.0100364685 -20.1176776886 6.9217991829
60.8040008545 -20.3758087158 7.2138471603
61.5614662170 -20.6082515717 7.8629784584
71.8498077393 -12.9671659470 -4.5042915344
73.6105651855 -13.2495203018 -3.4530534744
75.9595108032 -14.3218784332 -4.9911227226
86.8039245605 3.2945981026 2.5232112408
86.8622665405 -0.5508462191 2.6049056053
87.6874542236 2.6520848274 2.5619089603
97.1398696899 2.7870223522 -4.4651718140
97.9978256226 2.8292515278 -3.6682748795
104.6606521606 -7.1137857437 -4.5889949799
105.5197525024 -7.1720743179 -4.6266655922
106.3243408203 -7.8518843651 -4.8964495659
108.5547256470 -18.8143882751 -2.8862278461
109.5110626221 -18.3280162811 -2.9275753498
117.5625381470 -9.1884317398 1.5411881208
118.4285507202 -9.2817878723 0.5411541462
120.0711822510 -10.3514575958 0.1995922625
120.9299087524 -10.4253749847 0.2009682506
142.1685333252 -47.1639671326 -4.5983958244
142.9862823486 -47.4350090027 -4.6248550415
153.6236114502 -35.1876983643 -2.0419640541
48.6686210632 11.6320075989 -0.3654763401
49.0004119873 13.0595006943 -2.6260678768
49.5952606201 14.2559404373 -1.9606636763
50.2796669006 14.8674774170 -2.7277221680
52.5480041504 13.2549514771 -1.8744207621
53.2990722656 13.5000400543 3.4241547585
54.2365264893 13.2945404053 3.4820456505
55.0720863342 13.4990930557 3.5355629921
56.3336524963 12.1398963928 -2.3285074234
57.1755714417 12.3211069107 -2.3633122444
57.9966773987 12.4916934967 -2.9033765793
60.0513610840 -20.1169662476 6.9199099541
60.8639144897 -20.3887996674 7.0133743286
61.8161468506 -20.1734600067 7.2905025482
97.1784515381 2.7876882553 -4.4669356346
98.0840759277 2.8371412754 -3.3681082726
104.7472305298 -7.1070990562 -4.3488535881
105.6064224243 -7.1653437614 -4.3845276833
106.4656066895 -7.2235884666 -4.4202013016
117.6213760376 -9.1578588486 2.6327579021
118.4976577759 -9.2541551590 1.5489169359
128.0191040039 -8.4616937637 3.6196675301
141.3920440674 -46.8922119141 -4.5738229752
142.2097778320 -47.1632575989 -4.6002812386
143.0455780029 -47.4230613708 -4.1607427597
156.8139038086 -36.8630142212 -2.0591239929
157.6528778076 -37.0601348877 -2.0701529980
51.2474021912 14.8063859940 -2.7722585201
52.5655822754 13.3413286209 -2.2133827209
53.4303932190 13.1838331223 3.4251360893
54.2762145996 13.3905839920 3.3056995869
55.1218376160 13.5972290039 3.1809098721
56.4065704346 11.9024877548 -2.8183629513
57.2624359131 12.0832328796 -2.7250108719
58.1048622131 12.2609338760 -2.7650997639
59.0175056458 -20.5073108673 7.2364330292
59.8262901306 -20.7882270813 7.3355479240
60.4502258301 -21.5181903839 7.6507482529
61.2412948608 -21.7938251495 7.9034967422
74.4298477173 -13.8590650558 -4.1860761642
97.2270050049 2.9632630348 -4.2467904091
98.0670471191 2.9795069695 -4.7396278381
103.8480834961 -8.0741443634 -4.5310921669
108.7608413696 -18.0107345581 -3.5964148045
109.7698593140 -17.2894191742 -2.9620873928
118.4984283447 -9.9853143692 0.5534161329
130.0758361816 -3.1666240692 0.8191012144
48.7354507446 11.3765411377 -0.5222485065
2.9836750031 0.2142760754 -1.0212695599
3.1238858700 1.5691821575 -0.9986352921
3.7613847256 0.4861271083 -1.0554052591
3.8463673592 1.1221951246 -1.0844600201
3.7777013779 0.1048391387 -1.0274519920
3.8327391148 0.2734711766 -1.0884447098
3.9658644199 -0.3735283017 -1.1718013287
3.9660782814 -0.2106352746 -1.0784990788
3.9186687469 -0.0019469751 -1.0776336193
3.7442336082 -1.1450308561 -1.0734361410
3.9142594337 -0.2316486537 -1.0723958015
3.8763203621 -0.4053428173 -1.0668662786
3.6252644062 -0.0836755410 -1.0648059845
3.6681499481 -0.6892979741 -1.0642743111
3.9489252567 -0.8548041582 -1.0622789860
3.2857308388 -0.0356937833 -1.0570915937
3.8137893677 -0.0021547608 -1.0545065403
3.7002365589 -1.4230597019 -1.0528508425
3.6498124599 -1.0933977365 -1.0509378910
3.6782104969 -0.2823340297 -1.0506639481
3.8952255249 -0.2785851657 -1.0506579876
3.5772018433 -0.2124030143 -1.0282683372
3.3884799480 -0.0388515480 -0.9940586090
2.5247397423 -2.6309564114 -0.9167433977
4.3642301559 -0.1609164625 -1.2765666246
4.3900151253 -0.1157025248 -1.1316976547
4.9147191048 -0.3370443285 -1.1314948797
4.8308110237 -0.6263528466 -1.1253114939
5.4952468872 -0.6172534227 -1.1187574863
5.3903012276 -0.5724656582 -1.1179138422
5.1145658493 -0.2354367524 -1.1123123169
4.9466023445 -0.0206392333 -1.1103861332
4.9457249641 -0.2465592176 -1.1044136286
4.4606518745 -0.1423521638 -1.1023725271
4.7896122932 -0.5641309023 -1.1021471024
5.3722825050 -0.0881577805 -1.1020873785
4.4386057854 -0.2009021044 -1.0991095304
4.8085756302 -0.0991387293 -1.0974801779
4.4426951408 -1.1276315451 -1.0966759920
4.3310499191 -0.1964382380 -1.0870434046
4.9381103516 -1.1529768705 -1.0817488432
4.4210066795 -0.3089773953 -1.0805460215
5.0648093224 -0.0587756298 -1.0801413059
4.0767049789 -2.8070371151 -1.0783793926
4.8474287987 -0.4793927073 -1.0769169331
5.0161013603 -0.1305325776 -1.0763591528
4.3237299919 -0.2852044106 -1.0763047934
4.8875088692 -0.0817990601 -1.0758419037
5.4250202179 -0.9107629061 -1.0752080679
4.7639093399 -0.4069339931 -1.0747195482
4.2151293755 -0.2802959681 -1.0718411207
4.0773644447 -1.6024200916 -1.0710527897
4.6741242409 -0.4350295961 -1.0682842731
4.2703709602 -0.2091471404 -1.0624922514
4.5286378860 -0.5579497814 -1.0622684956
4.5685858727 -0.3975530565 -1.0616872311
4.0859885216 -0.4221479893 -1.0599422455
5.1735615730 -1.2192887068 -1.0583957434
4.7346282005 -0.5496068597 -1.0547689199
4.2253627777 -1.1383055449 -1.0521963835
3.9487180710 -3.2910039425 -1.0519765615
4.1290950775 -1.0764030218 -1.0475472212
4.6215438843 -0.3597251475 -1.0472594500
4.3372306824 -0.3156563044 -1.0467067957
5.1943197250 -1.3080136776 -1.0448472500
4.6619486809 -0.3607580662 -1.0439587831
5.0495038033 -0.9384228587 -1.0391467810
4.0423450470 -0.6482319236 -1.0388584137
5.2835536003 -1.1452848911 -1.0372465849
4.4638118744 -3.1288409233 -1.0356651545
4.1785917282 -0.2162894905 -1.0348740816
5.0719261169 -1.6609292030 -1.0315580368
4.2402310371 -0.0909552500 -1.0307567120
5.1633687019 -1.3704712391 -1.0285574198
4.1200294495 -2.1720511913 -1.0256866217
4.8968696594 -1.9179408550 -1.0212928057
4.0254445076 -2.1770267487 -1.0212892294
4.8959093094 -0.4697666764 -1.0147686005
4.5405511856 -2.9255311489 -1.0119574070
3.5529587269 -2.0678997040 -1.0023010969
5.3982310295 -1.2383430004 -1.0015529394
4.4486842155 -2.2548584938 -1.0014646053
4.8958010674 -2.1783318520 -0.9987083673
4.5565543175 -3.1963014603 -0.9936181307
4.4318871498 -1.3443747759 -0.9837794900
4.2456040382 -3.6312148571 -0.9713342786
3.8179278374 -3.5181262493 -0.9694060683
3.1672389507 -3.6290659904 -0.9659111500
4.9546623230 -0.9227464795 -0.9629332423
5.1169939041 -0.0538985096 -0.9577454925
3.5187635422 -3.5964388847 -0.9509178400
4.7706389427 -2.8748681545 -0.9507236481
3.3323647976 -3.6707723141 -0.9492484331
3.8066632748 -3.9212000370 -0.9371652007
4.0091710091 -3.7901225090 -0.9294365644
3.2611820698 -3.6961240768 -0.9272449017
3.0290639400 -3.5788962841 -0.9132779837
3.9236941338 -3.7271833420 -0.9130950570
4.2748041153 -3.2050788403 -0.9015312791
11.6940526962 -5.6040534973 -0.1971656382
11.9792175293 -5.5028114319 -0.1719118953
11.7693662643 -3.6586480141 -0.1543866098
11.9509162903 -2.9781384468 -0.1517703384
12.1727104187 -3.2956335545 -0.0878729597
11.5484218597 -4.5260934830 -0.0653266832
11.4472360611 -4.6237215996 -0.0163767636
11.3461637497 -4.5874137878 -0.0157498252
10.8080291748 -6.3797397614 -0.0080641843
10.1409254074 -7.2366533279 0.0654058009
11.2379159927 -6.1701502800 1.3978786469
12.0182151794 -9.7955570221 -0.1454547942
11.8792200089 -9.8236560822 -0.1422782987
11.7958698273 -9.7559299469 -0.1412319988
11.9219083786 -9.8111572266 -0.0962679684
10.6902723312 -10.8177309036 -0.0690666884
11.8400516510 -9.7419776917 -0.0477686785
11.9901084900 -9.7947607040 -0.0476774946
11.9368972778 -9.7264032364 -0.0467642583
11.8272428513 -9.8310527802 -0.0452343598
11.7097425461 -9.7707166672 -0.0450549796
11.9168100357 -9.7999935150 -0.0442395881
11.8325700760 -9.7333755493 -0.0437936597
11.7817382812 -9.8006534576 -0.0342768766
11.8259496689 -9.7556810379 -0.0011910767
11.9073047638 -9.7265272141 0.0012153657
11.7936506271 -9.8378953934 0.0020764042
11.8761243820 -9.9066925049 0.0020909358
11.8537178040 -9.6586484909 0.0021560902
11.9786777496 -9.7996625900 0.0040730699
11.8646993637 -9.7234725952 0.0053247279
11.7888860703 -9.8289051056 0.0065847468
11.7992315292 -9.6117258072 0.0080867559
11.7910537720 -9.8345203400 0.0088543799
11.8622245789 -9.6369409561 0.0102732871
11.8848400116 -9.7620553970 0.0119920159
11.7993440628 -9.6970520020 0.0121977674
11.7138509750 -9.6320533752 0.0124034584
11.8681907654 -9.8646717072 0.0149974963
11.6533594131 -9.8246135712 0.0328377672
11.5668992996 -9.7609043121 0.0331155770
9.5914850235 -11.5762014389 0.0465186834
11.8904237747 -9.8225326538 0.0474762060
11.8243656158 -9.6582260132 0.0494446903
11.8202848434 -9.7387294769 0.0513953380
11.8954296112 -9.7317533493 0.0529899672
11.7087078094 -9.7654724121 0.0570404567
12.0649023056 -9.8369588852 0.0579229333
11.9544019699 -9.5714263916 0.0596861988
12.0414505005 -9.6343336105 0.0596966296
11.9497127533 -9.6993427277 0.0601270795
11.9085731506 -9.6147832870 0.0601376332
11.9951152802 -9.6783847809 0.0601862296
12.0358371735 -9.7635030746 0.0602068678
12.0816535950 -9.7419891357 0.0602350719
11.9398393631 -9.6783313751 0.0626911074
11.5659904480 -9.6459569931 0.0711985826
11.6517562866 -9.7105998993 0.0713052005
11.7375183105 -9.7752428055 0.0714120269
11.6828403473 -9.7009534836 0.0799933672
11.4818077087 -9.6954278946 0.0838319138
11.9385881424 -9.7012624741 0.0898464173
11.9516534805 -9.7864274979 0.0911219716
11.8949661255 -9.7054233551 0.0947419778
11.9804115295 -9.7704963684 0.0951219574
11.8815879822 -9.7169780731 0.0984285697
11.9672985077 -9.7816877365 0.0987885222
11.8592176437 -9.7028217316 0.1019588634
11.9449701309 -9.8422241211 0.1067817211
11.7491483688 -9.7562236786 0.1330479831
11.9464855194 -9.7650585175 0.1527264714
11.9500532150 -9.9303913116 0.1593499184
12.0258855820 -9.7628087997 0.1891308278
9.8955793381 -11.5193033218 0.3032880723
22.4012622833 8.5633535385 -0.3277607560
22.4522647858 8.3481931686 -0.0261316709
22.3024787903 8.5281486511 -0.0232876930
22.3994483948 8.1800203323 0.1821276695
22.5040988922 8.2296361923 0.2516634464
22.1994857788 8.4916467667 0.3350819349
22.4009704590 8.1934661865 0.4007649720
22.4295158386 8.2207717896 0.4059340954
22.2500820160 8.2881298065 0.4731284678
22.2941818237 8.1442127228 0.4816796184
22.1880702972 8.2262239456 0.5290560126
22.1611518860 8.2787570953 0.5597367883
22.6705398560 7.4662861824 0.6008169651
22.3237209320 8.1841087341 0.6294025183
22.7710399628 7.4985084534 0.6805616617
22.2488784790 8.4778671265 0.9235428572
22.1374893188 8.5433320999 0.9481093287
22.1511020660 8.5591983795 1.0329724550
22.0473327637 8.5213594437 1.1050503254
22.1921558380 8.2434034348 1.1245067120
22.1624717712 8.5659370422 1.1955939531
22.1766700745 8.2147645950 1.2688195705
22.2850914001 8.2686519623 1.2945978642
22.3863582611 8.3040370941 1.2998557091
22.2598628998 8.4742708206 1.3018569946
22.5849189758 8.0410137177 1.6483411789
21.6990985870 8.8444252014 4.9470720291
21.5673332214 8.4083557129 5.7066564560
20.8423004150 9.4094314575 6.0058259964
21.2756118774 8.8366651535 6.2089800835
21.5015373230 8.2555351257 6.2111754417
21.3679904938 8.1952486038 6.2230348587
21.3761749268 8.3398904800 6.4112334251
21.2037239075 8.1206893921 6.6344413757
21.3000774384 8.1574420929 6.6644430161
21.1709346771 8.7619037628 6.6922163963
35.3534584045 4.5632295609 0.9882947206
35.3870429993 4.7896003723 1.0623822212
35.3645286560 4.7581110001 1.0640937090
35.4110336304 4.7720422745 1.0697373152
35.4571800232 4.6032004356 1.1270283461
35.2352142334 4.5753936768 1.1377015114
35.3735237122 4.6108741760 1.1642092466
35.3956871033 4.5795130730 1.1722811460
35.3332557678 4.5905323029 1.1737799644
35.2545814514 4.7456197739 1.1750353575
35.2709159851 4.5832691193 1.1767654419
35.4228324890 4.5978460312 1.1781961918
35.3010749817 4.7595543861 1.1810110807
35.3839607239 4.6534180641 1.2046529055
35.3388977051 4.5899691582 1.2253628969
35.4012336731 4.7253718376 1.2368426323
35.2841911316 4.4699954987 1.2391123772
35.2863311768 4.5671563148 1.2541599274
35.2742729187 4.7780041695 1.2587199211
35.1852798462 4.9851307869 1.2668496370
35.3871040344 4.7365322113 1.2717894316
35.3304519653 4.7174954414 1.2747753859
35.4935569763 4.7502965927 1.2752990723
35.4369125366 4.7312030792 1.2782860994
35.2173423767 4.6707863808 1.2971380949
35.3237419128 4.6848978996 1.3010567427
35.4301376343 4.6990089417 1.3049756289
35.2783699036 4.5916199684 1.3051595688
35.3848037720 4.6054534912 1.3090828657
35.2556152344 4.5409164429 1.3254073858
35.3420944214 4.5288419724 1.3760638237
35.3855781555 4.4848556519 1.3841091394
35.4496994019 4.6456546783 1.3867274523
35.0851783752 4.6289305687 1.3945684433
35.3394927979 4.5930948257 1.4313690662
35.2322654724 4.5164461136 1.4565128088
35.2863311768 4.7140030861 1.4590294361
35.1869888306 4.5567736626 1.4855829477
35.2764778137 4.5812931061 1.5557608604
35.3829383850 4.5948762894 1.5602682829
35.3571586609 4.6144528389 1.6633201838
33.2976417542 -13.0545835495 -2.6197884083
33.2348785400 -13.2175836563 -2.3865249157
33.3522186279 -12.9792661667 -2.2920289040
33.3028793335 -13.1839609146 -2.2015328407
33.4741477966 -12.9048690796 -2.1031198502
33.3898277283 -13.2109584808 -2.0951609612
33.2573509216 -13.2842350006 -2.0823934078
33.1787910461 -13.2397708893 -1.7430510521
20.9270057678 -19.9549560547 1.2676354647
20.8669414520 -19.9548969269 1.2703572512
21.0950698853 -20.0292758942 1.3404699564
21.0068073273 -20.0208740234 1.3644782305
20.9861392975 -19.8990612030 1.4059066772
21.0091552734 -19.8800392151 1.4115082026
21.0378093719 -19.8346405029 1.4515867233
20.9465236664 -20.0148067474 1.4596768618
20.9323501587 -20.0300674438 1.5088695288
21.0092220306 -20.0033512115 1.5343747139
21.1064319611 -19.8169250488 1.5406666994
21.1868438721 -19.8879184723 1.5459723473
21.0731716156 -20.0033149719 1.5924680233
21.0470085144 -19.8674945831 1.6138526201
21.1265468597 -19.9394340515 1.6195501089
21.1170406342 -19.8931369781 1.6421431303
20.9269199371 -19.8988571167 1.6873567104
21.0055942535 -19.9717121124 1.6934453249
21.1003856659 -19.8906173706 1.7866182327
37.4967651367 23.4439697266 -1.8325160742
37.1511230469 22.8392696381 -1.8093516827
37.8502273560 19.8995590210 -1.7854831219
38.1917266846 18.2705020905 -1.7663862705
37.4982185364 22.6511135101 -1.6867723465
37.4481468201 22.6096954346 -1.6848410368
37.2710342407 22.9329433441 -1.6826535463
37.3760070801 22.5827159882 -1.6797314882
39.4179611206 18.1679286957 -1.6754813194
40.0723533630 15.8711051941 -1.6497862339
38.1298103333 18.5244846344 -1.6361246109
38.0505485535 18.5460643768 -1.6342514753
43.0829048157 17.0274333954 -1.6269028187
38.0244903564 18.3114242554 -1.6229354143
37.4462051392 22.6124210358 -1.5475524664
37.4109077454 22.5977764130 -1.5472105742
39.4216461182 18.2166843414 -1.5438638926
39.3521423340 18.1862659454 -1.5416252613
39.2387886047 18.3295078278 -1.5344430208
38.3132247925 18.2711372375 -1.5038776398
38.1455039978 18.2566108704 -1.4995205402
38.1038665771 18.2293033600 -1.4970339537
37.9438591003 18.2012958527 -1.4939043522
37.5769195557 18.0392456055 -1.4780869484
39.5233345032 18.2635078430 -1.4122469425
40.0662879944 17.1198348999 -1.4117795229
39.3245697021 18.1723918915 -1.4069737196
39.3734054565 17.8580932617 -1.4042067528
39.2662162781 17.8957252502 -1.4039969444
39.3241958618 17.8216629028 -1.4030890465
39.0292358398 17.9750652313 -1.3873441219
39.2587242126 17.8587284088 -1.3798990250
44.3319358826 16.3065986633 -1.3798367977
38.2224807739 18.3303031921 -1.3738571405
38.2666130066 17.9869403839 -1.3702394962
38.0165023804 18.8711986542 -1.3701537848
38.1418724060 18.2952365875 -1.3694336414
38.0285682678 18.2381591797 -1.3668693304
38.0448799133 18.2492523193 -1.3659398556
38.0703086853 18.2807292938 -1.3658709526
38.0524597168 18.2128105164 -1.3635721207
38.0145187378 18.3581809998 -1.3612158298
38.0198974609 18.2373695374 -1.3568977118
37.0956878662 18.7855052948 -1.3418730497
43.0757827759 16.9936428070 -1.3312206268
37.1830596924 22.9459190369 -1.2754194736
39.5978126526 17.9283847809 -1.2748513222
36.9829216003 23.5165958405 -1.2737392187
39.2307739258 18.1293697357 -1.2693531513
39.2300796509 17.7793006897 -1.2661334276
38.3528938293 18.7257461548 -1.2538561821
38.2657318115 18.5202941895 -1.2521326542
38.2563514709 18.6788082123 -1.2506945133
36.4324340820 22.7742462158 -1.2505147457
38.1164016724 18.0866909027 -1.2425867319
38.0331878662 18.3120079041 -1.2415112257
38.6232337952 17.7881717682 -1.2404830456
38.2425498962 18.3430309296 -1.2404596806
38.0077056885 18.2891635895 -1.2376101017
38.1633605957 18.3119850159 -1.2339438200
38.1152458191 18.4059143066 -1.2315777540
37.9769706726 18.2365779877 -1.2305737734
38.0783615112 18.2772731781 -1.2293287516
37.9263725281 18.1936855316 -1.2206047773
38.3350410461 16.3139057159 -1.2130975723
43.1230659485 16.8482532501 -1.1906117201
43.0577163696 17.0271835327 -1.1889960766
43.2184829712 16.6694965363 -1.1858625412
40.4604606628 17.8929500580 -1.1512939930
39.2592010498 20.2483291626 -1.1484913826
39.3353157043 18.1775207520 -1.1356660128
39.2739410400 17.7955360413 -1.1348146200
39.2657928467 18.1470451355 -1.1344228983
39.4072151184 18.1463108063 -1.1330866814
39.1365928650 18.0861663818 -1.1323847771
39.4111671448 18.1458358765 -1.1299512386
37.1405525208 21.6488895416 -1.1148742437
39.2945785522 17.8674716949 -1.1141327620
36.7222061157 22.9618568420 -1.1136679649
38.3461723328 18.0864887238 -1.1120196581
39.0539245605 18.1335678101 -1.1116356850
38.1763916016 18.3694572449 -1.1105284691
38.0770988464 18.3187942505 -1.1100702286
38.1078453064 18.3370876312 -1.1092882156
38.2206993103 18.0269641876 -1.1076028347
39.0009117126 18.0927696228 -1.1057602167
38.0695838928 18.2678241730 -1.0983027220
38.0065917969 18.4583187103 -1.0938080549
37.9845390320 18.2331905365 -1.0936874151
43.0251693726 16.8113498688 -1.0784740448
40.4835929871 4.1679244041 -1.0648400784
39.2803459167 17.6291389465 -1.0340411663
39.3912963867 18.1390361786 -1.0332949162
39.2848701477 17.8186111450 -1.0327486992
39.2400016785 18.1338882446 -1.0319759846
39.1163482666 18.0139884949 -1.0237402916
39.2798118591 18.0343570709 -1.0231180191
39.1428756714 18.0436248779 -1.0227663517
39.1250686646 17.9738731384 -1.0204292536
38.2730979919 18.4218654633 -1.0198947191
38.3172798157 18.0702171326 -1.0141854286
39.1006774902 18.3251705170 -1.0128951073
38.0864601135 18.3535976410 -1.0127624273
39.0973701477 17.9910621643 -1.0110704899
39.1011047363 18.1380233765 -1.0059833527
39.1154975891 18.1347160339 -1.0009100437
39.1699180603 17.8204803467 -0.9993121028
39.0175056458 18.0908813477 -0.9983325601
37.9487266541 18.3659324646 -0.9898289442
44.2398948669 16.2748470306 -0.9758335948
43.1980018616 16.8064002991 -0.9370962977
43.2968406677 16.7273292542 -0.9335250258
39.2963180542 18.0958442688 -0.8958932757
39.1451072693 18.0904827118 -0.8952382803
38.3705863953 18.5710391998 -0.8927768469
39.2167549133 18.0598850250 -0.8914974928
38.4762992859 18.5407905579 -0.8905881047
39.2255592346 18.0195751190 -0.8878535628
38.2952308655 18.7015075684 -0.8859038353
39.1390876770 18.0255374908 -0.8840639591
38.1381263733 18.3624706268 -0.8839815855
38.2781791687 18.4181499481 -0.8820750713
38.2525978088 18.5658283234 -0.8738653660
39.1432113647 17.6400871277 -0.8726379275
38.1837654114 18.3270969391 -0.8663204908
37.9773826599 18.2244472504 -0.8641894460
37.9712982178 18.4526691437 -0.8562828302
42.9437637329 17.2228031158 -0.7919291854
39.3400573730 17.7471542358 -0.7587575316
39.3168029785 18.1056175232 -0.7585823536
38.4308013916 18.5030689240 -0.7585538626
38.3582534790 18.4705066681 -0.7580419183
38.3340072632 18.4565773010 -0.7566371560
38.3818054199 18.4954471588 -0.7561652660
39.2456207275 18.0907211304 -0.7550283074
39.3826866150 18.0812473297 -0.7540517449
39.1869773865 17.9927864075 -0.7502217293
39.3989601135 17.9774208069 -0.7490209937
39.3009605408 17.9335479736 -0.7471072674
39.2241592407 17.8357563019 -0.7344976664
38.7943572998 18.3782615662 -0.7329078913
39.2399978638 17.8231925964 -0.7279571295
39.1578903198 17.8149375916 -0.7275450230
37.7578620911 18.5435619354 -0.7175611258
47.5378379822 14.9345273972 -0.7085101008
39.2709083557 17.5288295746 -0.6315129399
46.4809875488 3.0021307468 -0.6299297214
39.4959487915 18.1873073578 -0.6293907166
39.2411575317 18.0721588135 -0.6153136492
39.2975425720 17.7284965515 -0.6103326082
38.0527610779 18.4152488708 -0.5919029117
47.2906265259 15.7303352356 -0.5544853210
48.0182762146 12.5019321442 -0.4833142757
39.2305603027 17.9353923798 -0.4679222107
38.0316276550 18.3136558533 -0.4551119208
47.6525650024 10.3214807510 -0.4522657990
48.5429153442 11.7282390594 -0.3708648682
39.3491249084 17.4769973755 -0.3539277017
36.8331489563 22.2666206360 -0.3538851738
48.1062011719 10.2590694427 -0.3502626717
39.2574386597 18.0823993683 -0.3406063318
39.0405845642 18.5984630585 -0.3331162035
47.5678710938 15.1268491745 -0.2418733388
46.9468841553 15.3975486755 -0.2244773507
47.2914619446 15.7008562088 -0.2058559507
47.1687202454 14.9683656693 -0.0757919401
47.0492286682 15.4318628311 -0.0702340379
47.4181632996 15.4888162613 0.0610975362
39.3429527283 18.1192264557 0.0623436235
47.4000701904 15.4513864517 0.0737091601
48.4986953735 11.5489807129 0.1094895825
47.5294418335 14.9662704468 0.1140450314
47.1249313354 15.2269086838 0.1959651411
47.9656562805 12.4755496979 0.2668381035
47.0065689087 15.5110759735 0.3434489071
46.9512901306 15.1341438293 0.3602886200
48.5115966797 11.8685159683 0.3733043373
46.9242553711 15.4480533600 0.4770269990
46.9676399231 15.3223819733 0.4906129837
47.0628395081 14.9394207001 0.5010945201
48.4926452637 11.8968448639 0.5221971869
48.6158218384 11.6341390610 0.5223743916
48.0187797546 11.7618474960 0.5945222974
47.4002189636 10.6249008179 0.5961542130
48.2356338501 11.1119585037 0.5989443064
47.0360298157 15.3653469086 0.6399351954
47.0650939941 15.3228855133 0.6462790966
47.2833595276 15.4453010559 0.6502425075
46.9010391235 15.4786767960 0.6503000259
47.0500869751 15.1679067612 0.6705495715
47.0023345947 15.3583440781 0.7878897786
46.9589424133 15.4857759476 0.8153109550
47.4572525024 15.0559492111 1.1142517328
41.1560859680 17.5894012451 1.7475768328
41.2497253418 17.3715496063 2.3942329884
41.1565093994 17.1924953461 2.4023861885
41.0198516846 17.5359497070 2.5977406502
40.9493637085 17.5271911621 2.7081408501
41.3262672424 17.4045639038 2.8226201534
41.1461410522 17.3557033539 2.9723048210
41.2210693359 17.2862892151 2.9827091694
41.1435317993 17.2491226196 2.9870395660
41.0255393982 17.5600719452 3.1036458015
41.2270927429 17.2841053009 3.2415790558
41.2201805115 17.3875007629 3.3674042225
41.2950973511 17.3179244995 3.3787205219
40.9162025452 17.5382404327 3.3910665512
41.1059074402 17.5943813324 3.3944215775
41.2964744568 17.3139057159 3.6743626595
40.9949111938 17.5718421936 3.6823775768
40.9314918518 17.9291248322 3.9741256237
41.1159133911 17.7270984650 4.2224898338
38.1928672791 18.4849624634 5.1733517647
37.6635704041 18.8809566498 5.3172369003
37.5357475281 19.1773471832 5.3348994255
38.5061950684 17.8213329315 5.5839953423
37.4103164673 19.1151714325 5.5888690948
36.5896682739 23.0799007416 5.5934643745
37.0480346680 23.1706790924 5.6267781258
37.1230278015 22.8149375916 5.7490210533
36.6512565613 23.1159629822 5.8809180260
38.8175125122 18.3201160431 6.0518560410
38.6903533936 18.3622837067 6.1247572899
36.6332435608 23.1178684235 6.1737313271
38.7421073914 18.2896766663 6.3196616173
38.8068275452 18.0556087494 6.4322905540
38.7714195251 18.3189525604 6.4707384109
37.3298187256 18.7070217133 6.6379323006
36.7869491577 22.9395217896 6.8110933304
36.6446609497 23.3507976532 6.8700404167
37.1077651978 18.9967231750 7.1903586388
36.9520835876 18.9195861816 7.5695786476
36.8983573914 18.8685493469 7.8022384644
36.9659919739 18.9018173218 7.9867944717
36.1960220337 23.2594394684 8.1049413681
37.0440711975 18.9402885437 8.1057872772
38.3948822021 18.5032634735 8.5784978867
36.9393196106 18.5561962128 8.6169109344
37.0514678955 18.2123622894 8.7498836517
37.0100898743 18.5904197693 8.7702064514
37.0005989075 18.5510501862 8.7715005875
35.9053230286 23.1180057526 8.9071502686
36.9142951965 18.5165615082 8.9395713806
36.1782073975 23.4467124939 9.0490131378
36.0947914124 23.2464885712 9.3007907867
35.7148208618 23.3517055511 9.3480615616
35.7246322632 23.3695888519 9.3746871948
35.9581260681 23.1574192047 9.5450334549
35.9131774902 23.1735839844 9.6497421265
35.8581809998 23.1436576843 9.7842302322
35.8679084778 23.0727138519 9.8068180084
36.0217285156 24.0375366211 9.9316139221
35.9211463928 23.1829681396 9.9411258698
35.6481971741 22.9331817627 10.4619321823
46.3966140747 -0.2652720213 -1.8410056829
46.4101676941 -0.7248232961 -1.8327052593
46.0899276733 -1.8767822981 -1.7911752462
46.1360626221 -2.0256226063 -1.7911665440
45.6202468872 -3.7568671703 -1.7338846922
45.4859886169 -3.5910398960 -1.7337628603
45.5014343262 -3.6695525646 -1.7298309803
45.4481544495 -3.8557553291 -1.7239136696
45.2309608459 -4.3004522324 -1.7066414356
45.6221122742 -2.6025335789 -1.6116248369
47.5115852356 -6.3437914848 -1.5965459347
47.3943176270 -6.2166357040 -1.5962432623
47.0167083740 -6.1499342918 -1.5824157000
46.4980392456 -6.1250977516 -1.5731642246
47.5818138123 -6.3062663078 -1.4484279156
47.1285057068 -6.1599845886 -1.4353659153
46.7816696167 -6.2347440720 -1.4217431545
46.6775474548 -6.5644783974 -1.4117764235
45.0911064148 -5.8444337845 -1.2368515730
46.4033432007 -2.1457808018 -1.2280540466
46.9917259216 -8.2385225296 -0.9409738779
46.1474456787 -1.7005882263 -0.5256321430
45.3079414368 -5.5186104774 -0.4492224753
